customer_id,Cluster_ID,Segment_Name,tenure,MonthlyCharges,TotalCharges,AverageMonthlySpend,ServiceCount,Churn,Churn_Binary
CUST-00001,1,New Low-Spend Basic Customers,1,29.85,29.85,29.85,1,No,0
CUST-00002,2,High-Spend At-Risk Onboarders,34,56.95,1889.5,55.5735294117647,3,No,0
CUST-00003,2,High-Spend At-Risk Onboarders,2,53.85,108.15,54.075,3,Yes,1
CUST-00004,3,Loyal Low-Spend Long-Termers,45,42.3,1840.75,40.90555555555556,3,No,0
CUST-00005,2,High-Spend At-Risk Onboarders,2,70.7,151.65,75.825,1,Yes,1
CUST-00006,2,High-Spend At-Risk Onboarders,8,99.65,820.5,102.5625,5,Yes,1
CUST-00007,2,High-Spend At-Risk Onboarders,22,89.1,1949.4,88.60909090909091,4,No,0
CUST-00008,1,New Low-Spend Basic Customers,10,29.75,301.9,30.189999999999998,1,No,0
CUST-00009,0,High-Value Long-Term Power Users,28,104.8,3046.05,108.78750000000001,6,Yes,1
CUST-00010,3,Loyal Low-Spend Long-Termers,62,56.15,3487.95,56.25725806451613,3,No,0
CUST-00011,1,New Low-Spend Basic Customers,13,49.95,587.45,45.18846153846154,2,No,0
CUST-00012,1,New Low-Spend Basic Customers,16,18.95,326.8,20.425,1,No,0
CUST-00013,0,High-Value Long-Term Power Users,58,100.35,5681.1,97.95,5,No,0
CUST-00014,0,High-Value Long-Term Power Users,49,103.7,5036.3,102.78163265306122,6,Yes,1
CUST-00015,0,High-Value Long-Term Power Users,25,105.5,2686.05,107.44200000000001,6,No,0
CUST-00016,0,High-Value Long-Term Power Users,69,113.25,7895.15,114.42246376811593,8,No,0
CUST-00017,3,Loyal Low-Spend Long-Termers,52,20.65,1022.95,19.672115384615385,1,No,0
CUST-00018,0,High-Value Long-Term Power Users,71,106.7,7382.25,103.97535211267606,6,No,0
CUST-00019,2,High-Spend At-Risk Onboarders,10,55.2,528.35,52.835,3,Yes,1
CUST-00020,2,High-Spend At-Risk Onboarders,21,90.05,1862.9,88.70952380952382,4,No,0
CUST-00021,1,New Low-Spend Basic Customers,1,39.65,39.65,39.65,2,Yes,1
CUST-00022,1,New Low-Spend Basic Customers,12,19.8,202.25,16.854166666666668,1,No,0
CUST-00023,1,New Low-Spend Basic Customers,1,20.15,20.15,20.15,1,Yes,1
CUST-00024,3,Loyal Low-Spend Long-Termers,58,59.9,3505.1,60.432758620689654,4,No,0
CUST-00025,3,Loyal Low-Spend Long-Termers,49,59.6,2970.3,60.61836734693878,4,No,0
CUST-00026,2,High-Spend At-Risk Onboarders,30,55.3,1530.6,51.019999999999996,3,No,0
CUST-00027,0,High-Value Long-Term Power Users,47,99.35,4749.15,101.04574468085106,5,Yes,1
CUST-00028,1,New Low-Spend Basic Customers,1,30.2,30.2,30.2,1,Yes,1
CUST-00029,0,High-Value Long-Term Power Users,72,90.25,6369.45,88.46458333333334,8,No,0
CUST-00030,2,High-Spend At-Risk Onboarders,17,64.7,1093.1,64.3,3,Yes,1
CUST-00031,0,High-Value Long-Term Power Users,71,96.35,6766.95,95.30915492957746,6,No,0
CUST-00032,2,High-Spend At-Risk Onboarders,2,95.5,181.65,90.825,4,No,0
CUST-00033,2,High-Spend At-Risk Onboarders,27,66.15,1874.45,69.42407407407407,5,No,0
CUST-00034,1,New Low-Spend Basic Customers,1,20.2,20.2,20.2,1,No,0
CUST-00035,1,New Low-Spend Basic Customers,1,45.25,45.25,45.25,1,No,0
CUST-00036,0,High-Value Long-Term Power Users,72,99.9,7251.7,100.71805555555555,6,No,0
CUST-00037,2,High-Spend At-Risk Onboarders,5,69.7,316.9,63.379999999999995,1,Yes,1
CUST-00038,2,High-Spend At-Risk Onboarders,46,74.8,3548.3,77.13695652173914,2,No,0
CUST-00039,0,High-Value Long-Term Power Users,34,106.35,3549.25,104.38970588235294,6,Yes,1
CUST-00040,2,High-Spend At-Risk Onboarders,11,97.85,1105.4,100.4909090909091,5,Yes,1
CUST-00041,1,New Low-Spend Basic Customers,10,49.55,475.7,47.57,2,No,0
CUST-00042,0,High-Value Long-Term Power Users,70,69.2,4872.35,69.605,5,No,0
CUST-00043,1,New Low-Spend Basic Customers,17,20.75,418.25,24.602941176470587,1,No,0
CUST-00044,0,High-Value Long-Term Power Users,63,79.85,4861.45,77.16587301587302,7,No,0
CUST-00045,2,High-Spend At-Risk Onboarders,13,76.2,981.45,75.49615384615385,6,No,0
CUST-00046,0,High-Value Long-Term Power Users,49,84.5,3906.7,79.72857142857143,3,No,0
CUST-00047,1,New Low-Spend Basic Customers,2,49.25,97.0,48.5,2,No,0
CUST-00048,2,High-Spend At-Risk Onboarders,2,80.65,144.15,72.075,2,Yes,1
CUST-00049,0,High-Value Long-Term Power Users,52,79.75,4217.8,81.11153846153846,6,No,0
CUST-00050,0,High-Value Long-Term Power Users,69,64.15,4254.1,61.6536231884058,5,No,0
CUST-00051,0,High-Value Long-Term Power Users,43,90.25,3838.75,89.27325581395348,4,No,0
CUST-00052,2,High-Spend At-Risk Onboarders,15,99.1,1426.4,95.09333333333333,5,Yes,1
CUST-00053,2,High-Spend At-Risk Onboarders,25,69.5,1752.65,70.10600000000001,5,No,0
CUST-00054,2,High-Spend At-Risk Onboarders,8,80.65,633.3,79.1625,3,Yes,1
CUST-00055,0,High-Value Long-Term Power Users,60,74.85,4456.35,74.27250000000001,6,No,0
CUST-00056,2,High-Spend At-Risk Onboarders,18,95.45,1752.55,97.36388888888888,4,Yes,1
CUST-00057,0,High-Value Long-Term Power Users,63,99.65,6311.2,100.17777777777778,5,No,0
CUST-00058,0,High-Value Long-Term Power Users,66,108.45,7076.35,107.21742424242424,7,No,0
CUST-00059,3,Loyal Low-Spend Long-Termers,34,24.95,894.3,26.302941176470586,2,No,0
CUST-00060,0,High-Value Long-Term Power Users,72,107.5,7853.7,109.07916666666667,6,No,0
CUST-00061,0,High-Value Long-Term Power Users,47,100.5,4707.1,100.15106382978725,5,No,0
CUST-00062,0,High-Value Long-Term Power Users,60,89.9,5450.7,90.845,4,No,0
CUST-00063,3,Loyal Low-Spend Long-Termers,72,42.1,2962.0,41.138888888888886,3,No,0
CUST-00064,2,High-Spend At-Risk Onboarders,18,54.4,957.1,53.172222222222224,3,No,0
CUST-00065,2,High-Spend At-Risk Onboarders,9,94.4,857.25,95.25,4,Yes,1
CUST-00066,2,High-Spend At-Risk Onboarders,3,75.3,244.1,81.36666666666666,5,No,0
CUST-00067,2,High-Spend At-Risk Onboarders,47,78.9,3650.35,77.66702127659575,3,No,0
CUST-00068,2,High-Spend At-Risk Onboarders,31,79.2,2497.2,80.55483870967741,6,No,0
CUST-00069,3,Loyal Low-Spend Long-Termers,50,20.15,930.9,18.618,1,No,0
CUST-00070,2,High-Spend At-Risk Onboarders,10,79.85,887.35,88.735,3,No,0
CUST-00071,1,New Low-Spend Basic Customers,1,49.05,49.05,49.05,2,No,0
CUST-00072,3,Loyal Low-Spend Long-Termers,52,20.4,1090.65,20.974038461538463,1,No,0
CUST-00073,0,High-Value Long-Term Power Users,64,111.6,7099.0,110.921875,7,No,0
CUST-00074,3,Loyal Low-Spend Long-Termers,62,24.25,1424.6,22.97741935483871,2,No,0
CUST-00075,2,High-Spend At-Risk Onboarders,3,64.5,177.4,59.13333333333333,4,No,0
CUST-00076,0,High-Value Long-Term Power Users,56,110.5,6139.5,109.63392857142857,7,No,0
CUST-00077,3,Loyal Low-Spend Long-Termers,46,55.65,2688.85,58.45326086956521,2,No,0
CUST-00078,2,High-Spend At-Risk Onboarders,8,54.65,482.25,60.28125,3,No,0
CUST-00079,2,High-Spend At-Risk Onboarders,30,74.75,2111.3,70.37666666666668,5,No,0
CUST-00080,3,Loyal Low-Spend Long-Termers,45,25.9,1216.6,27.035555555555554,2,No,0
CUST-00081,2,High-Spend At-Risk Onboarders,1,79.35,79.35,79.35,2,Yes,1
CUST-00082,1,New Low-Spend Basic Customers,11,50.55,565.35,51.39545454545455,3,No,0
CUST-00083,2,High-Spend At-Risk Onboarders,7,75.15,496.9,70.98571428571428,2,Yes,1
CUST-00084,0,High-Value Long-Term Power Users,42,103.8,4327.5,103.03571428571429,6,No,0
CUST-00085,3,Loyal Low-Spend Long-Termers,49,20.15,973.35,19.864285714285714,1,No,0
CUST-00086,2,High-Spend At-Risk Onboarders,9,99.3,918.75,102.08333333333333,5,No,0
CUST-00087,2,High-Spend At-Risk Onboarders,35,62.15,2215.45,63.29857142857142,3,No,0
CUST-00088,3,Loyal Low-Spend Long-Termers,48,20.65,1057.0,22.020833333333332,1,No,0
CUST-00089,3,Loyal Low-Spend Long-Termers,46,19.95,927.1,20.15434782608696,1,No,0
CUST-00090,1,New Low-Spend Basic Customers,29,33.75,1009.25,34.80172413793103,1,No,0
CUST-00091,2,High-Spend At-Risk Onboarders,30,82.05,2570.2,85.67333333333333,3,No,0
CUST-00092,2,High-Spend At-Risk Onboarders,1,74.7,74.7,74.7,2,No,0
CUST-00093,0,High-Value Long-Term Power Users,66,84.0,5714.25,86.57954545454545,7,No,0
CUST-00094,0,High-Value Long-Term Power Users,65,111.05,7107.0,109.33846153846154,7,No,0
CUST-00095,0,High-Value Long-Term Power Users,72,100.9,7459.05,103.59791666666666,6,No,0
CUST-00096,2,High-Spend At-Risk Onboarders,12,78.95,927.35,77.27916666666667,3,Yes,1
CUST-00097,0,High-Value Long-Term Power Users,71,66.85,4748.7,66.8830985915493,5,No,0
CUST-00098,1,New Low-Spend Basic Customers,5,21.05,113.85,22.77,1,Yes,1
CUST-00099,3,Loyal Low-Spend Long-Termers,52,21.0,1107.2,21.292307692307695,1,No,0
CUST-00100,2,High-Spend At-Risk Onboarders,25,98.5,2514.5,100.58,5,Yes,1
CUST-00101,1,New Low-Spend Basic Customers,1,20.2,20.2,20.2,1,No,0
CUST-00102,1,New Low-Spend Basic Customers,1,19.45,19.45,19.45,1,No,0
CUST-00103,0,High-Value Long-Term Power Users,38,95.0,3605.6,94.88421052631578,5,No,0
CUST-00104,3,Loyal Low-Spend Long-Termers,66,45.55,3027.25,45.86742424242424,3,No,0
CUST-00105,0,High-Value Long-Term Power Users,68,110.0,7611.85,111.93897058823529,7,Yes,1
CUST-00106,1,New Low-Spend Basic Customers,5,24.3,100.2,20.04,0,No,0
CUST-00107,0,High-Value Long-Term Power Users,72,104.15,7303.05,101.43125,6,No,0
CUST-00108,1,New Low-Spend Basic Customers,32,30.15,927.65,28.9890625,1,No,0
CUST-00109,0,High-Value Long-Term Power Users,43,94.35,3921.3,91.19302325581396,4,No,0
CUST-00110,3,Loyal Low-Spend Long-Termers,72,19.4,1363.25,18.93402777777778,1,No,0
CUST-00111,0,High-Value Long-Term Power Users,55,96.75,5238.9,95.25272727272727,5,Yes,1
CUST-00112,3,Loyal Low-Spend Long-Termers,52,57.95,3042.25,58.50480769230769,4,No,0
CUST-00113,0,High-Value Long-Term Power Users,43,91.65,3954.1,91.95581395348837,4,No,0
CUST-00114,2,High-Spend At-Risk Onboarders,37,76.5,2868.15,77.51756756756757,2,Yes,1
CUST-00115,3,Loyal Low-Spend Long-Termers,64,54.6,3423.5,53.4921875,4,No,0
CUST-00116,2,High-Spend At-Risk Onboarders,3,89.85,248.4,82.8,4,No,0
CUST-00117,3,Loyal Low-Spend Long-Termers,36,31.05,1126.35,31.287499999999998,1,No,0
CUST-00118,2,High-Spend At-Risk Onboarders,10,100.25,1064.65,106.465,5,Yes,1
CUST-00119,3,Loyal Low-Spend Long-Termers,41,20.65,835.15,20.36951219512195,1,No,0
CUST-00120,2,High-Spend At-Risk Onboarders,27,85.2,2151.6,79.68888888888888,4,No,0
CUST-00121,0,High-Value Long-Term Power Users,56,99.8,5515.45,98.49017857142857,5,No,0
CUST-00122,1,New Low-Spend Basic Customers,6,20.7,112.75,18.791666666666668,1,No,0
CUST-00123,2,High-Spend At-Risk Onboarders,3,74.4,229.55,76.51666666666667,2,Yes,1
CUST-00124,1,New Low-Spend Basic Customers,7,50.7,350.35,50.050000000000004,2,No,0
CUST-00125,1,New Low-Spend Basic Customers,4,20.85,62.9,15.725,1,No,0
CUST-00126,2,High-Spend At-Risk Onboarders,33,88.95,3027.65,91.7469696969697,4,No,0
CUST-00127,2,High-Spend At-Risk Onboarders,27,78.05,2135.5,79.0925925925926,3,Yes,1
CUST-00128,3,Loyal Low-Spend Long-Termers,72,23.55,1723.95,23.94375,2,No,0
CUST-00129,1,New Low-Spend Basic Customers,1,19.75,19.75,19.75,1,No,0
CUST-00130,3,Loyal Low-Spend Long-Termers,71,56.45,3985.35,56.131690140845066,4,No,0
CUST-00131,2,High-Spend At-Risk Onboarders,13,85.95,1215.65,93.51153846153846,3,No,0
CUST-00132,2,High-Spend At-Risk Onboarders,25,58.6,1502.65,60.106,5,Yes,1
CUST-00133,3,Loyal Low-Spend Long-Termers,67,50.55,3260.1,48.65820895522388,2,No,0
CUST-00134,1,New Low-Spend Basic Customers,1,35.45,35.45,35.45,1,Yes,1
CUST-00135,1,New Low-Spend Basic Customers,2,44.35,81.25,40.625,1,Yes,1
CUST-00136,3,Loyal Low-Spend Long-Termers,43,25.7,1188.2,27.632558139534886,2,No,0
CUST-00137,2,High-Spend At-Risk Onboarders,23,75.0,1778.5,77.32608695652173,2,No,0
CUST-00138,3,Loyal Low-Spend Long-Termers,64,20.2,1277.75,19.96484375,1,No,0
CUST-00139,3,Loyal Low-Spend Long-Termers,57,19.6,1170.55,20.5359649122807,1,No,0
CUST-00140,2,High-Spend At-Risk Onboarders,1,70.45,70.45,70.45,1,Yes,1
CUST-00141,0,High-Value Long-Term Power Users,72,88.05,6425.65,89.24513888888889,8,No,0
CUST-00142,2,High-Spend At-Risk Onboarders,8,71.15,563.65,70.45625,5,Yes,1
CUST-00143,0,High-Value Long-Term Power Users,61,101.05,5971.25,97.88934426229508,5,No,0
CUST-00144,0,High-Value Long-Term Power Users,64,84.3,5289.05,82.64140625,4,No,0
CUST-00145,3,Loyal Low-Spend Long-Termers,71,23.95,1756.2,24.735211267605635,2,No,0
CUST-00146,0,High-Value Long-Term Power Users,65,99.05,6416.7,98.71846153846154,6,No,0
CUST-00147,1,New Low-Spend Basic Customers,3,19.6,61.35,20.45,1,No,0
CUST-00148,1,New Low-Spend Basic Customers,1,45.65,45.65,45.65,1,Yes,1
CUST-00149,2,High-Spend At-Risk Onboarders,30,64.5,1929.95,64.33166666666666,4,No,0
CUST-00150,2,High-Spend At-Risk Onboarders,15,69.5,1071.4,71.42666666666668,5,No,0
CUST-00151,2,High-Spend At-Risk Onboarders,8,68.55,564.35,70.54375,4,No,0
CUST-00152,2,High-Spend At-Risk Onboarders,7,95.0,655.5,93.64285714285714,4,Yes,1
CUST-00153,0,High-Value Long-Term Power Users,70,108.15,7930.55,113.29357142857143,7,No,0
CUST-00154,0,High-Value Long-Term Power Users,62,86.1,5215.25,84.11693548387096,7,No,0
CUST-00155,1,New Low-Spend Basic Customers,6,19.7,113.5,18.916666666666668,1,No,0
CUST-00156,2,High-Spend At-Risk Onboarders,14,80.9,1152.8,82.34285714285714,2,No,0
CUST-00157,2,High-Spend At-Risk Onboarders,22,84.15,1821.95,82.81590909090909,3,No,0
CUST-00158,1,New Low-Spend Basic Customers,22,20.15,419.9,19.086363636363636,1,No,0
CUST-00159,2,High-Spend At-Risk Onboarders,16,64.25,1024.0,64.0,4,No,0
CUST-00160,1,New Low-Spend Basic Customers,10,25.7,251.6,25.16,2,No,0
CUST-00161,2,High-Spend At-Risk Onboarders,13,56.0,764.55,58.81153846153846,3,No,0
CUST-00162,2,High-Spend At-Risk Onboarders,20,82.4,1592.35,79.61749999999999,3,Yes,1
CUST-00163,2,High-Spend At-Risk Onboarders,2,69.7,135.2,67.6,1,No,0
CUST-00164,0,High-Value Long-Term Power Users,53,73.9,3958.25,74.68396226415095,6,No,0
CUST-00165,1,New Low-Spend Basic Customers,11,20.6,233.9,21.263636363636365,1,No,0
CUST-00166,3,Loyal Low-Spend Long-Termers,69,19.9,1363.45,19.76014492753623,1,No,0
CUST-00167,2,High-Spend At-Risk Onboarders,4,70.9,273.0,68.25,1,Yes,1
CUST-00168,0,High-Value Long-Term Power Users,72,89.05,6254.45,86.86736111111111,8,No,0
CUST-00169,3,Loyal Low-Spend Long-Termers,58,45.3,2651.2,45.710344827586205,3,Yes,1
CUST-00170,1,New Low-Spend Basic Customers,16,20.4,321.4,20.0875,1,No,0
CUST-00171,0,High-Value Long-Term Power Users,43,84.25,3539.25,82.30813953488372,4,No,0
CUST-00172,2,High-Spend At-Risk Onboarders,2,104.4,242.8,121.4,6,Yes,1
CUST-00173,2,High-Spend At-Risk Onboarders,14,81.95,1181.75,84.41071428571429,6,No,0
CUST-00174,0,High-Value Long-Term Power Users,53,94.85,5000.2,94.3433962264151,4,Yes,1
CUST-00175,1,New Low-Spend Basic Customers,32,20.55,654.55,20.4546875,1,No,0
CUST-00176,3,Loyal Low-Spend Long-Termers,34,24.7,780.2,22.947058823529414,2,No,0
CUST-00177,2,High-Spend At-Risk Onboarders,15,74.45,1145.7,76.38000000000001,2,Yes,1
CUST-00178,2,High-Spend At-Risk Onboarders,7,76.45,503.6,71.94285714285715,2,Yes,1
CUST-00179,2,High-Spend At-Risk Onboarders,15,105.35,1559.25,103.95,6,No,0
CUST-00180,3,Loyal Low-Spend Long-Termers,61,20.55,1252.0,20.524590163934427,1,No,0
CUST-00181,1,New Low-Spend Basic Customers,1,29.95,29.95,29.95,1,Yes,1
CUST-00182,1,New Low-Spend Basic Customers,1,45.3,45.3,45.3,1,No,0
CUST-00183,2,High-Spend At-Risk Onboarders,8,84.5,662.65,82.83125,3,Yes,1
CUST-00184,2,High-Spend At-Risk Onboarders,33,74.75,2453.3,74.34242424242424,5,No,0
CUST-00185,2,High-Spend At-Risk Onboarders,13,79.25,1111.65,85.51153846153846,3,Yes,1
CUST-00186,1,New Low-Spend Basic Customers,1,24.8,24.8,24.8,0,Yes,1
CUST-00187,1,New Low-Spend Basic Customers,20,51.8,1023.85,51.1925,2,No,0
CUST-00188,1,New Low-Spend Basic Customers,3,30.4,82.15,27.383333333333336,1,No,0
CUST-00189,1,New Low-Spend Basic Customers,13,19.65,244.8,18.83076923076923,1,No,0
CUST-00190,3,Loyal Low-Spend Long-Termers,40,56.6,2379.1,59.4775,3,No,0
CUST-00191,0,High-Value Long-Term Power Users,43,71.9,3173.35,73.79883720930232,5,No,0
CUST-00192,2,High-Spend At-Risk Onboarders,6,91.0,531.0,88.5,4,Yes,1
CUST-00193,3,Loyal Low-Spend Long-Termers,69,19.75,1375.4,19.933333333333334,1,No,0
CUST-00194,0,High-Value Long-Term Power Users,72,109.7,8129.3,112.90694444444445,7,No,0
CUST-00195,3,Loyal Low-Spend Long-Termers,59,19.3,1192.7,20.215254237288136,1,No,0
CUST-00196,2,High-Spend At-Risk Onboarders,20,96.55,1901.65,95.08250000000001,5,No,0
CUST-00197,1,New Low-Spend Basic Customers,24,24.1,587.4,24.474999999999998,2,No,0
CUST-00198,0,High-Value Long-Term Power Users,59,111.35,6519.75,110.5042372881356,7,No,0
CUST-00199,0,High-Value Long-Term Power Users,72,112.25,8041.65,111.68958333333333,7,No,0
CUST-00200,1,New Low-Spend Basic Customers,1,20.75,20.75,20.75,1,No,0
CUST-00201,2,High-Spend At-Risk Onboarders,27,101.9,2681.15,99.30185185185185,5,No,0
CUST-00202,2,High-Spend At-Risk Onboarders,14,80.05,1112.3,79.45,3,No,0
CUST-00203,0,High-Value Long-Term Power Users,71,105.55,7405.5,104.30281690140845,6,No,0
CUST-00204,2,High-Spend At-Risk Onboarders,13,78.3,1033.95,79.53461538461539,2,No,0
CUST-00205,2,High-Spend At-Risk Onboarders,44,68.85,2958.95,67.24886363636364,1,No,0
CUST-00206,2,High-Spend At-Risk Onboarders,33,79.95,2684.85,81.35909090909091,3,No,0
CUST-00207,0,High-Value Long-Term Power Users,72,55.45,4179.2,58.044444444444444,5,No,0
CUST-00208,2,High-Spend At-Risk Onboarders,1,79.9,79.9,79.9,2,Yes,1
CUST-00209,2,High-Spend At-Risk Onboarders,19,106.6,1934.45,101.81315789473685,6,Yes,1
CUST-00210,0,High-Value Long-Term Power Users,64,102.45,6654.1,103.9703125,6,No,0
CUST-00211,1,New Low-Spend Basic Customers,2,46.0,84.5,42.25,1,Yes,1
CUST-00212,1,New Low-Spend Basic Customers,1,25.25,25.25,25.25,0,No,0
CUST-00213,3,Loyal Low-Spend Long-Termers,61,19.75,1124.2,18.42950819672131,1,No,0
CUST-00214,1,New Low-Spend Basic Customers,29,20.0,540.05,18.622413793103448,1,No,0
CUST-00215,2,High-Spend At-Risk Onboarders,23,86.8,1975.85,85.90652173913043,3,No,0
CUST-00216,0,High-Value Long-Term Power Users,57,58.75,3437.45,60.30614035087719,5,No,0
CUST-00217,3,Loyal Low-Spend Long-Termers,72,45.25,3139.8,43.608333333333334,4,No,0
CUST-00218,0,High-Value Long-Term Power Users,66,56.6,3789.2,57.41212121212121,5,No,0
CUST-00219,0,High-Value Long-Term Power Users,65,84.2,5324.5,81.91538461538461,7,No,0
CUST-00220,2,High-Spend At-Risk Onboarders,8,80.0,624.6,78.075,2,No,0
CUST-00221,2,High-Spend At-Risk Onboarders,4,70.15,268.35,67.0875,1,Yes,1
CUST-00222,3,Loyal Low-Spend Long-Termers,71,24.75,1836.9,25.871830985915494,2,No,0
CUST-00223,1,New Low-Spend Basic Customers,1,20.2,20.2,20.2,1,No,0
CUST-00224,1,New Low-Spend Basic Customers,4,50.05,179.35,44.8375,2,Yes,1
CUST-00225,1,New Low-Spend Basic Customers,12,19.35,219.35,18.279166666666665,1,No,0
CUST-00226,2,High-Spend At-Risk Onboarders,24,50.6,1288.75,53.697916666666664,3,No,0
CUST-00227,2,High-Spend At-Risk Onboarders,31,81.15,2545.75,82.12096774193549,6,No,0
CUST-00228,1,New Low-Spend Basic Customers,1,55.2,55.2,55.2,2,Yes,1
CUST-00229,2,High-Spend At-Risk Onboarders,30,89.9,2723.15,90.77166666666668,4,No,0
CUST-00230,0,High-Value Long-Term Power Users,47,85.3,4107.25,87.38829787234043,7,No,0
CUST-00231,0,High-Value Long-Term Power Users,54,108.0,5760.65,106.6787037037037,7,No,0
CUST-00232,0,High-Value Long-Term Power Users,50,93.5,4747.5,94.95,5,No,0
CUST-00233,2,High-Spend At-Risk Onboarders,1,84.6,84.6,84.6,3,Yes,1
CUST-00234,3,Loyal Low-Spend Long-Termers,72,20.25,1566.9,21.762500000000003,1,No,0
CUST-00235,1,New Low-Spend Basic Customers,29,25.15,702.0,24.20689655172414,2,No,0
CUST-00236,2,High-Spend At-Risk Onboarders,2,54.4,114.1,57.05,3,Yes,1
CUST-00237,1,New Low-Spend Basic Customers,10,29.6,299.05,29.905,1,No,0
CUST-00238,2,High-Spend At-Risk Onboarders,18,73.15,1305.95,72.55277777777778,2,No,0
CUST-00239,2,High-Spend At-Risk Onboarders,11,95.0,1120.3,101.84545454545454,4,Yes,1
CUST-00240,1,New Low-Spend Basic Customers,16,19.75,284.35,17.771875,1,No,0
CUST-00241,0,High-Value Long-Term Power Users,72,86.6,6350.5,88.20138888888889,7,No,0
CUST-00242,0,High-Value Long-Term Power Users,72,109.2,7878.3,109.42083333333333,7,No,0
CUST-00243,0,High-Value Long-Term Power Users,41,74.7,3187.65,77.74756097560976,5,No,0
CUST-00244,0,High-Value Long-Term Power Users,65,94.4,6126.15,94.24846153846153,5,No,0
CUST-00245,2,High-Spend At-Risk Onboarders,13,54.8,731.3,56.25384615384615,3,No,0
CUST-00246,2,High-Spend At-Risk Onboarders,4,75.35,273.4,68.35,2,No,0
CUST-00247,2,High-Spend At-Risk Onboarders,41,65.0,2531.8,61.75121951219513,4,No,0
CUST-00248,2,High-Spend At-Risk Onboarders,15,74.4,1074.3,71.61999999999999,2,Yes,1
CUST-00249,1,New Low-Spend Basic Customers,1,48.55,48.55,48.55,2,Yes,1
CUST-00250,0,High-Value Long-Term Power Users,42,99.0,4298.45,102.34404761904761,6,No,0
CUST-00251,0,High-Value Long-Term Power Users,51,93.5,4619.55,90.57941176470588,5,No,0
CUST-00252,2,High-Spend At-Risk Onboarders,2,70.4,147.15,73.575,1,Yes,1
CUST-00253,1,New Low-Spend Basic Customers,1,40.2,40.2,40.2,2,Yes,1
CUST-00254,0,High-Value Long-Term Power Users,32,83.7,2633.3,82.290625,7,No,0
CUST-00255,1,New Low-Spend Basic Customers,10,19.85,193.05,19.305,1,No,0
CUST-00256,0,High-Value Long-Term Power Users,67,59.55,4103.9,61.252238805970144,5,No,0
CUST-00257,0,High-Value Long-Term Power Users,61,115.1,7008.15,114.88770491803278,8,No,0
CUST-00258,0,High-Value Long-Term Power Users,50,114.35,5791.1,115.822,8,No,0
CUST-00259,1,New Low-Spend Basic Customers,2,44.6,80.55,40.275,1,Yes,1
CUST-00260,3,Loyal Low-Spend Long-Termers,29,45.0,1228.65,42.36724137931035,3,No,0
CUST-00261,1,New Low-Spend Basic Customers,3,41.15,132.2,44.06666666666666,2,Yes,1
CUST-00262,2,High-Spend At-Risk Onboarders,13,106.9,1364.3,104.94615384615385,6,Yes,1
CUST-00263,0,High-Value Long-Term Power Users,57,89.85,4925.35,86.40964912280702,4,No,0
CUST-00264,2,High-Spend At-Risk Onboarders,31,49.85,1520.1,49.03548387096774,4,No,0
CUST-00265,0,High-Value Long-Term Power Users,45,113.3,5032.25,111.82777777777778,8,No,0
CUST-00266,0,High-Value Long-Term Power Users,61,88.1,5526.75,90.60245901639344,8,No,0
CUST-00267,3,Loyal Low-Spend Long-Termers,50,24.9,1195.25,23.905,2,No,0
CUST-00268,2,High-Spend At-Risk Onboarders,19,105.0,2007.25,105.64473684210526,6,No,0
CUST-00269,3,Loyal Low-Spend Long-Termers,59,19.35,1099.6,18.63728813559322,1,Yes,1
CUST-00270,3,Loyal Low-Spend Long-Termers,71,24.25,1732.95,24.40774647887324,2,No,0
CUST-00271,2,High-Spend At-Risk Onboarders,16,94.45,1511.2,94.45,4,Yes,1
CUST-00272,3,Loyal Low-Spend Long-Termers,57,59.75,3450.15,60.52894736842106,4,No,0
CUST-00273,1,New Low-Spend Basic Customers,1,24.8,24.8,24.8,0,Yes,1
CUST-00274,2,High-Spend At-Risk Onboarders,20,107.05,2172.05,108.6025,6,No,0
CUST-00275,2,High-Spend At-Risk Onboarders,1,70.6,70.6,70.6,1,Yes,1
CUST-00276,2,High-Spend At-Risk Onboarders,5,85.4,401.1,80.22,4,Yes,1
CUST-00277,0,High-Value Long-Term Power Users,52,105.05,5624.85,108.17019230769232,6,Yes,1
CUST-00278,2,High-Spend At-Risk Onboarders,21,64.95,1339.8,63.8,4,No,0
CUST-00279,2,High-Spend At-Risk Onboarders,14,55.0,771.95,55.13928571428572,4,No,0
CUST-00280,1,New Low-Spend Basic Customers,5,50.55,244.75,48.95,2,No,0
CUST-00281,2,High-Spend At-Risk Onboarders,6,55.15,322.9,53.81666666666666,3,No,0
CUST-00282,1,New Low-Spend Basic Customers,10,51.2,498.25,49.825,2,No,0
CUST-00283,1,New Low-Spend Basic Customers,1,25.4,25.4,25.4,2,No,0
CUST-00284,3,Loyal Low-Spend Long-Termers,68,54.45,3687.75,54.231617647058826,3,No,0
CUST-00285,2,High-Spend At-Risk Onboarders,18,95.15,1779.95,98.88611111111112,4,Yes,1
CUST-00286,2,High-Spend At-Risk Onboarders,22,76.0,1783.6,81.07272727272726,2,No,0
CUST-00287,1,New Low-Spend Basic Customers,20,44.35,927.15,46.3575,1,No,0
CUST-00288,2,High-Spend At-Risk Onboarders,1,70.0,70.0,70.0,1,Yes,1
CUST-00289,2,High-Spend At-Risk Onboarders,8,74.5,606.55,75.81875,2,Yes,1
CUST-00290,1,New Low-Spend Basic Customers,10,44.85,435.4,43.54,1,Yes,1
CUST-00291,2,High-Spend At-Risk Onboarders,24,76.1,1712.7,71.3625,2,Yes,1
CUST-00292,2,High-Spend At-Risk Onboarders,35,61.2,2021.2,57.74857142857143,4,No,0
CUST-00293,2,High-Spend At-Risk Onboarders,23,86.8,1940.8,84.38260869565217,4,No,0
CUST-00294,2,High-Spend At-Risk Onboarders,6,89.35,567.8,94.63333333333333,3,No,0
CUST-00295,1,New Low-Spend Basic Customers,12,19.7,220.35,18.3625,1,No,0
CUST-00296,1,New Low-Spend Basic Customers,1,20.25,20.25,20.25,1,No,0
CUST-00297,0,High-Value Long-Term Power Users,71,76.05,5436.45,76.56971830985916,2,No,0
CUST-00298,0,High-Value Long-Term Power Users,35,100.8,3437.5,98.21428571428571,5,No,0
CUST-00299,2,High-Spend At-Risk Onboarders,40,74.55,3015.75,75.39375,5,No,0
CUST-00300,2,High-Spend At-Risk Onboarders,1,73.6,73.6,73.6,2,Yes,1
CUST-00301,2,High-Spend At-Risk Onboarders,23,64.9,1509.8,65.64347826086956,3,No,0
CUST-00302,2,High-Spend At-Risk Onboarders,4,95.45,396.1,99.025,4,Yes,1
CUST-00303,2,High-Spend At-Risk Onboarders,4,90.4,356.65,89.1625,4,No,0
CUST-00304,0,High-Value Long-Term Power Users,68,60.3,4109.0,60.4264705882353,5,No,0
CUST-00305,2,High-Spend At-Risk Onboarders,38,81.85,3141.7,82.67631578947368,3,No,0
CUST-00306,3,Loyal Low-Spend Long-Termers,52,24.8,1229.1,23.63653846153846,2,No,0
CUST-00307,2,High-Spend At-Risk Onboarders,32,74.9,2303.35,71.9796875,2,Yes,1
CUST-00308,2,High-Spend At-Risk Onboarders,29,75.55,2054.4,70.84137931034483,5,No,0
CUST-00309,0,High-Value Long-Term Power Users,38,101.15,3741.85,98.46973684210526,5,No,0
CUST-00310,0,High-Value Long-Term Power Users,48,78.75,3682.45,76.71770833333333,6,No,0
CUST-00311,1,New Low-Spend Basic Customers,1,19.25,19.25,19.25,1,No,0
CUST-00312,2,High-Spend At-Risk Onboarders,22,89.05,1886.25,85.73863636363636,4,No,0
CUST-00313,0,High-Value Long-Term Power Users,43,115.05,4895.1,113.83953488372094,8,No,0
CUST-00314,2,High-Spend At-Risk Onboarders,5,69.35,341.6,68.32000000000001,1,No,0
CUST-00315,2,High-Spend At-Risk Onboarders,5,80.6,415.55,83.11,2,Yes,1
CUST-00316,0,High-Value Long-Term Power Users,51,110.05,5686.4,111.49803921568626,7,No,0
CUST-00317,3,Loyal Low-Spend Long-Termers,71,19.9,1355.1,19.085915492957746,1,No,0
CUST-00318,0,High-Value Long-Term Power Users,38,80.3,3058.65,80.49078947368422,6,Yes,1
CUST-00319,2,High-Spend At-Risk Onboarders,24,93.15,2231.05,92.96041666666667,4,Yes,1
CUST-00320,2,High-Spend At-Risk Onboarders,35,91.5,3236.35,92.46714285714286,4,No,0
CUST-00321,0,High-Value Long-Term Power Users,54,82.45,4350.1,80.55740740740741,7,Yes,1
CUST-00322,0,High-Value Long-Term Power Users,72,60.0,4264.0,59.22222222222222,5,No,0
CUST-00323,1,New Low-Spend Basic Customers,1,44.8,44.8,44.8,1,No,0
CUST-00324,1,New Low-Spend Basic Customers,9,48.6,422.3,46.922222222222224,2,No,0
CUST-00325,0,High-Value Long-Term Power Users,69,60.05,4176.7,60.53188405797101,5,No,0
CUST-00326,0,High-Value Long-Term Power Users,52,102.7,5138.1,98.8096153846154,6,No,0
CUST-00327,2,High-Spend At-Risk Onboarders,11,82.9,880.05,80.00454545454545,3,No,0
CUST-00328,2,High-Spend At-Risk Onboarders,2,70.35,139.05,69.525,1,Yes,1
CUST-00329,1,New Low-Spend Basic Customers,28,35.9,973.65,34.77321428571428,1,No,0
CUST-00330,2,High-Spend At-Risk Onboarders,17,82.65,1470.05,86.4735294117647,3,No,0
CUST-00331,1,New Low-Spend Basic Customers,35,19.85,739.35,21.124285714285715,1,No,0
CUST-00332,1,New Low-Spend Basic Customers,8,19.2,161.95,20.24375,1,No,0
CUST-00333,0,High-Value Long-Term Power Users,46,94.9,4422.95,96.15108695652174,5,No,0
CUST-00334,2,High-Spend At-Risk Onboarders,7,73.85,511.25,73.03571428571429,2,Yes,1
CUST-00335,2,High-Spend At-Risk Onboarders,2,80.6,155.8,77.9,3,Yes,1
CUST-00336,0,High-Value Long-Term Power Users,68,75.8,5293.95,77.85220588235293,6,Yes,1
CUST-00337,0,High-Value Long-Term Power Users,43,104.6,4759.85,110.69418604651163,6,Yes,1
CUST-00338,0,High-Value Long-Term Power Users,68,88.15,6148.45,90.41838235294118,8,No,0
CUST-00339,0,High-Value Long-Term Power Users,36,94.8,3565.65,99.04583333333333,4,No,0
CUST-00340,0,High-Value Long-Term Power Users,63,103.4,6603.0,104.80952380952381,6,Yes,1
CUST-00341,2,High-Spend At-Risk Onboarders,32,54.65,1830.1,57.190625,3,No,0
CUST-00342,0,High-Value Long-Term Power Users,71,85.75,6223.8,87.65915492957747,8,No,0
CUST-00343,0,High-Value Long-Term Power Users,66,67.45,4508.65,68.31287878787879,5,No,0
CUST-00344,3,Loyal Low-Spend Long-Termers,63,20.5,1328.15,21.081746031746032,1,No,0
CUST-00345,3,Loyal Low-Spend Long-Termers,41,20.25,865.0,21.097560975609756,1,No,0
CUST-00346,2,High-Spend At-Risk Onboarders,1,72.1,72.1,72.1,2,No,0
CUST-00347,2,High-Spend At-Risk Onboarders,2,90.4,168.2,84.1,3,Yes,1
CUST-00348,3,Loyal Low-Spend Long-Termers,70,19.45,1303.5,18.62142857142857,1,No,0
CUST-00349,1,New Low-Spend Basic Customers,23,44.95,996.85,43.34130434782609,2,No,0
CUST-00350,0,High-Value Long-Term Power Users,64,97.0,6430.9,100.4828125,5,No,0
CUST-00351,2,High-Spend At-Risk Onboarders,37,62.8,2278.75,61.58783783783784,5,No,0
CUST-00352,1,New Low-Spend Basic Customers,17,44.6,681.4,40.08235294117647,1,No,0
CUST-00353,2,High-Spend At-Risk Onboarders,7,89.15,574.35,82.05,3,No,0
CUST-00354,2,High-Spend At-Risk Onboarders,4,84.8,371.9,92.975,4,Yes,1
CUST-00355,1,New Low-Spend Basic Customers,21,41.9,840.1,40.00476190476191,2,Yes,1
CUST-00356,2,High-Spend At-Risk Onboarders,10,80.25,846.0,84.6,2,Yes,1
CUST-00357,2,High-Spend At-Risk Onboarders,16,54.1,889.0,55.5625,3,No,0
CUST-00358,0,High-Value Long-Term Power Users,64,105.25,6823.4,106.615625,6,No,0
CUST-00359,1,New Low-Spend Basic Customers,27,30.75,805.1,29.81851851851852,1,Yes,1
CUST-00360,0,High-Value Long-Term Power Users,42,97.1,4016.75,95.63690476190476,5,No,0
CUST-00361,1,New Low-Spend Basic Customers,5,20.2,83.75,16.75,1,No,0
CUST-00362,0,High-Value Long-Term Power Users,41,98.8,3959.15,96.56463414634146,5,No,0
CUST-00363,3,Loyal Low-Spend Long-Termers,58,50.3,2878.55,49.630172413793105,2,No,0
CUST-00364,3,Loyal Low-Spend Long-Termers,47,20.55,945.7,20.121276595744682,1,No,0
CUST-00365,2,High-Spend At-Risk Onboarders,18,75.9,1373.05,76.28055555555555,2,No,0
CUST-00366,2,High-Spend At-Risk Onboarders,5,96.5,492.55,98.51,4,Yes,1
CUST-00367,2,High-Spend At-Risk Onboarders,23,59.95,1406.0,61.130434782608695,3,No,0
CUST-00368,1,New Low-Spend Basic Customers,1,19.15,19.15,19.15,1,No,0
CUST-00369,0,High-Value Long-Term Power Users,71,98.65,6962.85,98.06830985915494,5,No,0
CUST-00370,0,High-Value Long-Term Power Users,72,112.6,8126.65,112.87013888888889,8,No,0
CUST-00371,1,New Low-Spend Basic Customers,33,20.6,690.25,20.916666666666668,1,No,0
CUST-00372,2,High-Spend At-Risk Onboarders,2,85.65,181.5,90.75,3,Yes,1
CUST-00373,1,New Low-Spend Basic Customers,24,35.75,830.8,34.61666666666667,2,No,0
CUST-00374,0,High-Value Long-Term Power Users,56,99.75,5608.4,100.14999999999999,6,No,0
CUST-00375,0,High-Value Long-Term Power Users,37,96.1,3646.8,98.56216216216217,4,No,0
CUST-00376,0,High-Value Long-Term Power Users,43,85.1,3662.25,85.1686046511628,7,No,0
CUST-00377,1,New Low-Spend Basic Customers,1,25.35,25.35,25.35,0,No,0
CUST-00378,2,High-Spend At-Risk Onboarders,25,104.95,2566.5,102.66,6,Yes,1
CUST-00379,0,High-Value Long-Term Power Users,61,89.65,5308.7,87.02786885245901,8,No,0
CUST-00380,2,High-Spend At-Risk Onboarders,17,86.75,1410.25,82.95588235294117,4,No,0
CUST-00381,2,High-Spend At-Risk Onboarders,41,86.2,3339.05,81.44024390243902,4,No,0
CUST-00382,1,New Low-Spend Basic Customers,1,50.65,50.65,50.65,2,Yes,1
CUST-00383,0,High-Value Long-Term Power Users,72,64.8,4732.35,65.72708333333334,6,No,0
CUST-00384,2,High-Spend At-Risk Onboarders,1,90.85,90.85,90.85,4,Yes,1
CUST-00385,0,High-Value Long-Term Power Users,48,108.1,5067.45,105.57187499999999,6,No,0
CUST-00386,1,New Low-Spend Basic Customers,11,19.95,214.75,19.522727272727273,1,Yes,1
CUST-00387,0,High-Value Long-Term Power Users,55,85.45,4874.7,88.63090909090909,4,Yes,1
CUST-00388,2,High-Spend At-Risk Onboarders,42,54.75,2348.45,55.915476190476184,5,No,0
CUST-00389,0,High-Value Long-Term Power Users,44,90.4,4063.0,92.3409090909091,4,No,0
CUST-00390,1,New Low-Spend Basic Customers,1,44.0,44.0,44.0,1,No,0
CUST-00391,2,High-Spend At-Risk Onboarders,27,95.6,2595.25,96.12037037037037,4,No,0
CUST-00392,2,High-Spend At-Risk Onboarders,27,84.8,2309.55,85.53888888888889,7,No,0
CUST-00393,1,New Low-Spend Basic Customers,2,44.3,89.3,44.65,1,No,0
CUST-00394,1,New Low-Spend Basic Customers,19,19.9,367.55,19.344736842105263,1,No,0
CUST-00395,0,High-Value Long-Term Power Users,42,95.05,3944.5,93.91666666666667,4,No,0
CUST-00396,0,High-Value Long-Term Power Users,66,90.05,5965.95,90.39318181818182,8,No,0
CUST-00397,0,High-Value Long-Term Power Users,33,109.9,3694.7,111.96060606060605,7,No,0
CUST-00398,2,High-Spend At-Risk Onboarders,34,73.95,2524.45,74.24852941176471,2,Yes,1
CUST-00399,2,High-Spend At-Risk Onboarders,33,54.6,1803.7,54.657575757575756,4,No,0
CUST-00400,1,New Low-Spend Basic Customers,23,20.05,415.1,18.047826086956523,1,No,0
CUST-00401,1,New Low-Spend Basic Customers,32,19.75,624.15,19.5046875,1,No,0
CUST-00402,1,New Low-Spend Basic Customers,11,20.05,237.7,21.60909090909091,1,No,0
CUST-00403,0,High-Value Long-Term Power Users,69,99.45,7007.6,101.55942028985508,5,Yes,1
CUST-00404,3,Loyal Low-Spend Long-Termers,68,55.9,3848.8,56.6,3,No,0
CUST-00405,1,New Low-Spend Basic Customers,20,19.7,419.4,20.97,1,No,0
CUST-00406,3,Loyal Low-Spend Long-Termers,72,19.8,1468.75,20.399305555555557,1,No,0
CUST-00407,0,High-Value Long-Term Power Users,60,95.4,5812.0,96.86666666666666,5,No,0
CUST-00408,2,High-Spend At-Risk Onboarders,32,93.95,2861.45,89.4203125,4,No,0
CUST-00409,1,New Low-Spend Basic Customers,1,19.9,19.9,19.9,1,Yes,1
CUST-00410,1,New Low-Spend Basic Customers,1,19.6,19.6,19.6,1,Yes,1
CUST-00411,2,High-Spend At-Risk Onboarders,3,81.35,233.7,77.89999999999999,3,Yes,1
CUST-00412,3,Loyal Low-Spend Long-Termers,46,24.45,1066.15,23.17717391304348,2,No,0
CUST-00413,2,High-Spend At-Risk Onboarders,29,74.95,2149.05,74.10517241379311,2,No,0
CUST-00414,0,High-Value Long-Term Power Users,51,87.35,4473.0,87.70588235294117,5,No,0
CUST-00415,2,High-Spend At-Risk Onboarders,48,70.65,3545.05,73.85520833333334,1,No,0
CUST-00416,2,High-Spend At-Risk Onboarders,16,73.25,1195.75,74.734375,2,No,0
CUST-00417,0,High-Value Long-Term Power Users,70,98.7,6858.9,97.9842857142857,6,No,0
CUST-00418,3,Loyal Low-Spend Long-Termers,40,24.8,1024.7,25.6175,2,No,0
CUST-00419,2,High-Spend At-Risk Onboarders,22,83.3,1845.9,83.90454545454546,3,Yes,1
CUST-00420,2,High-Spend At-Risk Onboarders,1,75.3,75.3,75.3,2,Yes,1
CUST-00421,1,New Low-Spend Basic Customers,5,24.3,132.25,26.45,2,No,0
CUST-00422,2,High-Spend At-Risk Onboarders,7,69.85,515.45,73.63571428571429,1,No,0
CUST-00423,0,High-Value Long-Term Power Users,29,100.55,2830.45,97.60172413793103,6,No,0
CUST-00424,3,Loyal Low-Spend Long-Termers,44,25.7,1110.5,25.238636363636363,2,No,0
CUST-00425,1,New Low-Spend Basic Customers,10,40.7,449.3,44.93,3,No,0
CUST-00426,3,Loyal Low-Spend Long-Termers,55,51.65,2838.55,51.61000000000001,2,No,0
CUST-00427,0,High-Value Long-Term Power Users,52,105.1,5376.4,103.39230769230768,6,No,0
CUST-00428,2,High-Spend At-Risk Onboarders,10,85.95,858.6,85.86,3,No,0
CUST-00429,2,High-Spend At-Risk Onboarders,18,75.6,1395.05,77.50277777777778,2,No,0
CUST-00430,3,Loyal Low-Spend Long-Termers,68,58.25,3975.7,58.46617647058823,4,No,0
CUST-00431,3,Loyal Low-Spend Long-Termers,61,19.4,1182.55,19.38606557377049,1,Yes,1
CUST-00432,0,High-Value Long-Term Power Users,72,65.2,4784.45,66.45069444444444,6,No,0
CUST-00433,2,High-Spend At-Risk Onboarders,2,53.45,119.5,59.75,3,No,0
CUST-00434,1,New Low-Spend Basic Customers,12,45.4,518.9,43.24166666666667,1,Yes,1
CUST-00435,3,Loyal Low-Spend Long-Termers,41,19.75,899.45,21.93780487804878,1,No,0
CUST-00436,1,New Low-Spend Basic Customers,26,44.45,1183.8,45.53076923076923,3,No,0
CUST-00437,1,New Low-Spend Basic Customers,36,20.85,720.05,20.001388888888886,1,No,0
CUST-00438,0,High-Value Long-Term Power Users,72,114.05,8468.2,117.6138888888889,8,No,0
CUST-00439,2,High-Spend At-Risk Onboarders,35,89.85,3161.2,90.32,4,No,0
CUST-00440,2,High-Spend At-Risk Onboarders,1,55.05,55.05,55.05,3,No,0
CUST-00441,2,High-Spend At-Risk Onboarders,16,112.95,1882.55,117.659375,7,No,0
CUST-00442,0,High-Value Long-Term Power Users,49,101.55,5070.4,103.47755102040816,5,No,0
CUST-00443,0,High-Value Long-Term Power Users,54,114.65,6049.5,112.02777777777777,8,No,0
CUST-00444,2,High-Spend At-Risk Onboarders,18,64.8,1166.7,64.81666666666666,4,No,0
CUST-00445,2,High-Spend At-Risk Onboarders,36,80.4,2937.65,81.60138888888889,2,No,0
CUST-00446,0,High-Value Long-Term Power Users,60,105.9,6396.45,106.6075,6,Yes,1
CUST-00447,2,High-Spend At-Risk Onboarders,1,69.55,69.55,69.55,1,Yes,1
CUST-00448,3,Loyal Low-Spend Long-Termers,52,25.05,1270.25,24.427884615384617,2,No,0
CUST-00449,2,High-Spend At-Risk Onboarders,8,94.75,759.55,94.94375,4,No,0
CUST-00450,0,High-Value Long-Term Power Users,72,105.5,7611.55,105.71597222222222,6,No,0
CUST-00451,3,Loyal Low-Spend Long-Termers,64,24.7,1642.75,25.66796875,2,No,0
CUST-00452,2,High-Spend At-Risk Onboarders,22,69.75,1545.4,70.24545454545455,5,No,0
CUST-00453,0,High-Value Long-Term Power Users,60,60.2,3582.4,59.70666666666667,5,No,0
CUST-00454,2,High-Spend At-Risk Onboarders,28,81.05,2227.1,79.53928571428571,2,Yes,1
CUST-00455,3,Loyal Low-Spend Long-Termers,61,24.4,1417.9,23.24426229508197,2,No,0
CUST-00456,2,High-Spend At-Risk Onboarders,24,104.15,2494.65,103.94375000000001,6,No,0
CUST-00457,2,High-Spend At-Risk Onboarders,28,92.9,2768.35,98.86964285714285,5,No,0
CUST-00458,2,High-Spend At-Risk Onboarders,30,80.8,2369.3,78.97666666666667,6,No,0
CUST-00459,1,New Low-Spend Basic Customers,2,20.0,38.0,19.0,1,No,0
CUST-00460,2,High-Spend At-Risk Onboarders,1,75.1,75.1,75.1,2,No,0
CUST-00461,1,New Low-Spend Basic Customers,6,19.65,100.9,16.816666666666666,1,No,0
CUST-00462,2,High-Spend At-Risk Onboarders,24,69.45,1614.05,67.25208333333333,4,No,0
CUST-00463,2,High-Spend At-Risk Onboarders,4,101.15,385.9,96.475,5,Yes,1
CUST-00464,2,High-Spend At-Risk Onboarders,7,99.8,673.25,96.17857142857143,5,Yes,1
CUST-00465,0,High-Value Long-Term Power Users,72,116.05,8404.9,116.73472222222222,8,No,0
CUST-00466,3,Loyal Low-Spend Long-Termers,70,40.05,2799.75,39.996428571428574,2,No,0
CUST-00467,0,High-Value Long-Term Power Users,64,102.1,6538.45,102.16328125,6,No,0
CUST-00468,0,High-Value Long-Term Power Users,72,89.7,6588.95,91.51319444444444,4,No,0
CUST-00469,3,Loyal Low-Spend Long-Termers,44,19.9,868.1,19.729545454545455,1,No,0
CUST-00470,2,High-Spend At-Risk Onboarders,13,55.95,734.35,56.48846153846154,2,Yes,1
CUST-00471,1,New Low-Spend Basic Customers,17,20.65,330.6,19.447058823529414,1,No,0
CUST-00472,1,New Low-Spend Basic Customers,1,55.0,55.0,55.0,2,Yes,1
CUST-00473,2,High-Spend At-Risk Onboarders,9,70.05,564.4,62.71111111111111,4,No,0
CUST-00474,2,High-Spend At-Risk Onboarders,24,53.6,1315.35,54.80625,3,No,0
CUST-00475,2,High-Spend At-Risk Onboarders,1,74.7,74.7,74.7,2,Yes,1
CUST-00476,2,High-Spend At-Risk Onboarders,24,80.25,1861.5,77.5625,3,Yes,1
CUST-00477,2,High-Spend At-Risk Onboarders,35,76.05,2747.2,78.49142857142857,5,No,0
CUST-00478,2,High-Spend At-Risk Onboarders,7,75.7,554.05,79.14999999999999,6,No,0
CUST-00479,2,High-Spend At-Risk Onboarders,5,96.1,453.4,90.67999999999999,4,Yes,1
CUST-00480,2,High-Spend At-Risk Onboarders,15,69.0,994.8,66.32,1,Yes,1
CUST-00481,1,New Low-Spend Basic Customers,11,19.65,225.75,20.522727272727273,1,No,0
CUST-00482,3,Loyal Low-Spend Long-Termers,48,45.3,2145.0,44.6875,3,Yes,1
CUST-00483,2,High-Spend At-Risk Onboarders,20,81.45,1671.6,83.58,2,No,0
CUST-00484,0,High-Value Long-Term Power Users,72,108.5,8003.8,111.16388888888889,7,No,0
CUST-00485,2,High-Spend At-Risk Onboarders,8,83.55,680.05,85.00625,3,Yes,1
CUST-00486,0,High-Value Long-Term Power Users,72,84.5,6130.85,85.15069444444445,3,No,0
CUST-00487,2,High-Spend At-Risk Onboarders,15,100.15,1415.0,94.33333333333333,5,No,0
CUST-00488,0,High-Value Long-Term Power Users,72,88.6,6201.95,86.13819444444444,7,No,0
CUST-00489,2,High-Spend At-Risk Onboarders,0,52.55,0.0,52.55,4,No,0
CUST-00490,2,High-Spend At-Risk Onboarders,1,74.35,74.35,74.35,2,Yes,1
CUST-00491,0,High-Value Long-Term Power Users,63,104.8,6597.25,104.71825396825396,6,No,0
CUST-00492,2,High-Spend At-Risk Onboarders,2,59.0,114.15,57.075,3,No,0
CUST-00493,2,High-Spend At-Risk Onboarders,2,74.4,139.4,69.7,2,Yes,1
CUST-00494,0,High-Value Long-Term Power Users,61,64.05,3902.6,63.97704918032787,4,No,0
CUST-00495,1,New Low-Spend Basic Customers,1,20.4,20.4,20.4,1,No,0
CUST-00496,1,New Low-Spend Basic Customers,22,43.75,903.6,41.07272727272727,3,Yes,1
CUST-00497,2,High-Spend At-Risk Onboarders,28,60.9,1785.65,63.77321428571429,4,No,0
CUST-00498,3,Loyal Low-Spend Long-Termers,70,19.8,1397.65,19.966428571428573,1,No,0
CUST-00499,1,New Low-Spend Basic Customers,5,28.45,131.05,26.21,1,Yes,1
CUST-00500,2,High-Spend At-Risk Onboarders,12,99.7,1238.45,103.20416666666667,6,Yes,1
CUST-00501,0,High-Value Long-Term Power Users,34,116.25,3899.05,114.6779411764706,8,No,0
CUST-00502,0,High-Value Long-Term Power Users,71,80.7,5676.0,79.94366197183099,3,No,0
CUST-00503,0,High-Value Long-Term Power Users,70,65.2,4543.15,64.90214285714285,4,No,0
CUST-00504,0,High-Value Long-Term Power Users,52,84.05,4326.8,83.20769230769231,4,No,0
CUST-00505,0,High-Value Long-Term Power Users,69,79.45,5502.55,79.74710144927536,7,No,0
CUST-00506,2,High-Spend At-Risk Onboarders,20,94.1,1782.4,89.12,5,Yes,1
CUST-00507,2,High-Spend At-Risk Onboarders,11,78.0,851.8,77.43636363636364,3,No,0
CUST-00508,2,High-Spend At-Risk Onboarders,2,94.2,167.5,83.75,4,Yes,1
CUST-00509,2,High-Spend At-Risk Onboarders,6,80.5,502.85,83.80833333333334,3,Yes,1
CUST-00510,1,New Low-Spend Basic Customers,1,19.85,19.85,19.85,1,No,0
CUST-00511,2,High-Spend At-Risk Onboarders,20,94.3,1818.3,90.91499999999999,5,No,0
CUST-00512,0,High-Value Long-Term Power Users,61,106.45,6300.15,103.2811475409836,6,No,0
CUST-00513,2,High-Spend At-Risk Onboarders,5,74.35,334.8,66.96000000000001,2,Yes,1
CUST-00514,0,High-Value Long-Term Power Users,56,105.45,5916.95,105.65982142857142,6,No,0
CUST-00515,0,High-Value Long-Term Power Users,30,95.0,2852.4,95.08,6,No,0
CUST-00516,0,High-Value Long-Term Power Users,40,104.8,4131.95,103.29875,6,Yes,1
CUST-00517,2,High-Spend At-Risk Onboarders,28,54.3,1546.3,55.225,3,No,0
CUST-00518,2,High-Spend At-Risk Onboarders,5,70.05,302.6,60.52,1,No,0
CUST-00519,2,High-Spend At-Risk Onboarders,27,75.2,1929.35,71.4574074074074,2,Yes,1
CUST-00520,1,New Low-Spend Basic Customers,12,20.05,265.45,22.120833333333334,1,No,0
CUST-00521,0,High-Value Long-Term Power Users,67,105.4,6989.45,104.32014925373134,6,No,0
CUST-00522,3,Loyal Low-Spend Long-Termers,29,51.6,1442.0,49.724137931034484,2,No,0
CUST-00523,0,High-Value Long-Term Power Users,55,85.5,4713.4,85.69818181818181,3,No,0
CUST-00524,2,High-Spend At-Risk Onboarders,23,75.6,1758.6,76.4608695652174,2,Yes,1
CUST-00525,0,High-Value Long-Term Power Users,34,100.05,3480.0,102.3529411764706,5,Yes,1
CUST-00526,0,High-Value Long-Term Power Users,52,91.25,4738.3,91.12115384615385,4,No,0
CUST-00527,0,High-Value Long-Term Power Users,72,115.75,8399.15,116.6548611111111,8,No,0
CUST-00528,0,High-Value Long-Term Power Users,58,94.7,5430.35,93.62672413793103,5,No,0
CUST-00529,1,New Low-Spend Basic Customers,35,19.6,686.95,19.627142857142857,1,No,0
CUST-00530,0,High-Value Long-Term Power Users,56,99.9,5706.3,101.89821428571429,6,No,0
CUST-00531,1,New Low-Spend Basic Customers,24,21.1,490.65,20.443749999999998,1,No,0
CUST-00532,3,Loyal Low-Spend Long-Termers,70,20.05,1360.25,19.432142857142857,1,No,0
CUST-00533,2,High-Spend At-Risk Onboarders,2,79.95,174.45,87.225,2,No,0
CUST-00534,0,High-Value Long-Term Power Users,68,107.15,7379.8,108.5264705882353,6,No,0
CUST-00535,2,High-Spend At-Risk Onboarders,1,85.0,85.0,85.0,3,Yes,1
CUST-00536,2,High-Spend At-Risk Onboarders,12,89.55,1021.75,85.14583333333333,4,No,0
CUST-00537,0,High-Value Long-Term Power Users,63,81.55,5029.05,79.82619047619048,3,No,0
CUST-00538,2,High-Spend At-Risk Onboarders,33,58.45,1955.4,59.25454545454546,4,No,0
CUST-00539,0,High-Value Long-Term Power Users,69,95.65,6744.2,97.74202898550725,4,No,0
CUST-00540,0,High-Value Long-Term Power Users,60,80.6,4946.7,82.445,6,No,0
CUST-00541,0,High-Value Long-Term Power Users,72,113.1,8248.5,114.5625,8,No,0
CUST-00542,2,High-Spend At-Risk Onboarders,11,58.95,601.6,54.690909090909095,3,No,0
CUST-00543,1,New Low-Spend Basic Customers,1,19.55,19.55,19.55,1,No,0
CUST-00544,2,High-Spend At-Risk Onboarders,10,86.05,834.1,83.41,3,Yes,1
CUST-00545,1,New Low-Spend Basic Customers,13,45.55,597.0,45.92307692307692,3,Yes,1
CUST-00546,2,High-Spend At-Risk Onboarders,34,78.95,2647.2,77.85882352941177,2,No,0
CUST-00547,2,High-Spend At-Risk Onboarders,39,86.3,3266.0,83.74358974358974,3,Yes,1
CUST-00548,0,High-Value Long-Term Power Users,65,105.05,6744.25,103.75769230769231,6,No,0
CUST-00549,0,High-Value Long-Term Power Users,50,101.9,5265.5,105.31,6,No,0
CUST-00550,1,New Low-Spend Basic Customers,15,19.75,311.6,20.773333333333333,1,No,0
CUST-00551,0,High-Value Long-Term Power Users,72,110.3,7966.9,110.65138888888889,7,No,0
CUST-00552,0,High-Value Long-Term Power Users,72,115.6,8220.4,114.17222222222222,8,No,0
CUST-00553,3,Loyal Low-Spend Long-Termers,55,19.35,1153.25,20.96818181818182,1,No,0
CUST-00554,1,New Low-Spend Basic Customers,23,25.6,514.75,22.380434782608695,2,No,0
CUST-00555,2,High-Spend At-Risk Onboarders,32,80.35,2596.15,81.1296875,3,Yes,1
CUST-00556,0,High-Value Long-Term Power Users,56,68.75,3808.0,68.0,5,No,0
CUST-00557,1,New Low-Spend Basic Customers,1,19.9,19.9,19.9,1,No,0
CUST-00558,2,High-Spend At-Risk Onboarders,38,70.6,2708.2,71.26842105263158,5,No,0
CUST-00559,2,High-Spend At-Risk Onboarders,11,70.2,760.05,69.09545454545454,1,No,0
CUST-00560,1,New Low-Spend Basic Customers,1,49.3,49.3,49.3,2,No,0
CUST-00561,0,High-Value Long-Term Power Users,56,107.25,6033.3,107.7375,6,No,0
CUST-00562,1,New Low-Spend Basic Customers,3,23.6,89.05,29.683333333333334,2,No,0
CUST-00563,2,High-Spend At-Risk Onboarders,7,69.7,516.15,73.73571428571428,4,No,0
CUST-00564,0,High-Value Long-Term Power Users,59,99.5,5861.75,99.35169491525424,5,No,0
CUST-00565,2,High-Spend At-Risk Onboarders,7,64.3,445.95,63.707142857142856,4,No,0
CUST-00566,0,High-Value Long-Term Power Users,71,70.85,4973.4,70.04788732394366,5,No,0
CUST-00567,2,High-Spend At-Risk Onboarders,15,101.9,1667.25,111.15,5,No,0
CUST-00568,0,High-Value Long-Term Power Users,71,73.5,5357.75,75.46126760563381,6,No,0
CUST-00569,0,High-Value Long-Term Power Users,35,100.25,3527.6,100.78857142857143,5,Yes,1
CUST-00570,1,New Low-Spend Basic Customers,11,40.4,422.6,38.41818181818182,3,No,0
CUST-00571,3,Loyal Low-Spend Long-Termers,60,19.25,1103.25,18.3875,1,No,0
CUST-00572,3,Loyal Low-Spend Long-Termers,47,59.6,2754.0,58.59574468085106,4,No,0
CUST-00573,2,High-Spend At-Risk Onboarders,11,64.9,697.25,63.38636363636363,4,No,0
CUST-00574,0,High-Value Long-Term Power Users,56,100.3,5614.45,100.25803571428571,5,Yes,1
CUST-00575,0,High-Value Long-Term Power Users,28,110.85,3204.4,114.44285714285715,7,No,0
CUST-00576,0,High-Value Long-Term Power Users,61,81.05,4747.65,77.83032786885245,6,No,0
CUST-00577,0,High-Value Long-Term Power Users,31,98.05,3082.1,99.42258064516129,5,No,0
CUST-00578,2,High-Spend At-Risk Onboarders,9,70.5,597.9,66.43333333333334,1,No,0
CUST-00579,0,High-Value Long-Term Power Users,35,94.55,3365.4,96.15428571428572,5,No,0
CUST-00580,1,New Low-Spend Basic Customers,2,19.65,38.8,19.4,1,No,0
CUST-00581,1,New Low-Spend Basic Customers,12,19.0,233.55,19.462500000000002,1,Yes,1
CUST-00582,2,High-Spend At-Risk Onboarders,1,75.3,75.3,75.3,2,Yes,1
CUST-00583,2,High-Spend At-Risk Onboarders,4,89.2,346.2,86.55,4,Yes,1
CUST-00584,1,New Low-Spend Basic Customers,1,19.0,19.0,19.0,1,No,0
CUST-00585,1,New Low-Spend Basic Customers,3,20.0,61.7,20.566666666666666,1,No,0
CUST-00586,2,High-Spend At-Risk Onboarders,1,85.7,85.7,85.7,3,Yes,1
CUST-00587,0,High-Value Long-Term Power Users,52,63.25,3342.45,64.27788461538461,4,No,0
CUST-00588,1,New Low-Spend Basic Customers,5,20.1,85.1,17.02,1,No,0
CUST-00589,0,High-Value Long-Term Power Users,72,99.15,7422.1,103.08472222222223,6,No,0
CUST-00590,0,High-Value Long-Term Power Users,71,90.4,6668.05,93.91619718309859,8,No,0
CUST-00591,0,High-Value Long-Term Power Users,72,111.9,8071.05,112.09791666666666,7,No,0
CUST-00592,3,Loyal Low-Spend Long-Termers,46,24.9,1174.8,25.539130434782606,2,No,0
CUST-00593,0,High-Value Long-Term Power Users,63,83.5,5435.0,86.26984126984127,7,No,0
CUST-00594,2,High-Spend At-Risk Onboarders,30,84.3,2438.6,81.28666666666666,4,No,0
CUST-00595,1,New Low-Spend Basic Customers,1,45.6,45.6,45.6,1,No,0
CUST-00596,2,High-Spend At-Risk Onboarders,12,61.65,713.75,59.479166666666664,5,Yes,1
CUST-00597,2,High-Spend At-Risk Onboarders,16,54.85,916.15,57.259375,5,No,0
CUST-00598,2,High-Spend At-Risk Onboarders,4,65.55,237.2,59.3,4,No,0
CUST-00599,0,High-Value Long-Term Power Users,51,90.35,4614.55,90.48137254901961,4,No,0
CUST-00600,3,Loyal Low-Spend Long-Termers,65,20.4,1414.45,21.76076923076923,1,No,0
CUST-00601,2,High-Spend At-Risk Onboarders,16,74.55,1170.5,73.15625,2,No,0
CUST-00602,1,New Low-Spend Basic Customers,2,19.95,47.7,23.85,1,No,0
CUST-00603,0,High-Value Long-Term Power Users,66,74.25,4859.25,73.625,2,No,0
CUST-00604,0,High-Value Long-Term Power Users,46,108.65,4903.2,106.59130434782608,7,No,0
CUST-00605,0,High-Value Long-Term Power Users,32,109.55,3608.0,112.75,7,No,0
CUST-00606,0,High-Value Long-Term Power Users,72,86.65,6094.25,84.64236111111111,7,No,0
CUST-00607,0,High-Value Long-Term Power Users,38,81.0,3084.9,81.18157894736842,6,No,0
CUST-00608,3,Loyal Low-Spend Long-Termers,51,47.85,2356.75,46.21078431372549,2,No,0
CUST-00609,0,High-Value Long-Term Power Users,72,114.55,8306.05,115.36180555555555,8,No,0
CUST-00610,0,High-Value Long-Term Power Users,65,105.25,6786.4,104.40615384615384,6,Yes,1
CUST-00611,1,New Low-Spend Basic Customers,9,29.95,248.95,27.66111111111111,1,Yes,1
CUST-00612,2,High-Spend At-Risk Onboarders,9,65.0,663.05,73.67222222222222,5,Yes,1
CUST-00613,3,Loyal Low-Spend Long-Termers,66,20.55,1357.1,20.562121212121212,1,No,0
CUST-00614,0,High-Value Long-Term Power Users,44,109.8,4860.35,110.4625,7,No,0
CUST-00615,0,High-Value Long-Term Power Users,50,69.5,3418.2,68.36399999999999,5,No,0
CUST-00616,1,New Low-Spend Basic Customers,15,48.85,631.4,42.093333333333334,2,No,0
CUST-00617,1,New Low-Spend Basic Customers,8,25.25,186.3,23.2875,0,No,0
CUST-00618,0,High-Value Long-Term Power Users,66,102.85,6976.75,105.70833333333333,6,No,0
CUST-00619,0,High-Value Long-Term Power Users,57,87.55,4884.85,85.69912280701755,5,No,0
CUST-00620,2,High-Spend At-Risk Onboarders,7,78.55,522.95,74.70714285714287,3,No,0
CUST-00621,1,New Low-Spend Basic Customers,10,34.55,362.6,36.260000000000005,1,No,0
CUST-00622,0,High-Value Long-Term Power Users,62,92.05,5755.8,92.83548387096775,5,No,0
CUST-00623,2,High-Spend At-Risk Onboarders,40,85.05,3355.65,83.89125,3,No,0
CUST-00624,1,New Low-Spend Basic Customers,20,19.7,406.95,20.3475,1,No,0
CUST-00625,1,New Low-Spend Basic Customers,7,20.0,137.6,19.657142857142855,1,Yes,1
CUST-00626,2,High-Spend At-Risk Onboarders,25,95.15,2395.7,95.82799999999999,4,No,0
CUST-00627,2,High-Spend At-Risk Onboarders,23,84.25,1968.1,85.5695652173913,4,No,0
CUST-00628,0,High-Value Long-Term Power Users,66,104.6,6819.45,103.325,6,No,0
CUST-00629,0,High-Value Long-Term Power Users,72,111.65,7943.45,110.32569444444444,7,No,0
CUST-00630,0,High-Value Long-Term Power Users,49,90.05,4547.25,92.80102040816327,4,Yes,1
CUST-00631,0,High-Value Long-Term Power Users,43,110.75,4687.9,109.02093023255813,7,Yes,1
CUST-00632,3,Loyal Low-Spend Long-Termers,46,55.0,2473.95,53.78152173913043,3,No,0
CUST-00633,0,High-Value Long-Term Power Users,72,89.85,6562.9,91.15138888888889,8,No,0
CUST-00634,1,New Low-Spend Basic Customers,10,20.35,176.3,17.630000000000003,1,No,0
CUST-00635,2,High-Spend At-Risk Onboarders,40,54.55,2236.2,55.904999999999994,4,No,0
CUST-00636,0,High-Value Long-Term Power Users,65,105.5,6985.65,107.47153846153846,6,Yes,1
CUST-00637,0,High-Value Long-Term Power Users,31,99.45,3109.9,100.31935483870969,5,No,0
CUST-00638,0,High-Value Long-Term Power Users,68,70.9,4911.35,72.22573529411765,6,No,0
CUST-00639,0,High-Value Long-Term Power Users,56,104.55,5794.65,103.47589285714285,6,Yes,1
CUST-00640,2,High-Spend At-Risk Onboarders,10,85.25,855.3,85.53,3,Yes,1
CUST-00641,3,Loyal Low-Spend Long-Termers,68,25.4,1620.2,23.826470588235296,2,No,0
CUST-00642,3,Loyal Low-Spend Long-Termers,43,56.15,2499.3,58.12325581395349,2,Yes,1
CUST-00643,2,High-Spend At-Risk Onboarders,1,89.55,89.55,89.55,3,Yes,1
CUST-00644,0,High-Value Long-Term Power Users,49,89.85,4287.2,87.4938775510204,4,No,0
CUST-00645,1,New Low-Spend Basic Customers,15,25.25,394.85,26.323333333333334,2,No,0
CUST-00646,2,High-Spend At-Risk Onboarders,20,94.55,1899.65,94.9825,4,Yes,1
CUST-00647,1,New Low-Spend Basic Customers,1,45.7,45.7,45.7,1,Yes,1
CUST-00648,0,High-Value Long-Term Power Users,50,69.65,3442.15,68.843,5,No,0
CUST-00649,2,High-Spend At-Risk Onboarders,2,89.5,161.5,80.75,4,Yes,1
CUST-00650,2,High-Spend At-Risk Onboarders,24,70.0,1732.6,72.19166666666666,1,No,0
CUST-00651,2,High-Spend At-Risk Onboarders,3,69.55,222.3,74.10000000000001,1,Yes,1
CUST-00652,2,High-Spend At-Risk Onboarders,1,74.6,74.6,74.6,2,Yes,1
CUST-00653,1,New Low-Spend Basic Customers,35,20.1,655.3,18.72285714285714,1,No,0
CUST-00654,1,New Low-Spend Basic Customers,17,24.8,475.25,27.955882352941178,2,No,0
CUST-00655,1,New Low-Spend Basic Customers,8,19.65,164.3,20.5375,1,Yes,1
CUST-00656,2,High-Spend At-Risk Onboarders,10,95.1,865.1,86.51,4,No,0
CUST-00657,0,High-Value Long-Term Power Users,68,88.85,6132.7,90.18676470588235,8,No,0
CUST-00658,0,High-Value Long-Term Power Users,45,78.8,3597.5,79.94444444444444,6,No,0
CUST-00659,1,New Low-Spend Basic Customers,2,19.85,35.9,17.95,1,Yes,1
CUST-00660,3,Loyal Low-Spend Long-Termers,37,20.35,697.65,18.855405405405406,1,No,0
CUST-00661,1,New Low-Spend Basic Customers,4,24.25,96.05,24.0125,0,Yes,1
CUST-00662,1,New Low-Spend Basic Customers,10,45.25,428.7,42.87,1,No,0
CUST-00663,1,New Low-Spend Basic Customers,1,20.05,20.05,20.05,1,No,0
CUST-00664,0,High-Value Long-Term Power Users,65,69.55,4459.15,68.60230769230769,5,No,0
CUST-00665,3,Loyal Low-Spend Long-Termers,57,19.5,1167.6,20.48421052631579,1,No,0
CUST-00666,2,High-Spend At-Risk Onboarders,3,74.75,238.1,79.36666666666666,2,No,0
CUST-00667,2,High-Spend At-Risk Onboarders,2,69.65,145.15,72.575,1,Yes,1
CUST-00668,3,Loyal Low-Spend Long-Termers,49,30.2,1453.1,29.655102040816324,1,No,0
CUST-00669,1,New Low-Spend Basic Customers,4,45.65,191.05,47.7625,1,Yes,1
CUST-00670,0,High-Value Long-Term Power Users,70,57.8,4039.3,57.70428571428572,5,No,0
CUST-00671,3,Loyal Low-Spend Long-Termers,53,19.85,1039.45,19.612264150943396,1,No,0
CUST-00672,3,Loyal Low-Spend Long-Termers,53,25.55,1336.1,25.20943396226415,2,No,0
CUST-00673,2,High-Spend At-Risk Onboarders,1,75.05,75.05,75.05,2,Yes,1
CUST-00674,1,New Low-Spend Basic Customers,22,24.85,493.4,22.427272727272726,2,No,0
CUST-00675,3,Loyal Low-Spend Long-Termers,52,49.15,2550.9,49.05576923076923,3,Yes,1
CUST-00676,0,High-Value Long-Term Power Users,65,110.35,7246.15,111.47923076923077,7,No,0
CUST-00677,3,Loyal Low-Spend Long-Termers,48,24.55,1203.95,25.082291666666666,2,No,0
CUST-00678,1,New Low-Spend Basic Customers,2,34.7,62.25,31.125,1,Yes,1
CUST-00679,2,High-Spend At-Risk Onboarders,3,107.95,313.6,104.53333333333335,6,No,0
CUST-00680,2,High-Spend At-Risk Onboarders,45,81.4,3775.85,83.90777777777778,3,No,0
CUST-00681,2,High-Spend At-Risk Onboarders,1,80.0,80.0,80.0,2,Yes,1
CUST-00682,0,High-Value Long-Term Power Users,61,73.8,4616.05,75.67295081967214,5,No,0
CUST-00683,2,High-Spend At-Risk Onboarders,3,64.4,195.65,65.21666666666667,4,No,0
CUST-00684,0,High-Value Long-Term Power Users,40,103.75,4188.4,104.71,6,No,0
CUST-00685,2,High-Spend At-Risk Onboarders,1,71.1,71.1,71.1,1,No,0
CUST-00686,1,New Low-Spend Basic Customers,1,49.9,49.9,49.9,2,No,0
CUST-00687,3,Loyal Low-Spend Long-Termers,51,24.6,1266.4,24.83137254901961,2,No,0
CUST-00688,1,New Low-Spend Basic Customers,2,49.25,91.1,45.55,2,Yes,1
CUST-00689,3,Loyal Low-Spend Long-Termers,52,30.1,1623.4,31.21923076923077,1,No,0
CUST-00690,0,High-Value Long-Term Power Users,51,83.4,4149.45,81.36176470588235,3,No,0
CUST-00691,1,New Low-Spend Basic Customers,1,20.45,20.45,20.45,1,No,0
CUST-00692,2,High-Spend At-Risk Onboarders,31,75.25,2344.5,75.62903225806451,6,No,0
CUST-00693,3,Loyal Low-Spend Long-Termers,47,20.55,1013.05,21.554255319148936,1,No,0
CUST-00694,2,High-Spend At-Risk Onboarders,3,75.1,270.7,90.23333333333333,2,Yes,1
CUST-00695,1,New Low-Spend Basic Customers,22,20.05,417.0,18.954545454545453,1,No,0
CUST-00696,1,New Low-Spend Basic Customers,1,20.65,20.65,20.65,1,No,0
CUST-00697,0,High-Value Long-Term Power Users,72,85.15,6316.2,87.725,7,No,0
CUST-00698,1,New Low-Spend Basic Customers,3,50.15,168.15,56.050000000000004,2,Yes,1
CUST-00699,0,High-Value Long-Term Power Users,47,84.95,4018.05,85.4904255319149,3,No,0
CUST-00700,0,High-Value Long-Term Power Users,72,66.5,4811.6,66.82777777777778,5,No,0
CUST-00701,0,High-Value Long-Term Power Users,66,63.3,4189.7,63.48030303030303,4,No,0
CUST-00702,2,High-Spend At-Risk Onboarders,35,83.15,2848.45,81.38428571428571,3,No,0
CUST-00703,2,High-Spend At-Risk Onboarders,29,84.9,2516.2,86.7655172413793,3,No,0
CUST-00704,1,New Low-Spend Basic Customers,2,20.55,33.6,16.8,1,No,0
CUST-00705,1,New Low-Spend Basic Customers,4,49.25,208.45,52.1125,2,No,0
CUST-00706,2,High-Spend At-Risk Onboarders,25,79.85,2015.35,80.61399999999999,3,Yes,1
CUST-00707,3,Loyal Low-Spend Long-Termers,65,59.6,3739.8,57.535384615384615,4,No,0
CUST-00708,0,High-Value Long-Term Power Users,27,104.65,2964.0,109.77777777777777,6,No,0
CUST-00709,2,High-Spend At-Risk Onboarders,29,75.3,2263.4,78.04827586206896,2,No,0
CUST-00710,2,High-Spend At-Risk Onboarders,29,80.1,2211.8,76.26896551724138,6,No,0
CUST-00711,1,New Low-Spend Basic Customers,1,19.55,19.55,19.55,1,Yes,1
CUST-00712,2,High-Spend At-Risk Onboarders,20,81.0,1683.7,84.185,3,No,0
CUST-00713,3,Loyal Low-Spend Long-Termers,58,24.7,1519.0,26.189655172413794,2,No,0
CUST-00714,2,High-Spend At-Risk Onboarders,14,86.0,1164.05,83.14642857142857,4,No,0
CUST-00715,3,Loyal Low-Spend Long-Termers,72,25.4,1710.9,23.762500000000003,2,No,0
CUST-00716,0,High-Value Long-Term Power Users,46,89.15,4245.55,92.29456521739131,4,No,0
CUST-00717,0,High-Value Long-Term Power Users,71,58.25,4145.9,58.39295774647887,5,No,0
CUST-00718,2,High-Spend At-Risk Onboarders,32,85.65,2664.3,83.259375,3,No,0
CUST-00719,2,High-Spend At-Risk Onboarders,26,50.35,1277.5,49.13461538461539,3,No,0
CUST-00720,0,High-Value Long-Term Power Users,68,80.35,5589.3,82.19558823529412,3,No,0
CUST-00721,1,New Low-Spend Basic Customers,2,20.2,34.75,17.375,1,No,0
CUST-00722,3,Loyal Low-Spend Long-Termers,61,20.55,1305.95,21.409016393442624,1,No,0
CUST-00723,2,High-Spend At-Risk Onboarders,4,85.95,381.3,95.325,3,Yes,1
CUST-00724,1,New Low-Spend Basic Customers,3,45.35,141.5,47.166666666666664,1,Yes,1
CUST-00725,2,High-Spend At-Risk Onboarders,33,94.5,3105.55,94.10757575757576,4,Yes,1
CUST-00726,1,New Low-Spend Basic Customers,9,21.25,204.55,22.727777777777778,1,No,0
CUST-00727,1,New Low-Spend Basic Customers,22,26.25,605.9,27.54090909090909,2,No,0
CUST-00728,2,High-Spend At-Risk Onboarders,5,80.85,356.1,71.22,2,No,0
CUST-00729,2,High-Spend At-Risk Onboarders,30,91.7,2758.15,91.93833333333333,5,Yes,1
CUST-00730,0,High-Value Long-Term Power Users,65,74.2,4805.65,73.93307692307691,6,No,0
CUST-00731,0,High-Value Long-Term Power Users,45,87.25,3941.7,87.59333333333333,4,Yes,1
CUST-00732,1,New Low-Spend Basic Customers,5,20.35,92.75,18.55,1,No,0
CUST-00733,2,High-Spend At-Risk Onboarders,25,75.5,1901.05,76.042,2,No,0
CUST-00734,0,High-Value Long-Term Power Users,72,79.05,5730.7,79.59305555555555,3,No,0
CUST-00735,2,High-Spend At-Risk Onboarders,27,90.15,2423.4,89.75555555555556,4,No,0
CUST-00736,3,Loyal Low-Spend Long-Termers,32,50.6,1653.45,51.6703125,3,No,0
CUST-00737,0,High-Value Long-Term Power Users,30,110.45,3327.05,110.90166666666667,7,No,0
CUST-00738,0,High-Value Long-Term Power Users,70,101.0,7085.5,101.22142857142858,6,No,0
CUST-00739,2,High-Spend At-Risk Onboarders,42,79.35,3344.1,79.62142857142857,3,No,0
CUST-00740,0,High-Value Long-Term Power Users,72,89.85,6697.35,93.01875000000001,8,No,0
CUST-00741,2,High-Spend At-Risk Onboarders,47,65.0,2879.9,61.274468085106385,5,No,0
CUST-00742,2,High-Spend At-Risk Onboarders,2,80.45,137.1,68.55,3,No,0
CUST-00743,2,High-Spend At-Risk Onboarders,10,98.55,1008.55,100.85499999999999,5,Yes,1
CUST-00744,3,Loyal Low-Spend Long-Termers,61,24.1,1551.6,25.43606557377049,2,No,0
CUST-00745,1,New Low-Spend Basic Customers,5,44.05,202.15,40.43,1,No,0
CUST-00746,0,High-Value Long-Term Power Users,72,110.8,7882.25,109.47569444444444,7,No,0
CUST-00747,0,High-Value Long-Term Power Users,72,114.95,8196.4,113.83888888888889,8,No,0
CUST-00748,2,High-Spend At-Risk Onboarders,3,75.05,202.9,67.63333333333334,2,No,0
CUST-00749,3,Loyal Low-Spend Long-Termers,48,19.25,855.1,17.814583333333335,1,No,0
CUST-00750,0,High-Value Long-Term Power Users,63,90.05,5817.0,92.33333333333333,4,No,0
CUST-00751,2,High-Spend At-Risk Onboarders,27,56.7,1652.95,61.220370370370375,3,No,0
CUST-00752,0,High-Value Long-Term Power Users,70,80.15,5600.15,80.00214285714286,6,No,0
CUST-00753,2,High-Spend At-Risk Onboarders,7,71.35,515.75,73.67857142857143,5,No,0
CUST-00754,1,New Low-Spend Basic Customers,0,20.25,0.0,20.25,1,No,0
CUST-00755,2,High-Spend At-Risk Onboarders,2,90.35,190.5,95.25,4,No,0
CUST-00756,2,High-Spend At-Risk Onboarders,20,98.55,1842.8,92.14,5,Yes,1
CUST-00757,3,Loyal Low-Spend Long-Termers,66,19.7,1253.8,18.996969696969696,1,No,0
CUST-00758,1,New Low-Spend Basic Customers,3,19.85,57.2,19.066666666666666,1,No,0
CUST-00759,2,High-Spend At-Risk Onboarders,15,85.9,1269.55,84.63666666666667,3,Yes,1
CUST-00760,0,High-Value Long-Term Power Users,72,90.35,6563.4,91.15833333333333,5,No,0
CUST-00761,1,New Low-Spend Basic Customers,1,20.8,20.8,20.8,1,No,0
CUST-00762,2,High-Spend At-Risk Onboarders,22,89.25,1907.85,86.72045454545454,3,Yes,1
CUST-00763,2,High-Spend At-Risk Onboarders,3,70.3,208.85,69.61666666666666,1,Yes,1
CUST-00764,0,High-Value Long-Term Power Users,72,66.85,4758.8,66.09444444444445,5,No,0
CUST-00765,3,Loyal Low-Spend Long-Termers,65,19.9,1292.6,19.886153846153846,1,No,0
CUST-00766,1,New Low-Spend Basic Customers,11,35.8,363.15,33.01363636363636,1,No,0
CUST-00767,2,High-Spend At-Risk Onboarders,22,78.85,1600.25,72.73863636363636,3,No,0
CUST-00768,1,New Low-Spend Basic Customers,14,20.4,275.7,19.692857142857143,1,No,0
CUST-00769,2,High-Spend At-Risk Onboarders,41,74.25,3089.1,75.34390243902439,2,No,0
CUST-00770,2,High-Spend At-Risk Onboarders,17,64.8,1175.6,69.15294117647058,4,No,0
CUST-00771,1,New Low-Spend Basic Customers,11,20.45,237.3,21.572727272727274,1,No,0
CUST-00772,2,High-Spend At-Risk Onboarders,15,93.35,1444.65,96.31,4,Yes,1
CUST-00773,1,New Low-Spend Basic Customers,1,19.9,19.9,19.9,1,Yes,1
CUST-00774,2,High-Spend At-Risk Onboarders,5,88.9,454.15,90.83,4,Yes,1
CUST-00775,2,High-Spend At-Risk Onboarders,33,95.8,3036.75,92.02272727272727,4,Yes,1
CUST-00776,0,High-Value Long-Term Power Users,72,110.65,8065.65,112.02291666666666,7,No,0
CUST-00777,1,New Low-Spend Basic Customers,3,40.3,92.5,30.833333333333332,2,No,0
CUST-00778,2,High-Spend At-Risk Onboarders,2,82.0,184.65,92.325,3,Yes,1
CUST-00779,0,High-Value Long-Term Power Users,59,107.0,6152.3,104.27627118644068,7,No,0
CUST-00780,1,New Low-Spend Basic Customers,2,45.35,89.5,44.75,1,Yes,1
CUST-00781,0,High-Value Long-Term Power Users,71,73.35,5154.5,72.59859154929578,5,No,0
CUST-00782,1,New Low-Spend Basic Customers,5,44.8,220.45,44.089999999999996,1,No,0
CUST-00783,2,High-Spend At-Risk Onboarders,27,54.75,1510.3,55.93703703703704,3,No,0
CUST-00784,1,New Low-Spend Basic Customers,1,52.2,52.2,52.2,2,Yes,1
CUST-00785,3,Loyal Low-Spend Long-Termers,63,40.6,2588.95,41.09444444444444,3,No,0
CUST-00786,0,High-Value Long-Term Power Users,46,110.0,4874.8,105.97391304347826,7,Yes,1
CUST-00787,3,Loyal Low-Spend Long-Termers,72,55.3,3983.6,55.327777777777776,3,No,0
CUST-00788,2,High-Spend At-Risk Onboarders,34,60.85,2003.6,58.92941176470588,4,No,0
CUST-00789,2,High-Spend At-Risk Onboarders,24,78.4,1832.4,76.35000000000001,6,No,0
CUST-00790,0,High-Value Long-Term Power Users,72,69.65,4908.25,68.17013888888889,6,No,0
CUST-00791,0,High-Value Long-Term Power Users,60,59.85,3590.2,59.836666666666666,5,No,0
CUST-00792,0,High-Value Long-Term Power Users,68,76.9,5023.0,73.86764705882354,6,No,0
CUST-00793,1,New Low-Spend Basic Customers,8,19.85,146.6,18.325,1,No,0
CUST-00794,2,High-Spend At-Risk Onboarders,34,67.65,2339.3,68.8029411764706,5,No,0
CUST-00795,1,New Low-Spend Basic Customers,6,45.0,298.7,49.78333333333333,2,No,0
CUST-00796,2,High-Spend At-Risk Onboarders,2,64.2,143.65,71.825,4,No,0
CUST-00797,2,High-Spend At-Risk Onboarders,31,81.7,2548.65,82.21451612903226,3,No,0
CUST-00798,1,New Low-Spend Basic Customers,20,25.55,507.4,25.369999999999997,2,No,0
CUST-00799,1,New Low-Spend Basic Customers,1,20.0,20.0,20.0,1,No,0
CUST-00800,0,High-Value Long-Term Power Users,62,96.75,6125.4,98.79677419354839,5,Yes,1
CUST-00801,0,High-Value Long-Term Power Users,70,75.65,5411.4,77.30571428571427,2,No,0
CUST-00802,2,High-Spend At-Risk Onboarders,10,98.5,1058.25,105.825,5,Yes,1
CUST-00803,3,Loyal Low-Spend Long-Termers,39,23.8,903.8,23.174358974358974,2,No,0
CUST-00804,2,High-Spend At-Risk Onboarders,46,64.2,3009.5,65.42391304347827,4,No,0
CUST-00805,2,High-Spend At-Risk Onboarders,6,85.35,489.45,81.575,3,Yes,1
CUST-00806,0,High-Value Long-Term Power Users,72,76.8,5468.45,75.95069444444444,5,No,0
CUST-00807,2,High-Spend At-Risk Onboarders,18,55.2,1058.1,58.78333333333333,3,No,0
CUST-00808,0,High-Value Long-Term Power Users,71,108.55,7616.0,107.26760563380282,7,No,0
CUST-00809,0,High-Value Long-Term Power Users,40,101.3,4113.1,102.82750000000001,5,Yes,1
CUST-00810,2,High-Spend At-Risk Onboarders,1,69.55,69.55,69.55,1,Yes,1
CUST-00811,0,High-Value Long-Term Power Users,58,103.25,6017.65,103.75258620689655,6,Yes,1
CUST-00812,0,High-Value Long-Term Power Users,70,104.0,7250.15,103.57357142857143,6,Yes,1
CUST-00813,3,Loyal Low-Spend Long-Termers,42,25.25,1108.2,26.385714285714286,2,No,0
CUST-00814,1,New Low-Spend Basic Customers,34,30.4,938.65,27.60735294117647,1,No,0
CUST-00815,1,New Low-Spend Basic Customers,5,20.05,94.15,18.830000000000002,1,No,0
CUST-00816,2,High-Spend At-Risk Onboarders,25,84.6,2088.05,83.522,3,No,0
CUST-00817,2,High-Spend At-Risk Onboarders,2,86.2,178.7,89.35,3,Yes,1
CUST-00818,0,High-Value Long-Term Power Users,55,103.7,5656.75,102.85,6,No,0
CUST-00819,0,High-Value Long-Term Power Users,21,111.2,2317.1,110.33809523809524,7,Yes,1
CUST-00820,0,High-Value Long-Term Power Users,70,88.0,5986.45,85.52071428571428,5,No,0
CUST-00821,0,High-Value Long-Term Power Users,61,106.35,6751.35,110.67786885245903,6,No,0
CUST-00822,0,High-Value Long-Term Power Users,43,79.15,3566.6,82.94418604651163,6,No,0
CUST-00823,0,High-Value Long-Term Power Users,47,103.1,4889.3,104.02765957446809,6,No,0
CUST-00824,2,High-Spend At-Risk Onboarders,5,63.95,318.1,63.620000000000005,4,No,0
CUST-00825,3,Loyal Low-Spend Long-Termers,62,25.8,1563.95,25.225,2,No,0
CUST-00826,2,High-Spend At-Risk Onboarders,16,89.45,1430.25,89.390625,4,Yes,1
CUST-00827,2,High-Spend At-Risk Onboarders,7,95.6,644.35,92.05,4,Yes,1
CUST-00828,1,New Low-Spend Basic Customers,14,25.55,372.45,26.603571428571428,2,No,0
CUST-00829,0,High-Value Long-Term Power Users,60,90.95,5453.4,90.89,4,Yes,1
CUST-00830,3,Loyal Low-Spend Long-Termers,34,44.85,1442.6,42.42941176470588,3,No,0
CUST-00831,0,High-Value Long-Term Power Users,50,108.55,5610.7,112.214,7,Yes,1
CUST-00832,3,Loyal Low-Spend Long-Termers,38,25.05,963.95,25.367105263157896,2,No,0
CUST-00833,0,High-Value Long-Term Power Users,70,74.1,5222.3,74.60428571428572,6,No,0
CUST-00834,2,High-Spend At-Risk Onboarders,37,88.8,3340.55,90.28513513513514,4,No,0
CUST-00835,2,High-Spend At-Risk Onboarders,4,78.85,292.8,73.2,2,Yes,1
CUST-00836,0,High-Value Long-Term Power Users,60,93.25,5774.55,96.2425,5,No,0
CUST-00837,0,High-Value Long-Term Power Users,62,71.4,4487.3,72.3758064516129,5,No,0
CUST-00838,1,New Low-Spend Basic Customers,1,44.4,44.4,44.4,1,Yes,1
CUST-00839,0,High-Value Long-Term Power Users,36,79.2,2854.95,79.30416666666666,6,No,0
CUST-00840,3,Loyal Low-Spend Long-Termers,44,20.4,905.55,20.580681818181816,1,No,0
CUST-00841,0,High-Value Long-Term Power Users,55,100.0,5509.3,100.16909090909091,5,Yes,1
CUST-00842,0,High-Value Long-Term Power Users,72,105.0,7589.8,105.41388888888889,6,No,0
CUST-00843,1,New Low-Spend Basic Customers,12,19.8,229.6,19.133333333333333,1,Yes,1
CUST-00844,1,New Low-Spend Basic Customers,13,30.85,394.1,30.315384615384616,1,No,0
CUST-00845,2,High-Spend At-Risk Onboarders,1,89.9,89.9,89.9,3,Yes,1
CUST-00846,1,New Low-Spend Basic Customers,15,20.55,295.95,19.73,1,No,0
CUST-00847,0,High-Value Long-Term Power Users,65,84.85,5459.2,83.9876923076923,7,No,0
CUST-00848,1,New Low-Spend Basic Customers,12,33.15,444.75,37.0625,2,No,0
CUST-00849,0,High-Value Long-Term Power Users,72,92.0,6782.15,94.19652777777777,8,No,0
CUST-00850,0,High-Value Long-Term Power Users,72,89.8,6510.45,90.42291666666667,8,No,0
CUST-00851,0,High-Value Long-Term Power Users,72,115.8,8476.5,117.72916666666667,8,No,0
CUST-00852,0,High-Value Long-Term Power Users,52,85.15,4461.85,85.8048076923077,7,No,0
CUST-00853,1,New Low-Spend Basic Customers,2,24.85,62.0,31.0,2,No,0
CUST-00854,2,High-Spend At-Risk Onboarders,5,64.35,352.65,70.53,4,No,0
CUST-00855,3,Loyal Low-Spend Long-Termers,68,20.5,1424.9,20.954411764705885,1,No,0
CUST-00856,0,High-Value Long-Term Power Users,62,100.15,6413.65,103.44596774193548,5,Yes,1
CUST-00857,0,High-Value Long-Term Power Users,72,86.05,6309.65,87.63402777777777,7,No,0
CUST-00858,1,New Low-Spend Basic Customers,1,50.8,50.8,50.8,2,Yes,1
CUST-00859,0,High-Value Long-Term Power Users,66,89.0,5898.6,89.37272727272727,5,No,0
CUST-00860,0,High-Value Long-Term Power Users,72,64.8,4719.75,65.55208333333333,6,No,0
CUST-00861,1,New Low-Spend Basic Customers,26,19.8,457.3,17.588461538461537,1,No,0
CUST-00862,0,High-Value Long-Term Power Users,64,93.4,5822.3,90.9734375,5,No,0
CUST-00863,2,High-Spend At-Risk Onboarders,20,73.65,1463.5,73.175,2,Yes,1
CUST-00864,2,High-Spend At-Risk Onboarders,3,95.1,307.4,102.46666666666665,4,Yes,1
CUST-00865,2,High-Spend At-Risk Onboarders,22,94.65,2104.55,95.66136363636365,4,Yes,1
CUST-00866,2,High-Spend At-Risk Onboarders,4,80.6,319.15,79.7875,3,Yes,1
CUST-00867,3,Loyal Low-Spend Long-Termers,62,39.0,2337.45,37.7008064516129,2,No,0
CUST-00868,1,New Low-Spend Basic Customers,5,20.5,104.3,20.86,1,No,0
CUST-00869,0,High-Value Long-Term Power Users,59,85.55,5084.65,86.18050847457627,3,Yes,1
CUST-00870,1,New Low-Spend Basic Customers,3,26.4,121.25,40.416666666666664,2,No,0
CUST-00871,0,High-Value Long-Term Power Users,72,98.2,7015.9,97.44305555555555,6,No,0
CUST-00872,0,High-Value Long-Term Power Users,57,97.55,5598.0,98.21052631578948,5,No,0
CUST-00873,3,Loyal Low-Spend Long-Termers,66,19.95,1269.1,19.228787878787877,1,No,0
CUST-00874,3,Loyal Low-Spend Long-Termers,60,50.8,3027.4,50.45666666666667,3,Yes,1
CUST-00875,0,High-Value Long-Term Power Users,45,99.7,4634.35,102.98555555555556,5,No,0
CUST-00876,1,New Low-Spend Basic Customers,3,34.8,113.95,37.983333333333334,1,No,0
CUST-00877,2,High-Spend At-Risk Onboarders,15,105.1,1582.75,105.51666666666667,6,Yes,1
CUST-00878,0,High-Value Long-Term Power Users,51,60.15,3077.0,60.333333333333336,5,No,0
CUST-00879,0,High-Value Long-Term Power Users,60,64.75,4039.5,67.325,5,No,0
CUST-00880,3,Loyal Low-Spend Long-Termers,33,54.65,1665.2,50.46060606060606,3,No,0
CUST-00881,2,High-Spend At-Risk Onboarders,10,110.1,1043.3,104.33,7,Yes,1
CUST-00882,1,New Low-Spend Basic Customers,26,19.3,504.2,19.392307692307693,1,No,0
CUST-00883,2,High-Spend At-Risk Onboarders,6,83.9,497.55,82.925,3,Yes,1
CUST-00884,0,High-Value Long-Term Power Users,67,111.25,7511.65,112.1141791044776,7,No,0
CUST-00885,3,Loyal Low-Spend Long-Termers,49,35.8,1782.0,36.36734693877551,2,No,0
CUST-00886,1,New Low-Spend Basic Customers,1,20.05,20.05,20.05,1,No,0
CUST-00887,2,High-Spend At-Risk Onboarders,7,84.35,609.65,87.09285714285714,3,No,0
CUST-00888,0,High-Value Long-Term Power Users,27,110.5,2857.6,105.83703703703704,7,No,0
CUST-00889,2,High-Spend At-Risk Onboarders,37,91.2,3247.55,87.77162162162162,3,No,0
CUST-00890,0,High-Value Long-Term Power Users,63,100.55,6215.35,98.65634920634922,6,Yes,1
CUST-00891,2,High-Spend At-Risk Onboarders,31,89.3,2823.0,91.06451612903226,5,No,0
CUST-00892,0,High-Value Long-Term Power Users,50,103.85,5017.9,100.35799999999999,6,Yes,1
CUST-00893,2,High-Spend At-Risk Onboarders,32,81.1,2619.25,81.8515625,3,No,0
CUST-00894,1,New Low-Spend Basic Customers,1,24.6,24.6,24.6,0,Yes,1
CUST-00895,0,High-Value Long-Term Power Users,63,81.2,4965.1,78.81111111111112,3,No,0
CUST-00896,2,High-Spend At-Risk Onboarders,30,94.3,2679.7,89.32333333333332,5,No,0
CUST-00897,0,High-Value Long-Term Power Users,71,116.1,8310.55,117.04999999999998,8,No,0
CUST-00898,0,High-Value Long-Term Power Users,53,105.55,5682.25,107.2122641509434,6,No,0
CUST-00899,2,High-Spend At-Risk Onboarders,12,98.9,1120.95,93.41250000000001,5,Yes,1
CUST-00900,0,High-Value Long-Term Power Users,50,94.4,4914.9,98.29799999999999,5,No,0
CUST-00901,1,New Low-Spend Basic Customers,2,19.5,27.55,13.775,1,No,0
CUST-00902,2,High-Spend At-Risk Onboarders,9,98.3,923.5,102.61111111111111,5,Yes,1
CUST-00903,2,High-Spend At-Risk Onboarders,17,93.85,1625.65,95.62647058823529,4,Yes,1
CUST-00904,0,High-Value Long-Term Power Users,56,105.6,6068.65,108.36874999999999,6,No,0
CUST-00905,0,High-Value Long-Term Power Users,67,81.35,5398.6,80.57611940298509,6,No,0
CUST-00906,2,High-Spend At-Risk Onboarders,9,100.5,918.6,102.06666666666666,5,Yes,1
CUST-00907,2,High-Spend At-Risk Onboarders,4,56.4,234.85,58.7125,2,No,0
CUST-00908,2,High-Spend At-Risk Onboarders,19,65.35,1231.85,64.83421052631579,4,No,0
CUST-00909,1,New Low-Spend Basic Customers,8,19.95,170.9,21.3625,1,No,0
CUST-00910,0,High-Value Long-Term Power Users,71,111.25,7984.15,112.45281690140844,7,No,0
CUST-00911,2,High-Spend At-Risk Onboarders,10,72.85,688.65,68.865,2,Yes,1
CUST-00912,2,High-Spend At-Risk Onboarders,15,89.0,1288.3,85.88666666666667,4,No,0
CUST-00913,0,High-Value Long-Term Power Users,72,106.1,7848.5,109.00694444444444,6,No,0
CUST-00914,1,New Low-Spend Basic Customers,12,20.05,267.0,22.25,1,No,0
CUST-00915,3,Loyal Low-Spend Long-Termers,72,25.2,1798.9,24.984722222222224,2,No,0
CUST-00916,2,High-Spend At-Risk Onboarders,1,73.55,73.55,73.55,2,Yes,1
CUST-00917,2,High-Spend At-Risk Onboarders,23,75.4,1643.55,71.45869565217392,2,No,0
CUST-00918,0,High-Value Long-Term Power Users,72,65.55,4807.45,66.77013888888888,6,No,0
CUST-00919,2,High-Spend At-Risk Onboarders,26,80.7,2193.0,84.34615384615384,3,No,0
CUST-00920,2,High-Spend At-Risk Onboarders,21,104.55,2239.4,106.63809523809525,6,No,0
CUST-00921,3,Loyal Low-Spend Long-Termers,60,24.15,1505.9,25.098333333333336,2,No,0
CUST-00922,1,New Low-Spend Basic Customers,12,20.45,255.35,21.279166666666665,1,No,0
CUST-00923,2,High-Spend At-Risk Onboarders,16,75.4,1189.4,74.3375,2,No,0
CUST-00924,0,High-Value Long-Term Power Users,63,79.7,4786.15,75.97063492063492,6,No,0
CUST-00925,2,High-Spend At-Risk Onboarders,22,81.7,1820.9,82.76818181818182,3,No,0
CUST-00926,2,High-Spend At-Risk Onboarders,32,76.3,2404.15,75.1296875,6,No,0
CUST-00927,2,High-Spend At-Risk Onboarders,3,79.4,205.05,68.35000000000001,3,Yes,1
CUST-00928,2,High-Spend At-Risk Onboarders,13,81.15,952.3,73.25384615384615,3,Yes,1
CUST-00929,0,High-Value Long-Term Power Users,68,103.75,7039.45,103.52132352941176,6,No,0
CUST-00930,2,High-Spend At-Risk Onboarders,30,86.45,2538.05,84.60166666666667,3,No,0
CUST-00931,2,High-Spend At-Risk Onboarders,16,75.1,1212.85,75.803125,2,No,0
CUST-00932,2,High-Spend At-Risk Onboarders,33,80.6,2651.1,80.33636363636363,3,No,0
CUST-00933,3,Loyal Low-Spend Long-Termers,72,19.3,1304.8,18.12222222222222,1,No,0
CUST-00934,2,High-Spend At-Risk Onboarders,4,84.6,360.1,90.025,3,Yes,1
CUST-00935,1,New Low-Spend Basic Customers,12,33.6,435.45,36.2875,2,No,0
CUST-00936,2,High-Spend At-Risk Onboarders,4,83.25,308.05,77.0125,3,No,0
CUST-00937,2,High-Spend At-Risk Onboarders,0,80.85,0.0,80.85,6,No,0
CUST-00938,2,High-Spend At-Risk Onboarders,6,79.05,434.5,72.41666666666667,3,Yes,1
CUST-00939,0,High-Value Long-Term Power Users,65,108.05,7118.9,109.52153846153846,7,No,0
CUST-00940,1,New Low-Spend Basic Customers,15,19.9,320.45,21.363333333333333,1,No,0
CUST-00941,1,New Low-Spend Basic Customers,24,21.05,531.55,22.147916666666664,1,No,0
CUST-00942,1,New Low-Spend Basic Customers,13,30.15,382.2,29.4,1,No,0
CUST-00943,2,High-Spend At-Risk Onboarders,24,79.85,2001.0,83.375,2,No,0
CUST-00944,0,High-Value Long-Term Power Users,72,65.5,4919.7,68.32916666666667,6,No,0
CUST-00945,0,High-Value Long-Term Power Users,54,104.1,5645.8,104.55185185185185,6,No,0
CUST-00946,2,High-Spend At-Risk Onboarders,3,74.4,215.8,71.93333333333334,2,Yes,1
CUST-00947,1,New Low-Spend Basic Customers,4,20.5,77.6,19.4,1,No,0
CUST-00948,2,High-Spend At-Risk Onboarders,32,91.35,2896.55,90.5171875,4,No,0
CUST-00949,0,High-Value Long-Term Power Users,35,99.05,3395.8,97.02285714285715,5,Yes,1
CUST-00950,1,New Low-Spend Basic Customers,35,20.5,759.35,21.695714285714285,1,No,0
CUST-00951,1,New Low-Spend Basic Customers,2,44.95,85.15,42.575,1,Yes,1
CUST-00952,2,High-Spend At-Risk Onboarders,8,75.6,535.55,66.94375,2,No,0
CUST-00953,2,High-Spend At-Risk Onboarders,22,55.1,1253.15,56.96136363636364,3,No,0
CUST-00954,2,High-Spend At-Risk Onboarders,15,58.95,955.15,63.67666666666666,4,No,0
CUST-00955,2,High-Spend At-Risk Onboarders,22,95.1,2162.6,98.3,4,No,0
CUST-00956,1,New Low-Spend Basic Customers,1,44.7,44.7,44.7,1,Yes,1
CUST-00957,3,Loyal Low-Spend Long-Termers,71,25.45,1813.35,25.54014084507042,2,No,0
CUST-00958,2,High-Spend At-Risk Onboarders,4,56.75,245.15,61.2875,3,No,0
CUST-00959,2,High-Spend At-Risk Onboarders,25,81.75,2028.8,81.152,7,No,0
CUST-00960,2,High-Spend At-Risk Onboarders,32,86.1,2723.75,85.1171875,3,No,0
CUST-00961,1,New Low-Spend Basic Customers,7,29.8,220.45,31.49285714285714,1,No,0
CUST-00962,1,New Low-Spend Basic Customers,17,20.5,365.8,21.51764705882353,1,No,0
CUST-00963,2,High-Spend At-Risk Onboarders,8,60.9,551.95,68.99375,3,No,0
CUST-00964,0,High-Value Long-Term Power Users,56,73.25,4054.2,72.39642857142857,6,No,0
CUST-00965,1,New Low-Spend Basic Customers,1,45.7,45.7,45.7,1,Yes,1
CUST-00966,2,High-Spend At-Risk Onboarders,8,100.3,832.35,104.04375,5,Yes,1
CUST-00967,1,New Low-Spend Basic Customers,7,19.25,112.3,16.04285714285714,1,Yes,1
CUST-00968,1,New Low-Spend Basic Customers,3,20.85,60.65,20.216666666666665,1,No,0
CUST-00969,0,High-Value Long-Term Power Users,71,77.35,5550.1,78.17042253521127,6,No,0
CUST-00970,2,High-Spend At-Risk Onboarders,2,96.0,174.8,87.4,4,Yes,1
CUST-00971,2,High-Spend At-Risk Onboarders,1,90.55,90.55,90.55,3,Yes,1
CUST-00972,0,High-Value Long-Term Power Users,49,93.85,4733.1,96.59387755102041,5,No,0
CUST-00973,0,High-Value Long-Term Power Users,58,70.1,4048.95,69.80948275862069,5,No,0
CUST-00974,3,Loyal Low-Spend Long-Termers,44,30.35,1359.7,30.902272727272727,1,Yes,1
CUST-00975,0,High-Value Long-Term Power Users,59,75.95,4542.35,76.98898305084747,5,No,0
CUST-00976,0,High-Value Long-Term Power Users,71,108.05,7532.15,106.08661971830985,7,Yes,1
CUST-00977,2,High-Spend At-Risk Onboarders,1,69.9,69.9,69.9,1,Yes,1
CUST-00978,2,High-Spend At-Risk Onboarders,11,75.25,888.65,80.78636363636363,2,No,0
CUST-00979,0,High-Value Long-Term Power Users,62,103.75,6383.35,102.95725806451614,6,Yes,1
CUST-00980,2,High-Spend At-Risk Onboarders,35,54.95,1916.0,54.74285714285714,3,No,0
CUST-00981,1,New Low-Spend Basic Customers,20,19.5,413.0,20.65,1,No,0
CUST-00982,3,Loyal Low-Spend Long-Termers,40,19.6,808.95,20.223750000000003,1,No,0
CUST-00983,3,Loyal Low-Spend Long-Termers,39,47.85,1886.4,48.369230769230775,2,No,0
CUST-00984,2,High-Spend At-Risk Onboarders,1,86.6,86.6,86.6,3,Yes,1
CUST-00985,3,Loyal Low-Spend Long-Termers,72,23.75,1679.25,23.322916666666668,2,No,0
CUST-00986,2,High-Spend At-Risk Onboarders,33,80.6,2656.5,80.5,3,Yes,1
CUST-00987,1,New Low-Spend Basic Customers,12,43.8,540.95,45.07916666666667,1,No,0
CUST-00988,1,New Low-Spend Basic Customers,1,19.75,19.75,19.75,1,No,0
CUST-00989,1,New Low-Spend Basic Customers,27,19.15,537.35,19.901851851851852,1,No,0
CUST-00990,1,New Low-Spend Basic Customers,34,19.6,678.8,19.96470588235294,1,No,0
CUST-00991,0,High-Value Long-Term Power Users,56,80.3,4513.65,80.60089285714285,3,No,0
CUST-00992,3,Loyal Low-Spend Long-Termers,58,24.35,1423.85,24.54913793103448,2,No,0
CUST-00993,1,New Low-Spend Basic Customers,22,25.25,555.4,25.245454545454546,2,No,0
CUST-00994,1,New Low-Spend Basic Customers,10,26.1,225.55,22.555,2,No,0
CUST-00995,1,New Low-Spend Basic Customers,13,20.0,268.45,20.65,1,No,0
CUST-00996,2,High-Spend At-Risk Onboarders,35,85.3,2917.5,83.35714285714286,4,Yes,1
CUST-00997,2,High-Spend At-Risk Onboarders,34,70.0,2416.1,71.06176470588235,1,Yes,1
CUST-00998,2,High-Spend At-Risk Onboarders,4,94.3,424.45,106.1125,4,Yes,1
CUST-00999,3,Loyal Low-Spend Long-Termers,72,20.7,1492.1,20.72361111111111,1,No,0
CUST-01000,2,High-Spend At-Risk Onboarders,2,70.3,132.4,66.2,4,No,0
CUST-01001,2,High-Spend At-Risk Onboarders,7,95.35,660.9,94.41428571428571,4,Yes,1
CUST-01002,2,High-Spend At-Risk Onboarders,27,75.5,1893.95,70.1462962962963,2,Yes,1
CUST-01003,2,High-Spend At-Risk Onboarders,4,69.55,284.9,71.225,1,No,0
CUST-01004,3,Loyal Low-Spend Long-Termers,37,19.85,784.25,21.195945945945947,1,No,0
CUST-01005,1,New Low-Spend Basic Customers,21,20.0,417.7,19.89047619047619,1,No,0
CUST-01006,0,High-Value Long-Term Power Users,53,95.85,5016.25,94.64622641509433,4,No,0
CUST-01007,2,High-Spend At-Risk Onboarders,18,90.1,1612.75,89.59722222222223,4,Yes,1
CUST-01008,2,High-Spend At-Risk Onboarders,2,68.95,119.75,59.875,1,Yes,1
CUST-01009,0,High-Value Long-Term Power Users,32,99.55,3204.65,100.1453125,5,Yes,1
CUST-01010,1,New Low-Spend Basic Customers,23,20.75,485.2,21.09565217391304,1,No,0
CUST-01011,1,New Low-Spend Basic Customers,3,50.15,160.85,53.61666666666667,2,No,0
CUST-01012,0,High-Value Long-Term Power Users,71,58.65,4145.25,58.38380281690141,5,No,0
CUST-01013,2,High-Spend At-Risk Onboarders,9,95.9,827.45,91.9388888888889,4,No,0
CUST-01014,1,New Low-Spend Basic Customers,1,49.5,49.5,49.5,2,No,0
CUST-01015,2,High-Spend At-Risk Onboarders,18,57.45,990.85,55.047222222222224,3,Yes,1
CUST-01016,2,High-Spend At-Risk Onboarders,12,53.65,696.35,58.02916666666667,2,Yes,1
CUST-01017,0,High-Value Long-Term Power Users,71,80.1,5585.4,78.66760563380281,7,No,0
CUST-01018,3,Loyal Low-Spend Long-Termers,64,24.4,1601.2,25.01875,2,No,0
CUST-01019,1,New Low-Spend Basic Customers,4,40.05,162.45,40.6125,2,No,0
CUST-01020,1,New Low-Spend Basic Customers,23,19.5,470.2,20.443478260869565,1,No,0
CUST-01021,3,Loyal Low-Spend Long-Termers,39,51.05,2066.0,52.97435897435897,2,No,0
CUST-01022,2,High-Spend At-Risk Onboarders,28,54.35,1426.45,50.94464285714286,3,No,0
CUST-01023,2,High-Spend At-Risk Onboarders,5,84.7,392.5,78.5,3,No,0
CUST-01024,0,High-Value Long-Term Power Users,45,86.1,3861.45,85.81,3,No,0
CUST-01025,2,High-Spend At-Risk Onboarders,37,70.35,2552.9,68.9972972972973,1,No,0
CUST-01026,0,High-Value Long-Term Power Users,60,110.0,6668.35,111.13916666666667,7,No,0
CUST-01027,2,High-Spend At-Risk Onboarders,8,100.6,819.4,102.425,5,Yes,1
CUST-01028,0,High-Value Long-Term Power Users,47,94.9,4615.25,98.19680851063829,5,No,0
CUST-01029,2,High-Spend At-Risk Onboarders,26,83.75,2070.6,79.63846153846154,3,Yes,1
CUST-01030,2,High-Spend At-Risk Onboarders,3,88.3,273.75,91.25,4,Yes,1
CUST-01031,3,Loyal Low-Spend Long-Termers,50,69.75,3557.7,71.154,1,No,0
CUST-01032,2,High-Spend At-Risk Onboarders,27,71.6,1957.1,72.48518518518519,5,No,0
CUST-01033,2,High-Spend At-Risk Onboarders,8,92.1,729.95,91.24375,4,Yes,1
CUST-01034,3,Loyal Low-Spend Long-Termers,62,23.65,1416.75,22.850806451612904,2,No,0
CUST-01035,0,High-Value Long-Term Power Users,71,81.85,5924.4,83.44225352112676,6,No,0
CUST-01036,3,Loyal Low-Spend Long-Termers,66,25.1,1697.7,25.722727272727273,2,No,0
CUST-01037,0,High-Value Long-Term Power Users,68,114.7,7849.85,115.43897058823529,8,No,0
CUST-01038,1,New Low-Spend Basic Customers,13,49.15,649.4,49.95384615384615,3,No,0
CUST-01039,0,High-Value Long-Term Power Users,56,80.9,4557.5,81.38392857142857,2,No,0
CUST-01040,2,High-Spend At-Risk Onboarders,38,79.45,3013.05,79.29078947368421,3,Yes,1
CUST-01041,2,High-Spend At-Risk Onboarders,14,90.45,1266.1,90.43571428571428,3,Yes,1
CUST-01042,1,New Low-Spend Basic Customers,16,19.3,360.35,22.521875,1,No,0
CUST-01043,2,High-Spend At-Risk Onboarders,14,70.2,1046.5,74.75,1,No,0
CUST-01044,2,High-Spend At-Risk Onboarders,32,69.75,2347.9,73.371875,1,Yes,1
CUST-01045,2,High-Spend At-Risk Onboarders,8,54.25,447.75,55.96875,3,No,0
CUST-01046,0,High-Value Long-Term Power Users,43,99.3,4209.95,97.90581395348836,5,No,0
CUST-01047,0,High-Value Long-Term Power Users,52,74.0,3877.65,74.57019230769231,6,No,0
CUST-01048,1,New Low-Spend Basic Customers,3,50.25,152.3,50.76666666666667,2,No,0
CUST-01049,1,New Low-Spend Basic Customers,29,19.8,572.2,19.731034482758623,1,No,0
CUST-01050,1,New Low-Spend Basic Customers,1,19.65,19.65,19.65,1,Yes,1
CUST-01051,1,New Low-Spend Basic Customers,12,43.65,526.95,43.9125,3,Yes,1
CUST-01052,1,New Low-Spend Basic Customers,16,35.5,552.7,34.54375,1,No,0
CUST-01053,0,High-Value Long-Term Power Users,40,80.75,3208.65,80.21625,6,No,0
CUST-01054,1,New Low-Spend Basic Customers,5,39.5,210.75,42.15,2,Yes,1
CUST-01055,0,High-Value Long-Term Power Users,40,97.1,3706.95,92.67375,4,Yes,1
CUST-01056,1,New Low-Spend Basic Customers,36,19.55,620.75,17.243055555555557,1,No,0
CUST-01057,2,High-Spend At-Risk Onboarders,5,80.0,412.5,82.5,2,Yes,1
CUST-01058,2,High-Spend At-Risk Onboarders,10,84.7,832.05,83.205,3,Yes,1
CUST-01059,2,High-Spend At-Risk Onboarders,2,89.55,185.55,92.775,3,Yes,1
CUST-01060,2,High-Spend At-Risk Onboarders,23,90.6,1943.2,84.48695652173913,4,Yes,1
CUST-01061,1,New Low-Spend Basic Customers,26,20.05,505.9,19.457692307692305,1,No,0
CUST-01062,0,High-Value Long-Term Power Users,72,112.4,8046.85,111.76180555555555,7,No,0
CUST-01063,3,Loyal Low-Spend Long-Termers,34,50.2,1815.3,53.391176470588235,2,No,0
CUST-01064,2,High-Spend At-Risk Onboarders,10,62.25,612.95,61.295,4,No,0
CUST-01065,2,High-Spend At-Risk Onboarders,14,55.7,795.15,56.79642857142857,3,No,0
CUST-01066,2,High-Spend At-Risk Onboarders,23,90.05,2169.8,94.33913043478262,4,Yes,1
CUST-01067,3,Loyal Low-Spend Long-Termers,47,19.65,973.1,20.70425531914894,1,No,0
CUST-01068,2,High-Spend At-Risk Onboarders,24,89.25,2210.2,92.09166666666665,4,No,0
CUST-01069,0,High-Value Long-Term Power Users,49,99.05,4853.75,99.0561224489796,5,Yes,1
CUST-01070,2,High-Spend At-Risk Onboarders,20,54.0,1055.9,52.795,3,No,0
CUST-01071,2,High-Spend At-Risk Onboarders,2,69.75,144.55,72.275,1,Yes,1
CUST-01072,1,New Low-Spend Basic Customers,2,49.05,91.1,45.55,2,Yes,1
CUST-01073,2,High-Spend At-Risk Onboarders,22,56.75,1304.85,59.31136363636363,4,No,0
CUST-01074,2,High-Spend At-Risk Onboarders,7,98.05,713.0,101.85714285714286,5,Yes,1
CUST-01075,1,New Low-Spend Basic Customers,1,21.1,21.1,21.1,1,No,0
CUST-01076,0,High-Value Long-Term Power Users,59,96.65,5580.8,94.58983050847458,5,No,0
CUST-01077,3,Loyal Low-Spend Long-Termers,58,24.5,1497.9,25.82586206896552,2,No,0
CUST-01078,0,High-Value Long-Term Power Users,41,114.5,4527.45,110.42560975609756,8,Yes,1
CUST-01079,0,High-Value Long-Term Power Users,59,79.2,4590.35,77.80254237288136,3,No,0
CUST-01080,2,High-Spend At-Risk Onboarders,3,69.55,200.2,66.73333333333333,1,No,0
CUST-01081,1,New Low-Spend Basic Customers,32,20.05,614.45,19.2015625,1,No,0
CUST-01082,0,High-Value Long-Term Power Users,46,98.85,4564.9,99.23695652173912,5,No,0
CUST-01083,1,New Low-Spend Basic Customers,0,25.75,0.0,25.75,2,No,0
CUST-01084,2,High-Spend At-Risk Onboarders,2,80.95,171.15,85.575,2,Yes,1
CUST-01085,3,Loyal Low-Spend Long-Termers,52,19.6,1012.4,19.46923076923077,1,No,0
CUST-01086,2,High-Spend At-Risk Onboarders,13,74.3,940.35,72.33461538461539,2,Yes,1
CUST-01087,2,High-Spend At-Risk Onboarders,11,89.7,1047.7,95.24545454545455,3,Yes,1
CUST-01088,2,High-Spend At-Risk Onboarders,32,87.65,2766.4,86.45,4,No,0
CUST-01089,2,High-Spend At-Risk Onboarders,17,100.45,1622.45,95.43823529411765,5,Yes,1
CUST-01090,2,High-Spend At-Risk Onboarders,16,74.75,1129.35,70.584375,2,No,0
CUST-01091,0,High-Value Long-Term Power Users,51,107.45,5680.9,111.39019607843136,7,No,0
CUST-01092,2,High-Spend At-Risk Onboarders,29,75.35,2243.9,77.37586206896552,5,No,0
CUST-01093,0,High-Value Long-Term Power Users,70,64.95,4523.25,64.61785714285715,5,No,0
CUST-01094,0,High-Value Long-Term Power Users,71,100.45,7159.7,100.84084507042253,6,No,0
CUST-01095,2,High-Spend At-Risk Onboarders,41,68.5,2839.95,69.2670731707317,5,No,0
CUST-01096,2,High-Spend At-Risk Onboarders,1,80.55,80.55,80.55,2,No,0
CUST-01097,2,High-Spend At-Risk Onboarders,7,81.25,580.1,82.87142857142858,6,No,0
CUST-01098,2,High-Spend At-Risk Onboarders,25,90.4,2178.6,87.14399999999999,3,Yes,1
CUST-01099,0,High-Value Long-Term Power Users,67,89.55,6038.55,90.12761194029851,5,No,0
CUST-01100,2,High-Spend At-Risk Onboarders,5,55.7,259.4,51.879999999999995,3,No,0
CUST-01101,1,New Low-Spend Basic Customers,15,24.8,324.15,21.61,2,No,0
CUST-01102,1,New Low-Spend Basic Customers,20,20.0,417.65,20.8825,1,No,0
CUST-01103,2,High-Spend At-Risk Onboarders,3,56.15,168.15,56.050000000000004,3,Yes,1
CUST-01104,0,High-Value Long-Term Power Users,54,105.2,5637.85,104.40462962962964,6,No,0
CUST-01105,3,Loyal Low-Spend Long-Termers,42,19.55,839.4,19.985714285714284,1,No,0
CUST-01106,2,High-Spend At-Risk Onboarders,9,79.75,769.1,85.45555555555556,2,No,0
CUST-01107,0,High-Value Long-Term Power Users,63,97.45,6253.0,99.25396825396825,5,No,0
CUST-01108,3,Loyal Low-Spend Long-Termers,69,24.25,1641.8,23.794202898550726,2,No,0
CUST-01109,3,Loyal Low-Spend Long-Termers,69,24.6,1678.05,24.319565217391304,2,No,0
CUST-01110,3,Loyal Low-Spend Long-Termers,40,50.15,2058.5,51.4625,2,No,0
CUST-01111,3,Loyal Low-Spend Long-Termers,60,39.6,2424.5,40.40833333333333,3,No,0
CUST-01112,2,High-Spend At-Risk Onboarders,4,94.4,387.2,96.8,5,Yes,1
CUST-01113,0,High-Value Long-Term Power Users,71,89.85,6293.45,88.64014084507042,8,No,0
CUST-01114,2,High-Spend At-Risk Onboarders,37,78.95,2839.65,76.7472972972973,3,Yes,1
CUST-01115,0,High-Value Long-Term Power Users,32,98.85,3145.9,98.309375,5,No,0
CUST-01116,3,Loyal Low-Spend Long-Termers,39,53.85,2200.7,56.42820512820512,3,No,0
CUST-01117,3,Loyal Low-Spend Long-Termers,38,24.25,914.4,24.063157894736843,2,No,0
CUST-01118,0,High-Value Long-Term Power Users,52,89.45,4577.75,88.03365384615384,4,No,0
CUST-01119,0,High-Value Long-Term Power Users,48,105.25,4997.5,104.11458333333333,6,No,0
CUST-01120,0,High-Value Long-Term Power Users,70,59.5,4144.8,59.21142857142858,5,No,0
CUST-01121,2,High-Spend At-Risk Onboarders,20,70.55,1493.55,74.6775,1,No,0
CUST-01122,0,High-Value Long-Term Power Users,50,82.5,4179.1,83.58200000000001,7,No,0
CUST-01123,1,New Low-Spend Basic Customers,19,44.85,893.55,47.02894736842105,2,Yes,1
CUST-01124,2,High-Spend At-Risk Onboarders,25,61.6,1611.0,64.44,4,No,0
CUST-01125,1,New Low-Spend Basic Customers,12,49.05,593.05,49.42083333333333,2,No,0
CUST-01126,0,High-Value Long-Term Power Users,39,105.65,4284.8,109.86666666666667,6,Yes,1
CUST-01127,2,High-Spend At-Risk Onboarders,7,74.65,544.55,77.79285714285713,2,Yes,1
CUST-01128,2,High-Spend At-Risk Onboarders,23,66.25,1533.8,66.68695652173913,5,No,0
CUST-01129,1,New Low-Spend Basic Customers,27,19.4,529.8,19.62222222222222,1,No,0
CUST-01130,0,High-Value Long-Term Power Users,47,86.05,3865.6,82.2468085106383,3,No,0
CUST-01131,1,New Low-Spend Basic Customers,26,19.15,515.75,19.83653846153846,1,No,0
CUST-01132,2,High-Spend At-Risk Onboarders,14,64.7,941.0,67.21428571428571,4,Yes,1
CUST-01133,2,High-Spend At-Risk Onboarders,11,104.05,1133.65,103.05909090909091,6,Yes,1
CUST-01134,1,New Low-Spend Basic Customers,2,19.25,48.35,24.175,1,No,0
CUST-01135,2,High-Spend At-Risk Onboarders,26,81.95,2070.05,79.6173076923077,3,No,0
CUST-01136,0,High-Value Long-Term Power Users,72,114.65,8333.95,115.74930555555557,8,No,0
CUST-01137,3,Loyal Low-Spend Long-Termers,63,20.0,1209.25,19.194444444444443,1,No,0
CUST-01138,3,Loyal Low-Spend Long-Termers,71,19.8,1396.25,19.66549295774648,1,No,0
CUST-01139,2,High-Spend At-Risk Onboarders,11,65.15,723.35,65.75909090909092,4,No,0
CUST-01140,1,New Low-Spend Basic Customers,14,19.65,228.65,16.33214285714286,1,No,0
CUST-01141,2,High-Spend At-Risk Onboarders,13,88.95,1161.75,89.36538461538461,8,No,0
CUST-01142,1,New Low-Spend Basic Customers,6,20.2,98.35,16.391666666666666,1,No,0
CUST-01143,2,High-Spend At-Risk Onboarders,11,75.2,775.3,70.48181818181818,2,No,0
CUST-01144,2,High-Spend At-Risk Onboarders,18,56.8,1074.65,59.70277777777778,3,No,0
CUST-01145,1,New Low-Spend Basic Customers,1,35.55,35.55,35.55,1,Yes,1
CUST-01146,2,High-Spend At-Risk Onboarders,32,75.5,2324.7,72.646875,2,No,0
CUST-01147,1,New Low-Spend Basic Customers,29,35.6,1072.6,36.98620689655172,2,No,0
CUST-01148,2,High-Spend At-Risk Onboarders,3,60.25,170.5,56.833333333333336,3,No,0
CUST-01149,2,High-Spend At-Risk Onboarders,2,95.15,196.9,98.45,4,Yes,1
CUST-01150,2,High-Spend At-Risk Onboarders,13,96.65,1162.85,89.44999999999999,4,Yes,1
CUST-01151,3,Loyal Low-Spend Long-Termers,41,40.35,1677.85,40.923170731707316,2,No,0
CUST-01152,1,New Low-Spend Basic Customers,1,18.85,18.85,18.85,1,No,0
CUST-01153,1,New Low-Spend Basic Customers,7,54.85,370.4,52.91428571428571,2,No,0
CUST-01154,0,High-Value Long-Term Power Users,52,64.3,3410.6,65.58846153846153,4,No,0
CUST-01155,3,Loyal Low-Spend Long-Termers,45,24.65,1138.8,25.306666666666665,2,No,0
CUST-01156,0,High-Value Long-Term Power Users,70,76.1,5264.25,75.20357142857142,6,No,0
CUST-01157,3,Loyal Low-Spend Long-Termers,53,18.7,1005.7,18.975471698113207,1,No,0
CUST-01158,0,High-Value Long-Term Power Users,62,97.95,5936.55,95.7508064516129,5,No,0
CUST-01159,0,High-Value Long-Term Power Users,60,94.1,5475.9,91.265,5,No,0
CUST-01160,2,High-Spend At-Risk Onboarders,3,80.4,224.05,74.68333333333334,2,Yes,1
CUST-01161,2,High-Spend At-Risk Onboarders,23,95.1,2326.05,101.13260869565218,4,No,0
CUST-01162,1,New Low-Spend Basic Customers,1,31.35,31.35,31.35,1,Yes,1
CUST-01163,0,High-Value Long-Term Power Users,67,72.35,4991.5,74.5,5,No,0
CUST-01164,2,High-Spend At-Risk Onboarders,12,89.75,1052.4,87.7,4,Yes,1
CUST-01165,0,High-Value Long-Term Power Users,71,82.7,5831.2,82.12957746478872,7,No,0
CUST-01166,1,New Low-Spend Basic Customers,25,19.9,510.8,20.432000000000002,1,No,0
CUST-01167,2,High-Spend At-Risk Onboarders,5,53.8,283.95,56.79,3,No,0
CUST-01168,1,New Low-Spend Basic Customers,26,51.55,1295.4,49.823076923076925,2,No,0
CUST-01169,1,New Low-Spend Basic Customers,1,19.65,19.65,19.65,1,No,0
CUST-01170,3,Loyal Low-Spend Long-Termers,70,44.05,3011.65,43.02357142857143,3,No,0
CUST-01171,0,High-Value Long-Term Power Users,72,114.0,8093.15,112.4048611111111,8,No,0
CUST-01172,0,High-Value Long-Term Power Users,60,94.4,5610.25,93.50416666666666,4,Yes,1
CUST-01173,0,High-Value Long-Term Power Users,32,100.4,3217.65,100.5515625,5,No,0
CUST-01174,1,New Low-Spend Basic Customers,1,19.85,19.85,19.85,1,Yes,1
CUST-01175,2,High-Spend At-Risk Onboarders,14,54.25,773.2,55.228571428571435,3,No,0
CUST-01176,2,High-Spend At-Risk Onboarders,13,80.0,1029.35,79.18076923076923,3,No,0
CUST-01177,2,High-Spend At-Risk Onboarders,6,109.9,669.45,111.575,7,Yes,1
CUST-01178,0,High-Value Long-Term Power Users,46,79.2,3593.8,78.12608695652175,6,No,0
CUST-01179,2,High-Spend At-Risk Onboarders,15,101.35,1553.95,103.59666666666666,5,Yes,1
CUST-01180,0,High-Value Long-Term Power Users,43,94.3,3953.15,91.93372093023255,5,No,0
CUST-01181,3,Loyal Low-Spend Long-Termers,39,49.8,1971.15,50.542307692307695,2,No,0
CUST-01182,2,High-Spend At-Risk Onboarders,21,60.05,1236.15,58.86428571428572,3,Yes,1
CUST-01183,3,Loyal Low-Spend Long-Termers,57,53.75,3196.0,56.07017543859649,4,No,0
CUST-01184,0,High-Value Long-Term Power Users,53,93.45,4872.2,91.92830188679245,4,No,0
CUST-01185,2,High-Spend At-Risk Onboarders,18,87.9,1500.5,83.36111111111111,4,No,0
CUST-01186,2,High-Spend At-Risk Onboarders,1,60.15,60.15,60.15,3,Yes,1
CUST-01187,3,Loyal Low-Spend Long-Termers,58,61.05,3478.75,59.97844827586207,4,No,0
CUST-01188,0,High-Value Long-Term Power Users,71,104.05,7413.55,104.41619718309859,5,No,0
CUST-01189,0,High-Value Long-Term Power Users,35,99.25,3532.0,100.91428571428571,5,No,0
CUST-01190,2,High-Spend At-Risk Onboarders,3,85.7,256.75,85.58333333333333,3,No,0
CUST-01191,0,High-Value Long-Term Power Users,38,104.85,3887.25,102.29605263157895,6,No,0
CUST-01192,2,High-Spend At-Risk Onboarders,35,69.15,2490.15,71.14714285714285,6,No,0
CUST-01193,2,High-Spend At-Risk Onboarders,7,90.45,593.45,84.77857142857144,4,Yes,1
CUST-01194,0,High-Value Long-Term Power Users,47,74.45,3510.3,74.6872340425532,5,No,0
CUST-01195,1,New Low-Spend Basic Customers,14,50.45,765.45,54.675000000000004,2,No,0
CUST-01196,2,High-Spend At-Risk Onboarders,20,60.0,1259.35,62.967499999999994,3,No,0
CUST-01197,0,High-Value Long-Term Power Users,66,85.25,5538.35,83.91439393939395,7,No,0
CUST-01198,1,New Low-Spend Basic Customers,15,19.45,340.85,22.723333333333336,1,No,0
CUST-01199,3,Loyal Low-Spend Long-Termers,42,20.75,844.45,20.10595238095238,1,No,0
CUST-01200,2,High-Spend At-Risk Onboarders,17,78.9,1348.95,79.35000000000001,3,No,0
CUST-01201,0,High-Value Long-Term Power Users,37,104.5,3778.0,102.10810810810811,6,No,0
CUST-01202,1,New Low-Spend Basic Customers,12,49.4,611.65,50.97083333333333,2,No,0
CUST-01203,0,High-Value Long-Term Power Users,53,94.25,4867.95,91.84811320754717,4,Yes,1
CUST-01204,3,Loyal Low-Spend Long-Termers,60,25.0,1505.05,25.084166666666665,2,No,0
CUST-01205,1,New Low-Spend Basic Customers,18,25.55,467.85,25.991666666666667,0,No,0
CUST-01206,2,High-Spend At-Risk Onboarders,1,74.9,74.9,74.9,2,Yes,1
CUST-01207,2,High-Spend At-Risk Onboarders,3,70.15,194.2,64.73333333333333,1,No,0
CUST-01208,2,High-Spend At-Risk Onboarders,9,69.4,571.45,63.49444444444445,4,No,0
CUST-01209,2,High-Spend At-Risk Onboarders,1,80.25,80.25,80.25,2,Yes,1
CUST-01210,0,High-Value Long-Term Power Users,56,93.15,5253.95,93.82053571428571,5,No,0
CUST-01211,2,High-Spend At-Risk Onboarders,17,69.0,1149.65,67.62647058823529,1,Yes,1
CUST-01212,2,High-Spend At-Risk Onboarders,11,66.35,740.8,67.34545454545454,4,Yes,1
CUST-01213,2,High-Spend At-Risk Onboarders,7,69.55,521.35,74.47857142857143,1,No,0
CUST-01214,3,Loyal Low-Spend Long-Termers,69,20.2,1412.65,20.473188405797103,1,No,0
CUST-01215,2,High-Spend At-Risk Onboarders,19,86.0,1532.45,80.65526315789474,3,Yes,1
CUST-01216,2,High-Spend At-Risk Onboarders,3,80.3,250.05,83.35000000000001,2,Yes,1
CUST-01217,3,Loyal Low-Spend Long-Termers,54,20.4,1090.6,20.196296296296296,1,No,0
CUST-01218,3,Loyal Low-Spend Long-Termers,62,23.75,1446.8,23.335483870967742,2,No,0
CUST-01219,2,High-Spend At-Risk Onboarders,24,90.55,2282.55,95.10625,4,Yes,1
CUST-01220,0,High-Value Long-Term Power Users,62,70.45,4300.45,69.36209677419355,4,No,0
CUST-01221,2,High-Spend At-Risk Onboarders,17,65.75,1111.2,65.36470588235295,4,No,0
CUST-01222,1,New Low-Spend Basic Customers,9,24.6,190.1,21.12222222222222,0,No,0
CUST-01223,0,High-Value Long-Term Power Users,64,69.25,4447.75,69.49609375,5,No,0
CUST-01224,2,High-Spend At-Risk Onboarders,2,75.9,143.35,71.675,2,Yes,1
CUST-01225,1,New Low-Spend Basic Customers,1,45.85,45.85,45.85,1,Yes,1
CUST-01226,1,New Low-Spend Basic Customers,16,49.95,810.2,50.6375,3,Yes,1
CUST-01227,3,Loyal Low-Spend Long-Termers,72,24.65,1830.05,25.41736111111111,2,No,0
CUST-01228,2,High-Spend At-Risk Onboarders,30,90.4,2820.65,94.02166666666668,5,No,0
CUST-01229,0,High-Value Long-Term Power Users,49,100.85,4847.35,98.92551020408165,5,No,0
CUST-01230,0,High-Value Long-Term Power Users,61,75.35,4729.3,77.52950819672131,6,No,0
CUST-01231,0,High-Value Long-Term Power Users,47,87.2,4017.45,85.47765957446808,4,No,0
CUST-01232,2,High-Spend At-Risk Onboarders,20,64.4,1398.6,69.92999999999999,4,No,0
CUST-01233,2,High-Spend At-Risk Onboarders,34,78.3,2564.3,75.42058823529412,2,Yes,1
CUST-01234,3,Loyal Low-Spend Long-Termers,70,24.7,1685.9,24.084285714285716,2,No,0
CUST-01235,0,High-Value Long-Term Power Users,54,105.85,5826.65,107.90092592592592,6,No,0
CUST-01236,0,High-Value Long-Term Power Users,61,98.3,6066.55,99.4516393442623,6,No,0
CUST-01237,2,High-Spend At-Risk Onboarders,3,76.95,228.4,76.13333333333334,2,Yes,1
CUST-01238,1,New Low-Spend Basic Customers,13,19.45,270.2,20.784615384615385,1,No,0
CUST-01239,2,High-Spend At-Risk Onboarders,16,96.15,1529.2,95.575,4,Yes,1
CUST-01240,2,High-Spend At-Risk Onboarders,3,58.7,168.6,56.199999999999996,3,No,0
CUST-01241,1,New Low-Spend Basic Customers,25,20.15,536.35,21.454,1,No,0
CUST-01242,2,High-Spend At-Risk Onboarders,30,64.5,1888.45,62.94833333333334,4,No,0
CUST-01243,1,New Low-Spend Basic Customers,21,28.5,629.35,29.969047619047622,1,No,0
CUST-01244,1,New Low-Spend Basic Customers,1,45.3,45.3,45.3,1,Yes,1
CUST-01245,1,New Low-Spend Basic Customers,15,19.4,289.3,19.28666666666667,1,Yes,1
CUST-01246,2,High-Spend At-Risk Onboarders,23,90.45,2117.25,92.05434782608695,3,No,0
CUST-01247,0,High-Value Long-Term Power Users,45,105.15,4730.9,105.1311111111111,6,No,0
CUST-01248,2,High-Spend At-Risk Onboarders,24,83.15,2033.05,84.71041666666666,4,No,0
CUST-01249,2,High-Spend At-Risk Onboarders,11,90.15,987.95,89.81363636363636,4,Yes,1
CUST-01250,1,New Low-Spend Basic Customers,1,45.05,45.05,45.05,1,Yes,1
CUST-01251,0,High-Value Long-Term Power Users,56,103.2,5744.35,102.57767857142858,6,No,0
CUST-01252,2,High-Spend At-Risk Onboarders,1,75.8,75.8,75.8,2,Yes,1
CUST-01253,1,New Low-Spend Basic Customers,1,19.45,19.45,19.45,1,No,0
CUST-01254,2,High-Spend At-Risk Onboarders,7,79.3,523.15,74.73571428571428,2,Yes,1
CUST-01255,0,High-Value Long-Term Power Users,55,88.8,4805.3,87.36909090909091,4,No,0
CUST-01256,1,New Low-Spend Basic Customers,2,30.9,59.05,29.525,1,Yes,1
CUST-01257,0,High-Value Long-Term Power Users,72,85.9,6110.75,84.87152777777777,7,No,0
CUST-01258,3,Loyal Low-Spend Long-Termers,45,34.2,1596.6,35.48,1,No,0
CUST-01259,3,Loyal Low-Spend Long-Termers,47,20.15,1046.2,22.25957446808511,1,No,0
CUST-01260,0,High-Value Long-Term Power Users,46,95.25,4424.2,96.17826086956521,4,Yes,1
CUST-01261,1,New Low-Spend Basic Customers,2,50.3,92.75,46.375,2,No,0
CUST-01262,2,High-Spend At-Risk Onboarders,2,80.15,194.55,97.275,3,No,0
CUST-01263,1,New Low-Spend Basic Customers,12,51.25,612.1,51.00833333333333,2,No,0
CUST-01264,0,High-Value Long-Term Power Users,68,89.6,6127.6,90.11176470588236,4,Yes,1
CUST-01265,0,High-Value Long-Term Power Users,69,95.2,6671.7,96.69130434782609,4,No,0
CUST-01266,0,High-Value Long-Term Power Users,56,94.8,5264.3,94.00535714285715,4,No,0
CUST-01267,2,High-Spend At-Risk Onboarders,4,80.25,303.7,75.925,3,No,0
CUST-01268,0,High-Value Long-Term Power Users,64,76.1,4818.8,75.29375,6,No,0
CUST-01269,0,High-Value Long-Term Power Users,59,110.15,6448.05,109.28898305084746,7,Yes,1
CUST-01270,0,High-Value Long-Term Power Users,62,115.55,7159.05,115.46854838709677,8,No,0
CUST-01271,3,Loyal Low-Spend Long-Termers,63,24.65,1574.5,24.99206349206349,2,No,0
CUST-01272,3,Loyal Low-Spend Long-Termers,53,53.6,2879.2,54.32452830188679,5,No,0
CUST-01273,1,New Low-Spend Basic Customers,5,19.45,86.05,17.21,1,No,0
CUST-01274,0,High-Value Long-Term Power Users,49,88.2,4159.45,84.88673469387754,5,No,0
CUST-01275,0,High-Value Long-Term Power Users,62,101.15,6638.35,107.07016129032259,5,No,0
CUST-01276,3,Loyal Low-Spend Long-Termers,55,56.8,3112.05,56.582727272727276,4,No,0
CUST-01277,0,High-Value Long-Term Power Users,71,99.4,7168.25,100.96126760563381,6,No,0
CUST-01278,3,Loyal Low-Spend Long-Termers,72,20.1,1326.25,18.42013888888889,1,No,0
CUST-01279,2,High-Spend At-Risk Onboarders,36,60.7,2234.55,62.07083333333334,5,No,0
CUST-01280,1,New Low-Spend Basic Customers,25,20.95,495.15,19.805999999999997,1,No,0
CUST-01281,0,High-Value Long-Term Power Users,72,114.85,8317.95,115.52708333333334,8,No,0
CUST-01282,1,New Low-Spend Basic Customers,36,19.25,679.8,18.883333333333333,1,No,0
CUST-01283,2,High-Spend At-Risk Onboarders,1,62.8,62.8,62.8,3,No,0
CUST-01284,0,High-Value Long-Term Power Users,72,105.5,7544.0,104.77777777777777,6,No,0
CUST-01285,3,Loyal Low-Spend Long-Termers,59,19.85,1188.25,20.139830508474578,1,No,0
CUST-01286,2,High-Spend At-Risk Onboarders,7,89.5,676.7,96.67142857142858,3,Yes,1
CUST-01287,2,High-Spend At-Risk Onboarders,1,74.1,74.1,74.1,5,No,0
CUST-01288,0,High-Value Long-Term Power Users,30,107.5,3242.5,108.08333333333333,7,No,0
CUST-01289,3,Loyal Low-Spend Long-Termers,64,19.55,1240.15,19.37734375,1,No,0
CUST-01290,0,High-Value Long-Term Power Users,63,68.8,4111.35,65.25952380952381,6,No,0
CUST-01291,0,High-Value Long-Term Power Users,72,84.45,5899.85,81.94236111111111,7,No,0
CUST-01292,2,High-Spend At-Risk Onboarders,8,75.0,632.95,79.11875,2,Yes,1
CUST-01293,0,High-Value Long-Term Power Users,62,84.5,5193.2,83.76129032258065,7,No,0
CUST-01294,0,High-Value Long-Term Power Users,67,111.2,7530.8,112.4,7,No,0
CUST-01295,1,New Low-Spend Basic Customers,6,44.75,270.95,45.15833333333333,1,Yes,1
CUST-01296,0,High-Value Long-Term Power Users,70,80.6,5460.2,78.00285714285714,6,No,0
CUST-01297,2,High-Spend At-Risk Onboarders,20,80.7,1614.2,80.71000000000001,2,No,0
CUST-01298,2,High-Spend At-Risk Onboarders,5,75.6,402.5,80.5,2,No,0
CUST-01299,2,High-Spend At-Risk Onboarders,24,57.6,1367.75,56.989583333333336,5,No,0
CUST-01300,1,New Low-Spend Basic Customers,11,44.05,483.7,43.97272727272727,1,Yes,1
CUST-01301,0,High-Value Long-Term Power Users,72,110.6,7962.2,110.58611111111111,7,No,0
CUST-01302,3,Loyal Low-Spend Long-Termers,66,58.2,3810.8,57.73939393939394,4,No,0
CUST-01303,0,High-Value Long-Term Power Users,45,81.0,3533.6,78.52444444444444,6,No,0
CUST-01304,3,Loyal Low-Spend Long-Termers,69,19.7,1396.9,20.244927536231884,1,No,0
CUST-01305,2,High-Spend At-Risk Onboarders,15,85.6,1345.55,89.70333333333333,3,Yes,1
CUST-01306,2,High-Spend At-Risk Onboarders,28,59.55,1646.45,58.801785714285714,3,No,0
CUST-01307,0,High-Value Long-Term Power Users,70,115.55,8127.6,116.10857142857144,8,Yes,1
CUST-01308,2,High-Spend At-Risk Onboarders,36,75.55,2680.15,74.44861111111112,6,No,0
CUST-01309,2,High-Spend At-Risk Onboarders,16,86.6,1281.0,80.0625,3,Yes,1
CUST-01310,2,High-Spend At-Risk Onboarders,18,85.2,1553.9,86.32777777777778,3,Yes,1
CUST-01311,2,High-Spend At-Risk Onboarders,34,97.65,3207.55,94.33970588235294,4,Yes,1
CUST-01312,3,Loyal Low-Spend Long-Termers,42,45.1,2049.05,48.786904761904765,3,No,0
CUST-01313,0,High-Value Long-Term Power Users,48,70.95,3629.2,75.60833333333333,5,No,0
CUST-01314,0,High-Value Long-Term Power Users,47,109.55,5124.55,109.03297872340426,7,Yes,1
CUST-01315,0,High-Value Long-Term Power Users,39,89.55,3474.45,89.08846153846153,5,Yes,1
CUST-01316,1,New Low-Spend Basic Customers,11,20.9,202.3,18.39090909090909,1,No,0
CUST-01317,1,New Low-Spend Basic Customers,7,19.95,147.5,21.071428571428573,1,No,0
CUST-01318,1,New Low-Spend Basic Customers,3,24.6,86.35,28.78333333333333,2,No,0
CUST-01319,2,High-Spend At-Risk Onboarders,8,66.7,579.0,72.375,4,No,0
CUST-01320,1,New Low-Spend Basic Customers,1,19.45,19.45,19.45,1,Yes,1
CUST-01321,0,High-Value Long-Term Power Users,32,94.8,3131.55,97.8609375,5,No,0
CUST-01322,0,High-Value Long-Term Power Users,60,65.85,3928.3,65.47166666666666,5,No,0
CUST-01323,1,New Low-Spend Basic Customers,10,19.95,187.75,18.775,1,No,0
CUST-01324,3,Loyal Low-Spend Long-Termers,71,24.65,1710.15,24.086619718309862,2,No,0
CUST-01325,1,New Low-Spend Basic Customers,4,20.35,76.35,19.0875,1,Yes,1
CUST-01326,2,High-Spend At-Risk Onboarders,1,69.25,69.25,69.25,1,Yes,1
CUST-01327,3,Loyal Low-Spend Long-Termers,43,51.25,2151.6,50.03720930232558,4,No,0
CUST-01328,0,High-Value Long-Term Power Users,59,99.5,5961.1,101.035593220339,5,Yes,1
CUST-01329,2,High-Spend At-Risk Onboarders,23,54.25,1221.55,53.11086956521739,3,No,0
CUST-01330,3,Loyal Low-Spend Long-Termers,72,19.4,1496.45,20.78402777777778,1,No,0
CUST-01331,2,High-Spend At-Risk Onboarders,22,56.25,1292.2,58.73636363636364,3,No,0
CUST-01332,1,New Low-Spend Basic Customers,1,25.15,25.15,25.15,0,No,0
CUST-01333,3,Loyal Low-Spend Long-Termers,69,23.95,1713.1,24.827536231884057,2,No,0
CUST-01334,3,Loyal Low-Spend Long-Termers,50,35.4,1748.9,34.978,2,No,0
CUST-01335,1,New Low-Spend Basic Customers,1,25.2,25.2,25.2,0,Yes,1
CUST-01336,1,New Low-Spend Basic Customers,2,45.0,96.45,48.225,1,Yes,1
CUST-01337,2,High-Spend At-Risk Onboarders,15,75.35,1114.55,74.30333333333333,2,No,0
CUST-01338,1,New Low-Spend Basic Customers,31,20.4,609.1,19.648387096774194,1,No,0
CUST-01339,1,New Low-Spend Basic Customers,1,20.15,20.15,20.15,1,Yes,1
CUST-01340,0,High-Value Long-Term Power Users,66,105.0,7133.25,108.07954545454545,6,Yes,1
CUST-01341,2,High-Spend At-Risk Onboarders,0,56.05,0.0,56.05,5,No,0
CUST-01342,1,New Low-Spend Basic Customers,3,54.7,169.45,56.48333333333333,2,Yes,1
CUST-01343,1,New Low-Spend Basic Customers,8,20.0,141.6,17.7,1,No,0
CUST-01344,0,High-Value Long-Term Power Users,64,73.05,4688.65,73.26015625,5,No,0
CUST-01345,1,New Low-Spend Basic Customers,28,20.5,563.05,20.10892857142857,1,No,0
CUST-01346,0,High-Value Long-Term Power Users,57,100.75,5985.0,105.0,5,No,0
CUST-01347,2,High-Spend At-Risk Onboarders,14,87.25,1258.6,89.89999999999999,4,Yes,1
CUST-01348,1,New Low-Spend Basic Customers,19,19.95,373.5,19.657894736842106,1,No,0
CUST-01349,2,High-Spend At-Risk Onboarders,10,79.95,857.2,85.72,2,Yes,1
CUST-01350,3,Loyal Low-Spend Long-Termers,51,49.65,2553.35,50.0656862745098,3,No,0
CUST-01351,0,High-Value Long-Term Power Users,67,65.65,4322.85,64.52014925373135,5,No,0
CUST-01352,1,New Low-Spend Basic Customers,11,20.45,250.8,22.8,1,No,0
CUST-01353,0,High-Value Long-Term Power Users,72,60.95,4549.05,63.181250000000006,5,No,0
CUST-01354,3,Loyal Low-Spend Long-Termers,66,20.35,1359.5,20.598484848484848,1,No,0
CUST-01355,2,High-Spend At-Risk Onboarders,18,88.35,1639.3,91.07222222222222,4,Yes,1
CUST-01356,1,New Low-Spend Basic Customers,9,19.5,178.85,19.87222222222222,1,No,0
CUST-01357,2,High-Spend At-Risk Onboarders,9,75.2,633.85,70.42777777777778,2,No,0
CUST-01358,0,High-Value Long-Term Power Users,48,111.45,5315.1,110.73125,7,No,0
CUST-01359,2,High-Spend At-Risk Onboarders,10,70.15,735.5,73.55,1,No,0
CUST-01360,2,High-Spend At-Risk Onboarders,9,94.75,889.9,98.87777777777778,4,Yes,1
CUST-01361,2,High-Spend At-Risk Onboarders,13,95.05,1290.0,99.23076923076923,4,Yes,1
CUST-01362,2,High-Spend At-Risk Onboarders,4,78.45,330.05,82.5125,3,Yes,1
CUST-01363,2,High-Spend At-Risk Onboarders,4,70.2,237.95,59.4875,1,Yes,1
CUST-01364,0,High-Value Long-Term Power Users,72,92.0,6474.4,89.92222222222222,8,No,0
CUST-01365,0,High-Value Long-Term Power Users,51,85.5,4421.95,86.70490196078431,7,No,0
CUST-01366,3,Loyal Low-Spend Long-Termers,59,41.05,2452.7,41.57118644067796,2,Yes,1
CUST-01367,2,High-Spend At-Risk Onboarders,10,85.6,813.85,81.385,3,Yes,1
CUST-01368,0,High-Value Long-Term Power Users,61,82.15,4904.85,80.40737704918034,3,No,0
CUST-01369,0,High-Value Long-Term Power Users,54,84.4,4484.05,83.03796296296296,4,No,0
CUST-01370,2,High-Spend At-Risk Onboarders,33,60.9,2033.85,61.631818181818176,4,No,0
CUST-01371,1,New Low-Spend Basic Customers,27,20.25,538.2,19.933333333333334,1,No,0
CUST-01372,2,High-Spend At-Risk Onboarders,1,79.2,79.2,79.2,2,Yes,1
CUST-01373,2,High-Spend At-Risk Onboarders,23,95.3,2192.9,95.34347826086957,4,No,0
CUST-01374,1,New Low-Spend Basic Customers,1,19.85,19.85,19.85,1,No,0
CUST-01375,0,High-Value Long-Term Power Users,45,84.35,3858.05,85.73444444444445,7,No,0
CUST-01376,3,Loyal Low-Spend Long-Termers,39,19.85,854.8,21.91794871794872,1,No,0
CUST-01377,2,High-Spend At-Risk Onboarders,5,70.0,347.4,69.47999999999999,4,Yes,1
CUST-01378,0,High-Value Long-Term Power Users,72,82.3,5815.15,80.76597222222222,7,No,0
CUST-01379,0,High-Value Long-Term Power Users,58,66.8,3970.4,68.45517241379311,4,No,0
CUST-01380,3,Loyal Low-Spend Long-Termers,70,44.6,3058.15,43.68785714285715,4,No,0
CUST-01381,0,High-Value Long-Term Power Users,61,98.45,6145.2,100.74098360655738,5,No,0
CUST-01382,2,High-Spend At-Risk Onboarders,2,70.7,129.2,64.6,1,No,0
CUST-01383,3,Loyal Low-Spend Long-Termers,46,24.95,1165.9,25.345652173913045,2,No,0
CUST-01384,1,New Low-Spend Basic Customers,1,49.95,49.95,49.95,2,Yes,1
CUST-01385,2,High-Spend At-Risk Onboarders,22,69.25,1554.0,70.63636363636364,1,Yes,1
CUST-01386,0,High-Value Long-Term Power Users,48,102.5,4904.25,102.171875,6,No,0
CUST-01387,0,High-Value Long-Term Power Users,64,86.55,5632.55,88.00859375,7,No,0
CUST-01388,3,Loyal Low-Spend Long-Termers,72,24.3,1643.25,22.822916666666668,2,No,0
CUST-01389,2,High-Spend At-Risk Onboarders,12,58.35,740.55,61.7125,3,No,0
CUST-01390,0,High-Value Long-Term Power Users,34,94.25,3217.55,94.63382352941177,5,Yes,1
CUST-01391,0,High-Value Long-Term Power Users,72,68.75,4888.2,67.89166666666667,5,No,0
CUST-01392,2,High-Spend At-Risk Onboarders,29,85.8,2440.25,84.14655172413794,4,No,0
CUST-01393,1,New Low-Spend Basic Customers,33,20.1,620.55,18.804545454545455,1,No,0
CUST-01394,1,New Low-Spend Basic Customers,1,20.35,20.35,20.35,1,No,0
CUST-01395,0,High-Value Long-Term Power Users,62,110.8,6840.95,110.33790322580644,7,No,0
CUST-01396,2,High-Spend At-Risk Onboarders,41,73.0,3001.2,73.19999999999999,5,Yes,1
CUST-01397,0,High-Value Long-Term Power Users,64,100.05,6254.2,97.721875,5,Yes,1
CUST-01398,2,High-Spend At-Risk Onboarders,4,82.85,319.6,79.9,3,No,0
CUST-01399,2,High-Spend At-Risk Onboarders,24,84.35,1938.05,80.75208333333333,4,No,0
CUST-01400,1,New Low-Spend Basic Customers,14,19.55,294.5,21.035714285714285,1,No,0
CUST-01401,1,New Low-Spend Basic Customers,3,19.95,58.3,19.433333333333334,1,No,0
CUST-01402,2,High-Spend At-Risk Onboarders,4,99.8,442.85,110.7125,5,Yes,1
CUST-01403,1,New Low-Spend Basic Customers,18,35.0,553.0,30.72222222222222,1,Yes,1
CUST-01404,2,High-Spend At-Risk Onboarders,8,66.25,546.45,68.30625,3,No,0
CUST-01405,3,Loyal Low-Spend Long-Termers,35,23.3,797.1,22.774285714285714,2,No,0
CUST-01406,2,High-Spend At-Risk Onboarders,1,76.0,76.0,76.0,2,Yes,1
CUST-01407,3,Loyal Low-Spend Long-Termers,66,25.3,1673.8,25.36060606060606,2,No,0
CUST-01408,1,New Low-Spend Basic Customers,8,44.55,343.45,42.93125,3,No,0
CUST-01409,0,High-Value Long-Term Power Users,71,104.1,7412.25,104.39788732394366,6,No,0
CUST-01410,0,High-Value Long-Term Power Users,43,92.55,4039.0,93.93023255813954,4,No,0
CUST-01411,2,High-Spend At-Risk Onboarders,2,93.85,170.85,85.425,4,Yes,1
CUST-01412,2,High-Spend At-Risk Onboarders,29,101.45,2948.6,101.67586206896551,5,No,0
CUST-01413,2,High-Spend At-Risk Onboarders,15,84.3,1308.4,87.22666666666667,3,Yes,1
CUST-01414,0,High-Value Long-Term Power Users,65,94.55,6078.75,93.51923076923077,6,No,0
CUST-01415,0,High-Value Long-Term Power Users,35,95.5,3418.2,97.66285714285713,5,No,0
CUST-01416,0,High-Value Long-Term Power Users,64,100.3,6603.8,103.184375,5,No,0
CUST-01417,3,Loyal Low-Spend Long-Termers,58,55.5,3166.9,54.601724137931036,4,No,0
CUST-01418,1,New Low-Spend Basic Customers,18,49.85,865.75,48.09722222222222,2,No,0
CUST-01419,0,High-Value Long-Term Power Users,67,89.55,6373.1,95.12089552238807,4,No,0
CUST-01420,3,Loyal Low-Spend Long-Termers,63,19.15,1177.05,18.683333333333334,1,No,0
CUST-01421,0,High-Value Long-Term Power Users,60,99.8,5985.75,99.7625,5,No,0
CUST-01422,2,High-Spend At-Risk Onboarders,9,84.4,732.5,81.38888888888889,3,Yes,1
CUST-01423,0,High-Value Long-Term Power Users,70,113.05,7869.05,112.415,8,No,0
CUST-01424,2,High-Spend At-Risk Onboarders,15,101.1,1504.05,100.27,5,Yes,1
CUST-01425,3,Loyal Low-Spend Long-Termers,48,19.95,936.7,19.514583333333334,1,No,0
CUST-01426,2,High-Spend At-Risk Onboarders,12,74.15,741.4,61.78333333333333,5,No,0
CUST-01427,0,High-Value Long-Term Power Users,71,92.0,6585.2,92.74929577464789,6,No,0
CUST-01428,2,High-Spend At-Risk Onboarders,44,73.85,3122.4,70.96363636363637,2,No,0
CUST-01429,1,New Low-Spend Basic Customers,1,50.45,50.45,50.45,2,Yes,1
CUST-01430,3,Loyal Low-Spend Long-Termers,45,24.45,1088.25,24.183333333333334,2,No,0
CUST-01431,1,New Low-Spend Basic Customers,23,24.8,615.35,26.754347826086956,2,No,0
CUST-01432,2,High-Spend At-Risk Onboarders,43,64.85,2908.2,67.63255813953488,4,No,0
CUST-01433,1,New Low-Spend Basic Customers,35,20.75,739.9,21.14,1,No,0
CUST-01434,2,High-Spend At-Risk Onboarders,9,68.95,593.85,65.98333333333333,5,No,0
CUST-01435,2,High-Spend At-Risk Onboarders,12,99.95,1132.75,94.39583333333333,5,Yes,1
CUST-01436,0,High-Value Long-Term Power Users,65,109.4,7227.45,111.19153846153846,7,No,0
CUST-01437,2,High-Spend At-Risk Onboarders,2,91.4,193.6,96.8,4,Yes,1
CUST-01438,1,New Low-Spend Basic Customers,27,49.0,1291.35,47.827777777777776,2,No,0
CUST-01439,3,Loyal Low-Spend Long-Termers,40,50.25,2023.55,50.58875,2,No,0
CUST-01440,2,High-Spend At-Risk Onboarders,5,75.55,349.65,69.92999999999999,2,Yes,1
CUST-01441,1,New Low-Spend Basic Customers,8,19.9,153.95,19.24375,1,No,0
CUST-01442,0,High-Value Long-Term Power Users,58,97.8,5458.8,94.11724137931034,5,No,0
CUST-01443,0,High-Value Long-Term Power Users,52,100.3,5244.45,100.85480769230769,5,No,0
CUST-01444,2,High-Spend At-Risk Onboarders,3,55.8,154.55,51.51666666666667,3,No,0
CUST-01445,0,High-Value Long-Term Power Users,41,111.15,4507.15,109.93048780487804,7,No,0
CUST-01446,2,High-Spend At-Risk Onboarders,20,98.55,2031.95,101.5975,5,No,0
CUST-01447,1,New Low-Spend Basic Customers,1,50.05,50.05,50.05,2,No,0
CUST-01448,2,High-Spend At-Risk Onboarders,4,80.8,332.45,83.1125,3,Yes,1
CUST-01449,1,New Low-Spend Basic Customers,23,20.85,473.9,20.604347826086954,1,No,0
CUST-01450,1,New Low-Spend Basic Customers,6,19.5,106.8,17.8,1,No,0
CUST-01451,1,New Low-Spend Basic Customers,8,19.35,152.6,19.075,1,No,0
CUST-01452,2,High-Spend At-Risk Onboarders,18,69.5,1199.4,66.63333333333334,5,No,0
CUST-01453,3,Loyal Low-Spend Long-Termers,52,48.8,2555.05,49.135576923076925,3,No,0
CUST-01454,2,High-Spend At-Risk Onboarders,31,94.5,2979.2,96.1032258064516,4,No,0
CUST-01455,1,New Low-Spend Basic Customers,29,20.65,654.85,22.58103448275862,1,No,0
CUST-01456,0,High-Value Long-Term Power Users,36,106.05,3834.4,106.51111111111112,7,No,0
CUST-01457,2,High-Spend At-Risk Onboarders,16,100.0,1534.75,95.921875,5,Yes,1
CUST-01458,0,High-Value Long-Term Power Users,42,108.3,4586.15,109.19404761904761,6,No,0
CUST-01459,1,New Low-Spend Basic Customers,1,20.55,20.55,20.55,1,Yes,1
CUST-01460,0,High-Value Long-Term Power Users,60,99.65,5941.05,99.0175,5,No,0
CUST-01461,2,High-Spend At-Risk Onboarders,5,85.3,424.15,84.83,4,Yes,1
CUST-01462,2,High-Spend At-Risk Onboarders,22,95.9,2234.95,101.58863636363635,5,No,0
CUST-01463,1,New Low-Spend Basic Customers,36,20.0,666.75,18.520833333333332,1,No,0
CUST-01464,2,High-Spend At-Risk Onboarders,4,70.4,281.0,70.25,1,Yes,1
CUST-01465,2,High-Spend At-Risk Onboarders,9,64.95,547.8,60.86666666666666,4,No,0
CUST-01466,2,High-Spend At-Risk Onboarders,1,74.6,74.6,74.6,2,No,0
CUST-01467,1,New Low-Spend Basic Customers,12,49.2,571.15,47.59583333333333,2,No,0
CUST-01468,2,High-Spend At-Risk Onboarders,23,73.75,1756.6,76.37391304347825,5,No,0
CUST-01469,0,High-Value Long-Term Power Users,62,92.3,5731.45,92.44274193548387,5,No,0
CUST-01470,0,High-Value Long-Term Power Users,37,98.8,3475.55,93.9337837837838,5,Yes,1
CUST-01471,1,New Low-Spend Basic Customers,8,19.2,156.85,19.60625,1,No,0
CUST-01472,2,High-Spend At-Risk Onboarders,31,88.65,2683.2,86.55483870967741,4,No,0
CUST-01473,2,High-Spend At-Risk Onboarders,13,74.4,896.75,68.98076923076923,2,Yes,1
CUST-01474,2,High-Spend At-Risk Onboarders,24,98.75,2407.3,100.30416666666667,5,Yes,1
CUST-01475,0,High-Value Long-Term Power Users,45,95.95,4456.65,99.03666666666666,5,No,0
CUST-01476,0,High-Value Long-Term Power Users,69,105.4,6998.95,101.4340579710145,6,No,0
CUST-01477,1,New Low-Spend Basic Customers,2,20.25,36.8,18.4,1,No,0
CUST-01478,0,High-Value Long-Term Power Users,61,106.0,6547.7,107.33934426229509,6,Yes,1
CUST-01479,0,High-Value Long-Term Power Users,41,104.7,4346.4,106.00975609756097,6,Yes,1
CUST-01480,3,Loyal Low-Spend Long-Termers,44,49.05,2265.0,51.47727272727273,3,No,0
CUST-01481,3,Loyal Low-Spend Long-Termers,39,35.55,1309.15,33.56794871794872,2,No,0
CUST-01482,0,High-Value Long-Term Power Users,72,65.1,4754.3,66.03194444444445,6,No,0
CUST-01483,2,High-Spend At-Risk Onboarders,13,96.85,1235.55,95.04230769230769,4,No,0
CUST-01484,0,High-Value Long-Term Power Users,51,69.75,3562.5,69.8529411764706,5,No,0
CUST-01485,0,High-Value Long-Term Power Users,71,99.2,7213.75,101.60211267605634,5,No,0
CUST-01486,2,High-Spend At-Risk Onboarders,22,96.7,2082.95,94.67954545454545,4,Yes,1
CUST-01487,2,High-Spend At-Risk Onboarders,2,55.05,102.75,51.375,3,Yes,1
CUST-01488,0,High-Value Long-Term Power Users,56,106.8,5914.4,105.61428571428571,6,No,0
CUST-01489,1,New Low-Spend Basic Customers,1,51.25,51.25,51.25,2,No,0
CUST-01490,2,High-Spend At-Risk Onboarders,23,57.75,1282.85,55.77608695652174,4,No,0
CUST-01491,0,High-Value Long-Term Power Users,66,70.85,4738.85,71.80075757575759,5,No,0
CUST-01492,1,New Low-Spend Basic Customers,1,19.55,19.55,19.55,1,No,0
CUST-01493,2,High-Spend At-Risk Onboarders,19,88.2,1775.8,93.46315789473684,4,Yes,1
CUST-01494,2,High-Spend At-Risk Onboarders,11,79.5,795.65,72.33181818181818,3,No,0
CUST-01495,1,New Low-Spend Basic Customers,8,19.75,145.0,18.125,1,Yes,1
CUST-01496,0,High-Value Long-Term Power Users,52,98.15,4993.4,96.02692307692307,6,No,0
CUST-01497,1,New Low-Spend Basic Customers,3,20.25,61.45,20.483333333333334,1,No,0
CUST-01498,0,High-Value Long-Term Power Users,51,79.15,4018.55,78.79509803921569,3,No,0
CUST-01499,2,High-Spend At-Risk Onboarders,15,75.65,1146.65,76.44333333333334,2,Yes,1
CUST-01500,0,High-Value Long-Term Power Users,64,94.25,6081.4,95.021875,5,No,0
CUST-01501,3,Loyal Low-Spend Long-Termers,37,40.2,1478.85,39.96891891891892,2,No,0
CUST-01502,1,New Low-Spend Basic Customers,13,19.95,243.65,18.742307692307694,1,No,0
CUST-01503,3,Loyal Low-Spend Long-Termers,49,55.35,2633.95,53.754081632653055,3,No,0
CUST-01504,0,High-Value Long-Term Power Users,45,102.15,4735.35,105.23,5,No,0
CUST-01505,2,High-Spend At-Risk Onboarders,18,71.1,1247.75,69.31944444444444,1,No,0
CUST-01506,2,High-Spend At-Risk Onboarders,1,74.7,74.7,74.7,2,Yes,1
CUST-01507,3,Loyal Low-Spend Long-Termers,68,54.1,3794.5,55.8014705882353,4,No,0
CUST-01508,3,Loyal Low-Spend Long-Termers,54,19.65,1008.7,18.67962962962963,1,No,0
CUST-01509,2,High-Spend At-Risk Onboarders,23,88.45,2130.55,92.63260869565218,4,No,0
CUST-01510,2,High-Spend At-Risk Onboarders,17,76.65,1313.55,77.26764705882353,2,Yes,1
CUST-01511,0,High-Value Long-Term Power Users,71,80.4,5727.15,80.66408450704225,7,No,0
CUST-01512,3,Loyal Low-Spend Long-Termers,67,19.25,1372.9,20.491044776119406,1,No,0
CUST-01513,2,High-Spend At-Risk Onboarders,14,84.8,1203.9,85.99285714285715,3,No,0
CUST-01514,1,New Low-Spend Basic Customers,1,25.8,25.8,25.8,0,Yes,1
CUST-01515,3,Loyal Low-Spend Long-Termers,63,19.5,1215.1,19.287301587301585,1,No,0
CUST-01516,2,High-Spend At-Risk Onboarders,41,68.6,2877.05,70.1719512195122,5,No,0
CUST-01517,2,High-Spend At-Risk Onboarders,17,92.6,1579.7,92.9235294117647,4,No,0
CUST-01518,0,High-Value Long-Term Power Users,56,100.55,5514.95,98.48125,5,No,0
CUST-01519,1,New Low-Spend Basic Customers,5,20.55,96.1,19.22,1,No,0
CUST-01520,1,New Low-Spend Basic Customers,2,42.6,72.4,36.2,3,Yes,1
CUST-01521,1,New Low-Spend Basic Customers,3,19.6,55.25,18.416666666666668,1,No,0
CUST-01522,2,High-Spend At-Risk Onboarders,37,67.45,2443.3,66.03513513513514,6,No,0
CUST-01523,2,High-Spend At-Risk Onboarders,29,68.85,1970.5,67.94827586206897,5,Yes,1
CUST-01524,1,New Low-Spend Basic Customers,8,43.55,335.4,41.925,1,No,0
CUST-01525,0,High-Value Long-Term Power Users,63,109.85,7002.95,111.15793650793651,7,No,0
CUST-01526,1,New Low-Spend Basic Customers,7,20.65,158.95,22.707142857142856,1,No,0
CUST-01527,2,High-Spend At-Risk Onboarders,3,95.4,293.15,97.71666666666665,4,No,0
CUST-01528,3,Loyal Low-Spend Long-Termers,72,21.0,1493.75,20.74652777777778,1,No,0
CUST-01529,2,High-Spend At-Risk Onboarders,19,56.2,1093.4,57.54736842105264,2,No,0
CUST-01530,3,Loyal Low-Spend Long-Termers,59,18.4,1057.85,17.92966101694915,1,No,0
CUST-01531,2,High-Spend At-Risk Onboarders,2,90.0,190.05,95.025,4,Yes,1
CUST-01532,3,Loyal Low-Spend Long-Termers,35,25.75,882.55,25.215714285714284,2,No,0
CUST-01533,1,New Low-Spend Basic Customers,14,19.6,300.4,21.457142857142856,1,No,0
CUST-01534,2,High-Spend At-Risk Onboarders,14,75.35,1025.95,73.28214285714286,2,Yes,1
CUST-01535,3,Loyal Low-Spend Long-Termers,69,19.8,1436.95,20.82536231884058,1,No,0
CUST-01536,2,High-Spend At-Risk Onboarders,7,64.2,475.0,67.85714285714286,5,No,0
CUST-01537,0,High-Value Long-Term Power Users,69,75.75,5388.15,78.0891304347826,6,No,0
CUST-01538,0,High-Value Long-Term Power Users,72,78.95,5730.15,79.58541666666666,6,No,0
CUST-01539,2,High-Spend At-Risk Onboarders,8,100.85,819.55,102.44375,5,Yes,1
CUST-01540,1,New Low-Spend Basic Customers,4,50.3,217.1,54.275,2,No,0
CUST-01541,0,High-Value Long-Term Power Users,63,80.3,4896.35,77.71984126984128,3,No,0
CUST-01542,3,Loyal Low-Spend Long-Termers,72,19.85,1434.1,19.918055555555554,1,No,0
CUST-01543,3,Loyal Low-Spend Long-Termers,46,21.1,937.1,20.371739130434783,1,No,0
CUST-01544,2,High-Spend At-Risk Onboarders,5,69.95,330.15,66.03,1,Yes,1
CUST-01545,3,Loyal Low-Spend Long-Termers,30,50.0,1474.9,49.163333333333334,2,No,0
CUST-01546,0,High-Value Long-Term Power Users,63,104.75,6536.5,103.75396825396825,6,No,0
CUST-01547,3,Loyal Low-Spend Long-Termers,60,19.85,1128.1,18.801666666666666,1,No,0
CUST-01548,0,High-Value Long-Term Power Users,63,107.5,6873.75,109.10714285714286,6,Yes,1
CUST-01549,2,High-Spend At-Risk Onboarders,25,85.9,2199.05,87.962,3,No,0
CUST-01550,1,New Low-Spend Basic Customers,1,45.85,45.85,45.85,1,Yes,1
CUST-01551,2,High-Spend At-Risk Onboarders,6,80.8,457.1,76.18333333333334,3,No,0
CUST-01552,1,New Low-Spend Basic Customers,22,25.25,566.5,25.75,2,No,0
CUST-01553,2,High-Spend At-Risk Onboarders,31,80.55,2471.6,79.7290322580645,6,No,0
CUST-01554,2,High-Spend At-Risk Onboarders,39,81.5,3107.3,79.67435897435898,3,No,0
CUST-01555,1,New Low-Spend Basic Customers,26,20.9,518.3,19.934615384615384,1,No,0
CUST-01556,0,High-Value Long-Term Power Users,53,106.1,5769.75,108.86320754716981,6,Yes,1
CUST-01557,2,High-Spend At-Risk Onboarders,1,91.7,91.7,91.7,4,Yes,1
CUST-01558,2,High-Spend At-Risk Onboarders,12,67.25,832.3,69.35833333333333,5,No,0
CUST-01559,2,High-Spend At-Risk Onboarders,16,95.6,1555.65,97.228125,5,Yes,1
CUST-01560,1,New Low-Spend Basic Customers,2,20.35,45.3,22.65,1,No,0
CUST-01561,3,Loyal Low-Spend Long-Termers,39,45.05,1790.6,45.91282051282051,3,No,0
CUST-01562,2,High-Spend At-Risk Onboarders,1,74.95,74.95,74.95,2,Yes,1
CUST-01563,1,New Low-Spend Basic Customers,7,34.65,246.6,35.22857142857143,2,No,0
CUST-01564,2,High-Spend At-Risk Onboarders,4,69.35,261.65,65.4125,1,No,0
CUST-01565,2,High-Spend At-Risk Onboarders,10,95.35,898.35,89.83500000000001,4,Yes,1
CUST-01566,0,High-Value Long-Term Power Users,55,81.55,4509.5,81.99090909090908,3,No,0
CUST-01567,0,High-Value Long-Term Power Users,72,75.4,5480.25,76.11458333333333,5,No,0
CUST-01568,2,High-Spend At-Risk Onboarders,10,67.8,653.15,65.315,4,No,0
CUST-01569,2,High-Spend At-Risk Onboarders,11,111.4,1183.05,107.55,7,No,0
CUST-01570,1,New Low-Spend Basic Customers,15,46.3,639.45,42.63,1,No,0
CUST-01571,1,New Low-Spend Basic Customers,23,20.4,478.75,20.815217391304348,1,No,0
CUST-01572,1,New Low-Spend Basic Customers,1,20.05,20.05,20.05,1,No,0
CUST-01573,1,New Low-Spend Basic Customers,3,45.0,127.1,42.36666666666667,1,Yes,1
CUST-01574,0,High-Value Long-Term Power Users,47,96.1,4391.45,93.43510638297872,5,No,0
CUST-01575,1,New Low-Spend Basic Customers,15,19.65,270.6,18.040000000000003,1,No,0
CUST-01576,0,High-Value Long-Term Power Users,66,99.5,6710.5,101.67424242424242,5,Yes,1
CUST-01577,0,High-Value Long-Term Power Users,68,60.65,3975.9,58.46911764705882,4,No,0
CUST-01578,2,High-Spend At-Risk Onboarders,17,98.6,1704.95,100.29117647058824,5,Yes,1
CUST-01579,2,High-Spend At-Risk Onboarders,7,59.5,415.95,59.42142857142857,3,Yes,1
CUST-01580,2,High-Spend At-Risk Onboarders,12,80.45,950.2,79.18333333333334,2,Yes,1
CUST-01581,2,High-Spend At-Risk Onboarders,21,71.7,1497.05,71.28809523809524,5,No,0
CUST-01582,1,New Low-Spend Basic Customers,21,36.0,780.15,37.15,2,No,0
CUST-01583,0,High-Value Long-Term Power Users,56,65.2,3512.15,62.71696428571429,4,No,0
CUST-01584,1,New Low-Spend Basic Customers,6,48.95,273.25,45.541666666666664,2,No,0
CUST-01585,3,Loyal Low-Spend Long-Termers,65,53.5,3517.9,54.121538461538464,4,No,0
CUST-01586,0,High-Value Long-Term Power Users,42,80.45,3375.9,80.37857142857143,6,No,0
CUST-01587,0,High-Value Long-Term Power Users,68,109.05,7508.55,110.41985294117647,7,No,0
CUST-01588,3,Loyal Low-Spend Long-Termers,48,26.3,1245.05,25.938541666666666,2,No,0
CUST-01589,0,High-Value Long-Term Power Users,50,106.8,5347.95,106.959,6,No,0
CUST-01590,2,High-Spend At-Risk Onboarders,7,64.95,493.65,70.52142857142857,4,No,0
CUST-01591,3,Loyal Low-Spend Long-Termers,63,19.35,1263.85,20.06111111111111,1,No,0
CUST-01592,1,New Low-Spend Basic Customers,17,21.1,385.55,22.679411764705883,1,No,0
CUST-01593,2,High-Spend At-Risk Onboarders,42,77.95,3384.0,80.57142857142857,2,Yes,1
CUST-01594,1,New Low-Spend Basic Customers,4,18.85,84.2,21.05,1,No,0
CUST-01595,3,Loyal Low-Spend Long-Termers,62,26.0,1638.7,26.43064516129032,2,No,0
CUST-01596,2,High-Spend At-Risk Onboarders,2,74.7,165.4,82.7,2,Yes,1
CUST-01597,2,High-Spend At-Risk Onboarders,2,70.35,120.25,60.125,1,No,0
CUST-01598,0,High-Value Long-Term Power Users,48,96.9,4473.45,93.19687499999999,6,No,0
CUST-01599,1,New Low-Spend Basic Customers,27,19.55,520.55,19.27962962962963,1,No,0
CUST-01600,0,High-Value Long-Term Power Users,70,80.4,5717.85,81.68357142857144,6,No,0
CUST-01601,2,High-Spend At-Risk Onboarders,1,88.8,88.8,88.8,4,Yes,1
CUST-01602,0,High-Value Long-Term Power Users,46,94.65,4312.5,93.75,5,No,0
CUST-01603,2,High-Spend At-Risk Onboarders,30,90.25,2755.35,91.845,3,Yes,1
CUST-01604,2,High-Spend At-Risk Onboarders,15,64.65,994.55,66.30333333333333,4,Yes,1
CUST-01605,0,High-Value Long-Term Power Users,69,95.75,6511.25,94.3659420289855,5,No,0
CUST-01606,3,Loyal Low-Spend Long-Termers,65,19.55,1218.65,18.74846153846154,1,No,0
CUST-01607,0,High-Value Long-Term Power Users,72,104.1,7447.7,103.44027777777778,6,No,0
CUST-01608,2,High-Spend At-Risk Onboarders,13,89.05,1169.35,89.94999999999999,4,Yes,1
CUST-01609,1,New Low-Spend Basic Customers,17,20.1,279.5,16.441176470588236,1,No,0
CUST-01610,0,High-Value Long-Term Power Users,51,111.55,5720.35,112.16372549019609,7,No,0
CUST-01611,3,Loyal Low-Spend Long-Termers,51,60.5,3121.45,61.20490196078431,4,No,0
CUST-01612,0,High-Value Long-Term Power Users,72,90.95,6468.6,89.84166666666667,8,No,0
CUST-01613,0,High-Value Long-Term Power Users,67,87.4,5918.8,88.34029850746269,4,Yes,1
CUST-01614,1,New Low-Spend Basic Customers,34,19.7,675.6,19.870588235294118,1,No,0
CUST-01615,3,Loyal Low-Spend Long-Termers,67,50.95,3521.7,52.56268656716418,4,No,0
CUST-01616,3,Loyal Low-Spend Long-Termers,49,20.05,923.1,18.838775510204083,1,No,0
CUST-01617,3,Loyal Low-Spend Long-Termers,53,19.4,1110.35,20.95,1,No,0
CUST-01618,2,High-Spend At-Risk Onboarders,27,59.45,1611.65,59.69074074074074,4,No,0
CUST-01619,2,High-Spend At-Risk Onboarders,23,94.75,2293.6,99.72173913043478,4,Yes,1
CUST-01620,0,High-Value Long-Term Power Users,69,81.5,5553.25,80.48188405797102,7,No,0
CUST-01621,1,New Low-Spend Basic Customers,2,29.05,44.75,22.375,1,No,0
CUST-01622,2,High-Spend At-Risk Onboarders,35,86.45,3029.1,86.54571428571428,3,Yes,1
CUST-01623,0,High-Value Long-Term Power Users,46,70.6,3231.05,70.24021739130436,5,No,0
CUST-01624,0,High-Value Long-Term Power Users,54,97.2,5129.45,94.9898148148148,5,No,0
CUST-01625,0,High-Value Long-Term Power Users,56,98.25,5508.35,98.36339285714287,5,Yes,1
CUST-01626,2,High-Spend At-Risk Onboarders,9,75.75,655.9,72.87777777777778,2,Yes,1
CUST-01627,2,High-Spend At-Risk Onboarders,20,59.2,1191.2,59.56,4,No,0
CUST-01628,2,High-Spend At-Risk Onboarders,11,75.9,866.4,78.76363636363637,2,No,0
CUST-01629,2,High-Spend At-Risk Onboarders,30,90.05,2627.2,87.57333333333332,4,No,0
CUST-01630,0,High-Value Long-Term Power Users,68,70.95,4741.45,69.72720588235293,5,No,0
CUST-01631,0,High-Value Long-Term Power Users,38,102.6,4009.2,105.50526315789473,6,No,0
CUST-01632,2,High-Spend At-Risk Onboarders,17,85.35,1463.45,86.08529411764707,4,Yes,1
CUST-01633,0,High-Value Long-Term Power Users,48,106.1,5082.8,105.89166666666667,6,Yes,1
CUST-01634,1,New Low-Spend Basic Customers,1,43.8,43.8,43.8,1,No,0
CUST-01635,0,High-Value Long-Term Power Users,63,59.0,3707.6,58.85079365079365,5,No,0
CUST-01636,2,High-Spend At-Risk Onboarders,3,69.95,220.45,73.48333333333333,4,No,0
CUST-01637,3,Loyal Low-Spend Long-Termers,48,24.35,1133.7,23.618750000000002,2,No,0
CUST-01638,3,Loyal Low-Spend Long-Termers,66,29.45,1983.15,30.047727272727276,1,No,0
CUST-01639,0,High-Value Long-Term Power Users,68,84.4,5746.75,84.51102941176471,4,No,0
CUST-01640,1,New Low-Spend Basic Customers,17,45.05,770.6,45.32941176470588,1,Yes,1
CUST-01641,1,New Low-Spend Basic Customers,7,20.65,134.05,19.150000000000002,1,No,0
CUST-01642,0,High-Value Long-Term Power Users,72,87.1,6230.1,86.52916666666667,8,No,0
CUST-01643,1,New Low-Spend Basic Customers,29,19.85,573.05,19.760344827586206,1,No,0
CUST-01644,2,High-Spend At-Risk Onboarders,37,90.35,3419.3,92.41351351351352,4,No,0
CUST-01645,0,High-Value Long-Term Power Users,34,109.8,3587.25,105.50735294117646,7,Yes,1
CUST-01646,2,High-Spend At-Risk Onboarders,42,84.65,3541.35,84.31785714285714,3,Yes,1
CUST-01647,0,High-Value Long-Term Power Users,59,65.5,3801.3,64.42881355932204,5,No,0
CUST-01648,2,High-Spend At-Risk Onboarders,11,79.5,868.5,78.95454545454545,2,Yes,1
CUST-01649,0,High-Value Long-Term Power Users,60,80.95,4859.1,80.985,3,No,0
CUST-01650,2,High-Spend At-Risk Onboarders,27,56.15,1439.35,53.30925925925926,3,No,0
CUST-01651,2,High-Spend At-Risk Onboarders,1,85.8,85.8,85.8,3,Yes,1
CUST-01652,2,High-Spend At-Risk Onboarders,1,79.1,79.1,79.1,2,Yes,1
CUST-01653,1,New Low-Spend Basic Customers,17,34.4,592.75,34.86764705882353,2,No,0
CUST-01654,3,Loyal Low-Spend Long-Termers,58,20.75,1185.95,20.44741379310345,1,No,0
CUST-01655,1,New Low-Spend Basic Customers,1,18.8,18.8,18.8,1,No,0
CUST-01656,1,New Low-Spend Basic Customers,3,44.3,134.5,44.833333333333336,1,Yes,1
CUST-01657,0,High-Value Long-Term Power Users,53,90.8,4921.2,92.85283018867923,5,No,0
CUST-01658,3,Loyal Low-Spend Long-Termers,35,25.6,901.25,25.75,2,No,0
CUST-01659,0,High-Value Long-Term Power Users,50,105.95,5341.8,106.836,6,Yes,1
CUST-01660,0,High-Value Long-Term Power Users,68,70.8,4859.95,71.46985294117647,5,No,0
CUST-01661,3,Loyal Low-Spend Long-Termers,47,25.4,1139.2,24.238297872340425,2,No,0
CUST-01662,0,High-Value Long-Term Power Users,65,108.8,7082.45,108.96076923076923,6,No,0
CUST-01663,2,High-Spend At-Risk Onboarders,5,69.75,324.6,64.92,1,Yes,1
CUST-01664,0,High-Value Long-Term Power Users,51,94.65,4812.75,94.36764705882354,4,Yes,1
CUST-01665,0,High-Value Long-Term Power Users,46,96.05,4399.5,95.6413043478261,4,Yes,1
CUST-01666,2,High-Spend At-Risk Onboarders,9,76.85,663.55,73.72777777777777,2,No,0
CUST-01667,1,New Low-Spend Basic Customers,8,20.25,174.65,21.83125,1,No,0
CUST-01668,1,New Low-Spend Basic Customers,14,24.8,321.7,22.978571428571428,2,No,0
CUST-01669,0,High-Value Long-Term Power Users,45,115.65,5125.5,113.9,8,No,0
CUST-01670,2,High-Spend At-Risk Onboarders,8,74.6,548.9,68.6125,2,No,0
CUST-01671,1,New Low-Spend Basic Customers,1,50.15,50.15,50.15,2,Yes,1
CUST-01672,0,High-Value Long-Term Power Users,66,103.15,7031.3,106.53484848484848,6,No,0
CUST-01673,0,High-Value Long-Term Power Users,72,72.1,5016.65,69.67569444444445,6,No,0
CUST-01674,0,High-Value Long-Term Power Users,41,113.6,4594.95,112.07195121951219,8,Yes,1
CUST-01675,1,New Low-Spend Basic Customers,23,25.1,611.45,26.584782608695654,2,No,0
CUST-01676,2,High-Spend At-Risk Onboarders,29,78.9,2384.15,82.21206896551725,2,Yes,1
CUST-01677,2,High-Spend At-Risk Onboarders,4,80.15,319.85,79.9625,3,No,0
CUST-01678,1,New Low-Spend Basic Customers,6,25.4,153.3,25.55,2,No,0
CUST-01679,0,High-Value Long-Term Power Users,67,105.4,7035.6,105.0089552238806,7,No,0
CUST-01680,1,New Low-Spend Basic Customers,7,45.75,344.2,49.17142857142857,1,No,0
CUST-01681,3,Loyal Low-Spend Long-Termers,56,24.45,1431.65,25.56517857142857,2,No,0
CUST-01682,3,Loyal Low-Spend Long-Termers,72,25.0,1849.2,25.683333333333334,2,No,0
CUST-01683,0,High-Value Long-Term Power Users,72,85.25,6083.1,84.48750000000001,7,No,0
CUST-01684,1,New Low-Spend Basic Customers,23,19.6,426.65,18.55,1,No,0
CUST-01685,3,Loyal Low-Spend Long-Termers,35,50.15,1655.35,47.29571428571428,2,No,0
CUST-01686,2,High-Spend At-Risk Onboarders,27,70.55,1943.9,71.9962962962963,1,No,0
CUST-01687,2,High-Spend At-Risk Onboarders,26,60.05,1616.15,62.159615384615385,4,Yes,1
CUST-01688,1,New Low-Spend Basic Customers,12,26.4,314.95,26.245833333333334,2,No,0
CUST-01689,3,Loyal Low-Spend Long-Termers,40,20.15,804.85,20.12125,1,No,0
CUST-01690,2,High-Spend At-Risk Onboarders,7,58.85,465.7,66.52857142857142,5,No,0
CUST-01691,0,High-Value Long-Term Power Users,70,97.55,6669.05,95.27214285714285,5,No,0
CUST-01692,3,Loyal Low-Spend Long-Termers,60,19.65,1161.75,19.3625,1,No,0
CUST-01693,3,Loyal Low-Spend Long-Termers,39,25.25,947.75,24.30128205128205,0,No,0
CUST-01694,0,High-Value Long-Term Power Users,72,114.45,8375.05,116.32013888888888,8,No,0
CUST-01695,1,New Low-Spend Basic Customers,1,34.7,34.7,34.7,1,Yes,1
CUST-01696,0,High-Value Long-Term Power Users,54,70.7,3770.0,69.81481481481481,5,No,0
CUST-01697,2,High-Spend At-Risk Onboarders,3,85.3,264.8,88.26666666666667,3,Yes,1
CUST-01698,0,High-Value Long-Term Power Users,63,75.55,4707.85,74.72777777777779,6,No,0
CUST-01699,0,High-Value Long-Term Power Users,71,84.8,6152.4,86.65352112676055,4,No,0
CUST-01700,3,Loyal Low-Spend Long-Termers,42,20.65,958.1,22.811904761904763,1,No,0
CUST-01701,3,Loyal Low-Spend Long-Termers,47,20.45,943.0,20.06382978723404,1,No,0
CUST-01702,0,High-Value Long-Term Power Users,66,102.45,6615.15,100.22954545454544,6,Yes,1
CUST-01703,2,High-Spend At-Risk Onboarders,21,104.4,2200.25,104.77380952380952,6,Yes,1
CUST-01704,1,New Low-Spend Basic Customers,11,35.65,425.1,38.64545454545455,2,No,0
CUST-01705,2,High-Spend At-Risk Onboarders,1,99.75,99.75,99.75,5,Yes,1
CUST-01706,0,High-Value Long-Term Power Users,55,90.45,5044.8,91.72363636363637,5,No,0
CUST-01707,0,High-Value Long-Term Power Users,69,97.65,6743.55,97.73260869565217,6,No,0
CUST-01708,2,High-Spend At-Risk Onboarders,3,73.85,196.4,65.46666666666667,2,No,0
CUST-01709,2,High-Spend At-Risk Onboarders,4,74.4,299.7,74.925,5,Yes,1
CUST-01710,2,High-Spend At-Risk Onboarders,30,69.1,2093.9,69.79666666666667,5,No,0
CUST-01711,2,High-Spend At-Risk Onboarders,5,82.75,417.75,83.55,4,No,0
CUST-01712,3,Loyal Low-Spend Long-Termers,71,24.4,1725.4,24.301408450704226,2,No,0
CUST-01713,2,High-Spend At-Risk Onboarders,29,55.25,1620.2,55.86896551724138,3,No,0
CUST-01714,3,Loyal Low-Spend Long-Termers,52,61.35,3169.55,60.95288461538462,4,No,0
CUST-01715,0,High-Value Long-Term Power Users,68,76.75,5233.25,76.9595588235294,6,No,0
CUST-01716,3,Loyal Low-Spend Long-Termers,46,19.4,967.85,21.04021739130435,1,No,0
CUST-01717,1,New Low-Spend Basic Customers,8,54.75,438.05,54.75625,2,No,0
CUST-01718,3,Loyal Low-Spend Long-Termers,72,19.7,1421.9,19.748611111111114,1,No,0
CUST-01719,1,New Low-Spend Basic Customers,17,19.9,323.15,19.008823529411764,1,No,0
CUST-01720,2,High-Spend At-Risk Onboarders,3,107.95,318.6,106.2,6,No,0
CUST-01721,2,High-Spend At-Risk Onboarders,2,83.8,163.7,81.85,3,No,0
CUST-01722,2,High-Spend At-Risk Onboarders,9,74.25,639.65,71.07222222222222,2,Yes,1
CUST-01723,3,Loyal Low-Spend Long-Termers,51,56.4,2928.5,57.42156862745098,4,No,0
CUST-01724,1,New Low-Spend Basic Customers,6,20.1,100.35,16.724999999999998,1,No,0
CUST-01725,2,High-Spend At-Risk Onboarders,3,94.9,273.2,91.06666666666666,4,No,0
CUST-01726,2,High-Spend At-Risk Onboarders,17,94.2,1608.15,94.59705882352942,4,No,0
CUST-01727,3,Loyal Low-Spend Long-Termers,30,49.9,1441.95,48.065000000000005,2,No,0
CUST-01728,2,High-Spend At-Risk Onboarders,31,71.05,2168.15,69.94032258064516,5,No,0
CUST-01729,0,High-Value Long-Term Power Users,45,81.65,3618.7,80.41555555555556,6,No,0
CUST-01730,0,High-Value Long-Term Power Users,64,89.45,5692.65,88.94765625,5,No,0
CUST-01731,2,High-Spend At-Risk Onboarders,1,59.85,59.85,59.85,3,Yes,1
CUST-01732,2,High-Spend At-Risk Onboarders,1,69.6,69.6,69.6,1,Yes,1
CUST-01733,0,High-Value Long-Term Power Users,61,99.0,5969.3,97.85737704918033,5,No,0
CUST-01734,1,New Low-Spend Basic Customers,1,19.05,19.05,19.05,1,No,0
CUST-01735,1,New Low-Spend Basic Customers,9,45.4,418.8,46.53333333333333,2,Yes,1
CUST-01736,0,High-Value Long-Term Power Users,72,114.45,8100.55,112.50763888888889,8,No,0
CUST-01737,1,New Low-Spend Basic Customers,1,19.5,19.5,19.5,1,Yes,1
CUST-01738,1,New Low-Spend Basic Customers,7,44.25,313.45,44.778571428571425,1,No,0
CUST-01739,0,High-Value Long-Term Power Users,66,90.55,6130.95,92.89318181818182,5,No,0
CUST-01740,2,High-Spend At-Risk Onboarders,1,69.9,69.9,69.9,1,Yes,1
CUST-01741,3,Loyal Low-Spend Long-Termers,40,20.4,745.3,18.6325,1,No,0
CUST-01742,2,High-Spend At-Risk Onboarders,16,71.4,1212.1,75.75625,5,No,0
CUST-01743,2,High-Spend At-Risk Onboarders,2,87.15,183.75,91.875,3,Yes,1
CUST-01744,3,Loyal Low-Spend Long-Termers,67,24.85,1583.5,23.634328358208954,2,No,0
CUST-01745,0,High-Value Long-Term Power Users,41,104.45,4162.05,101.51341463414634,6,No,0
CUST-01746,3,Loyal Low-Spend Long-Termers,56,19.8,1119.9,19.998214285714287,1,No,0
CUST-01747,0,High-Value Long-Term Power Users,72,116.45,8013.55,111.29930555555556,8,No,0
CUST-01748,2,High-Spend At-Risk Onboarders,3,84.75,264.85,88.28333333333335,3,Yes,1
CUST-01749,3,Loyal Low-Spend Long-Termers,54,20.05,1102.4,20.414814814814818,1,No,0
CUST-01750,0,High-Value Long-Term Power Users,52,110.75,5832.0,112.15384615384616,7,No,0
CUST-01751,0,High-Value Long-Term Power Users,50,89.7,4304.5,86.09,4,No,0
CUST-01752,2,High-Spend At-Risk Onboarders,14,89.95,1178.4,84.17142857142858,4,Yes,1
CUST-01753,1,New Low-Spend Basic Customers,27,48.7,1421.75,52.657407407407405,2,No,0
CUST-01754,0,High-Value Long-Term Power Users,72,96.6,6827.5,94.82638888888889,6,No,0
CUST-01755,0,High-Value Long-Term Power Users,62,74.3,4698.05,75.775,5,No,0
CUST-01756,2,High-Spend At-Risk Onboarders,12,54.3,654.5,54.541666666666664,3,No,0
CUST-01757,0,High-Value Long-Term Power Users,44,74.85,3268.05,74.27386363636364,5,No,0
CUST-01758,0,High-Value Long-Term Power Users,54,79.95,4362.05,80.77870370370371,3,No,0
CUST-01759,3,Loyal Low-Spend Long-Termers,68,20.05,1386.9,20.39558823529412,1,No,0
CUST-01760,1,New Low-Spend Basic Customers,20,19.4,415.4,20.77,1,No,0
CUST-01761,3,Loyal Low-Spend Long-Termers,50,54.9,2614.1,52.282,3,No,0
CUST-01762,3,Loyal Low-Spend Long-Termers,58,24.45,1513.6,26.096551724137928,2,No,0
CUST-01763,2,High-Spend At-Risk Onboarders,35,89.65,3161.6,90.33142857142857,4,No,0
CUST-01764,1,New Low-Spend Basic Customers,2,45.4,80.95,40.475,1,No,0
CUST-01765,0,High-Value Long-Term Power Users,63,75.7,4676.7,74.23333333333333,6,No,0
CUST-01766,0,High-Value Long-Term Power Users,58,110.65,6526.65,112.52844827586206,7,No,0
CUST-01767,1,New Low-Spend Basic Customers,27,20.55,583.3,21.6037037037037,1,No,0
CUST-01768,0,High-Value Long-Term Power Users,71,115.15,8078.1,113.77605633802817,8,No,0
CUST-01769,3,Loyal Low-Spend Long-Termers,63,58.55,3503.5,55.611111111111114,3,No,0
CUST-01770,0,High-Value Long-Term Power Users,71,93.25,6669.45,93.93591549295775,5,No,0
CUST-01771,0,High-Value Long-Term Power Users,41,113.2,4689.5,114.3780487804878,7,Yes,1
CUST-01772,2,High-Spend At-Risk Onboarders,13,90.5,1201.15,92.39615384615385,3,Yes,1
CUST-01773,2,High-Spend At-Risk Onboarders,2,79.0,143.65,71.825,2,Yes,1
CUST-01774,3,Loyal Low-Spend Long-Termers,68,19.35,1292.65,19.009558823529414,1,No,0
CUST-01775,1,New Low-Spend Basic Customers,1,48.75,48.75,48.75,2,No,0
CUST-01776,0,High-Value Long-Term Power Users,65,109.05,7108.2,109.35692307692307,7,No,0
CUST-01777,3,Loyal Low-Spend Long-Termers,72,25.0,1802.55,25.035416666666666,2,No,0
CUST-01778,2,High-Spend At-Risk Onboarders,28,54.9,1505.15,53.75535714285714,3,No,0
CUST-01779,3,Loyal Low-Spend Long-Termers,72,24.75,1859.1,25.820833333333333,2,No,0
CUST-01780,2,High-Spend At-Risk Onboarders,2,91.15,168.5,84.25,4,No,0
CUST-01781,1,New Low-Spend Basic Customers,18,20.15,390.85,21.71388888888889,1,Yes,1
CUST-01782,0,High-Value Long-Term Power Users,60,104.35,6339.45,105.6575,6,No,0
CUST-01783,2,High-Spend At-Risk Onboarders,26,66.05,1652.4,63.55384615384616,4,No,0
CUST-01784,2,High-Spend At-Risk Onboarders,1,71.65,71.65,71.65,1,Yes,1
CUST-01785,1,New Low-Spend Basic Customers,4,20.35,77.5,19.375,1,Yes,1
CUST-01786,0,High-Value Long-Term Power Users,68,92.2,6392.85,94.0125,8,No,0
CUST-01787,2,High-Spend At-Risk Onboarders,38,84.25,3264.5,85.90789473684211,4,Yes,1
CUST-01788,0,High-Value Long-Term Power Users,42,105.2,4599.15,109.50357142857142,6,No,0
CUST-01789,3,Loyal Low-Spend Long-Termers,57,19.6,1134.25,19.899122807017545,1,No,0
CUST-01790,3,Loyal Low-Spend Long-Termers,54,30.4,1621.35,30.025,1,No,0
CUST-01791,2,High-Spend At-Risk Onboarders,12,78.1,947.3,78.94166666666666,2,Yes,1
CUST-01792,2,High-Spend At-Risk Onboarders,44,61.5,2722.2,61.86818181818182,4,No,0
CUST-01793,2,High-Spend At-Risk Onboarders,42,69.4,3058.3,72.81666666666668,5,No,0
CUST-01794,3,Loyal Low-Spend Long-Termers,72,24.75,1769.6,24.577777777777776,2,No,0
CUST-01795,0,High-Value Long-Term Power Users,71,91.05,6293.75,88.6443661971831,8,No,0
CUST-01796,2,High-Spend At-Risk Onboarders,19,89.65,1761.05,92.68684210526315,4,Yes,1
CUST-01797,2,High-Spend At-Risk Onboarders,23,73.65,1642.75,71.42391304347827,5,No,0
CUST-01798,1,New Low-Spend Basic Customers,30,19.4,578.5,19.283333333333335,1,No,0
CUST-01799,3,Loyal Low-Spend Long-Termers,35,26.2,954.9,27.282857142857143,2,No,0
CUST-01800,2,High-Spend At-Risk Onboarders,10,98.7,973.25,97.325,5,Yes,1
CUST-01801,1,New Low-Spend Basic Customers,1,43.85,43.85,43.85,1,No,0
CUST-01802,2,High-Spend At-Risk Onboarders,22,69.7,1490.4,67.74545454545455,1,No,0
CUST-01803,1,New Low-Spend Basic Customers,7,38.55,280.0,40.0,3,No,0
CUST-01804,2,High-Spend At-Risk Onboarders,36,53.1,1901.25,52.8125,5,No,0
CUST-01805,1,New Low-Spend Basic Customers,34,20.65,716.4,21.070588235294117,1,No,0
CUST-01806,0,High-Value Long-Term Power Users,72,64.45,4720.0,65.55555555555556,5,No,0
CUST-01807,3,Loyal Low-Spend Long-Termers,36,25.1,930.95,25.859722222222224,2,No,0
CUST-01808,2,High-Spend At-Risk Onboarders,1,76.35,76.35,76.35,2,Yes,1
CUST-01809,2,High-Spend At-Risk Onboarders,23,79.15,1676.95,72.9108695652174,3,Yes,1
CUST-01810,2,High-Spend At-Risk Onboarders,32,85.0,2642.05,82.5640625,3,Yes,1
CUST-01811,0,High-Value Long-Term Power Users,71,95.15,6770.85,95.36408450704226,6,No,0
CUST-01812,2,High-Spend At-Risk Onboarders,23,79.35,1835.3,79.79565217391304,3,No,0
CUST-01813,2,High-Spend At-Risk Onboarders,17,96.65,1588.25,93.42647058823529,4,No,0
CUST-01814,2,High-Spend At-Risk Onboarders,1,75.5,75.5,75.5,5,No,0
CUST-01815,1,New Low-Spend Basic Customers,12,19.7,258.35,21.52916666666667,1,No,0
CUST-01816,3,Loyal Low-Spend Long-Termers,72,20.5,1502.25,20.864583333333332,1,No,0
CUST-01817,1,New Low-Spend Basic Customers,1,19.2,19.2,19.2,1,No,0
CUST-01818,0,High-Value Long-Term Power Users,72,98.35,6929.4,96.24166666666666,5,No,0
CUST-01819,0,High-Value Long-Term Power Users,60,74.35,4453.3,74.22166666666666,2,No,0
CUST-01820,3,Loyal Low-Spend Long-Termers,61,51.35,3244.4,53.18688524590164,4,No,0
CUST-01821,1,New Low-Spend Basic Customers,6,45.65,323.45,53.90833333333333,1,No,0
CUST-01822,2,High-Spend At-Risk Onboarders,32,85.3,2661.1,83.159375,3,Yes,1
CUST-01823,2,High-Spend At-Risk Onboarders,31,86.55,2697.4,87.01290322580645,3,Yes,1
CUST-01824,2,High-Spend At-Risk Onboarders,19,73.85,1424.5,74.97368421052632,2,Yes,1
CUST-01825,3,Loyal Low-Spend Long-Termers,72,20.3,1401.15,19.460416666666667,1,No,0
CUST-01826,2,High-Spend At-Risk Onboarders,32,54.2,1739.6,54.3625,3,No,0
CUST-01827,0,High-Value Long-Term Power Users,65,90.65,5931.0,91.24615384615385,4,No,0
CUST-01828,3,Loyal Low-Spend Long-Termers,45,50.9,2333.85,51.86333333333333,3,No,0
CUST-01829,3,Loyal Low-Spend Long-Termers,42,25.05,949.85,22.61547619047619,2,No,0
CUST-01830,2,High-Spend At-Risk Onboarders,8,74.85,572.45,71.55625,2,No,0
CUST-01831,1,New Low-Spend Basic Customers,32,20.5,696.8,21.775,1,No,0
CUST-01832,2,High-Spend At-Risk Onboarders,22,63.55,1381.8,62.809090909090905,5,No,0
CUST-01833,3,Loyal Low-Spend Long-Termers,57,44.85,2572.95,45.13947368421052,2,Yes,1
CUST-01834,1,New Low-Spend Basic Customers,1,47.95,47.95,47.95,2,No,0
CUST-01835,1,New Low-Spend Basic Customers,1,45.1,45.1,45.1,1,Yes,1
CUST-01836,1,New Low-Spend Basic Customers,1,45.0,45.0,45.0,1,No,0
CUST-01837,2,High-Spend At-Risk Onboarders,24,96.0,2122.45,88.43541666666665,4,Yes,1
CUST-01838,1,New Low-Spend Basic Customers,1,20.05,20.05,20.05,1,Yes,1
CUST-01839,0,High-Value Long-Term Power Users,54,90.05,4931.8,91.32962962962964,4,No,0
CUST-01840,1,New Low-Spend Basic Customers,4,25.3,116.95,29.2375,2,No,0
CUST-01841,0,High-Value Long-Term Power Users,65,108.65,6937.95,106.7376923076923,7,Yes,1
CUST-01842,3,Loyal Low-Spend Long-Termers,56,24.3,1261.7,22.530357142857145,2,No,0
CUST-01843,0,High-Value Long-Term Power Users,45,75.95,3273.8,72.75111111111111,5,No,0
CUST-01844,3,Loyal Low-Spend Long-Termers,71,19.7,1415.85,19.941549295774646,1,No,0
CUST-01845,0,High-Value Long-Term Power Users,59,66.4,3958.2,67.08813559322033,5,No,0
CUST-01846,3,Loyal Low-Spend Long-Termers,69,35.75,2492.25,36.119565217391305,2,No,0
CUST-01847,1,New Low-Spend Basic Customers,19,18.8,279.2,14.694736842105263,1,No,0
CUST-01848,3,Loyal Low-Spend Long-Termers,55,19.4,1083.0,19.69090909090909,1,No,0
CUST-01849,3,Loyal Low-Spend Long-Termers,38,19.3,755.5,19.88157894736842,1,No,0
CUST-01850,1,New Low-Spend Basic Customers,10,45.55,402.6,40.260000000000005,1,Yes,1
CUST-01851,0,High-Value Long-Term Power Users,47,67.45,3252.0,69.19148936170212,5,No,0
CUST-01852,1,New Low-Spend Basic Customers,2,35.1,68.75,34.375,1,Yes,1
CUST-01853,1,New Low-Spend Basic Customers,1,46.2,46.2,46.2,1,Yes,1
CUST-01854,1,New Low-Spend Basic Customers,1,45.15,45.15,45.15,1,Yes,1
CUST-01855,1,New Low-Spend Basic Customers,1,43.3,43.3,43.3,3,Yes,1
CUST-01856,3,Loyal Low-Spend Long-Termers,46,20.1,936.85,20.366304347826087,1,No,0
CUST-01857,2,High-Spend At-Risk Onboarders,38,57.15,2250.65,59.227631578947374,3,Yes,1
CUST-01858,3,Loyal Low-Spend Long-Termers,65,58.9,3857.1,59.339999999999996,4,No,0
CUST-01859,2,High-Spend At-Risk Onboarders,19,73.2,1441.1,75.84736842105262,2,Yes,1
CUST-01860,0,High-Value Long-Term Power Users,52,85.35,4338.6,83.4346153846154,3,Yes,1
CUST-01861,3,Loyal Low-Spend Long-Termers,71,19.45,1378.45,19.414788732394367,1,No,0
CUST-01862,1,New Low-Spend Basic Customers,1,45.95,45.95,45.95,1,Yes,1
CUST-01863,3,Loyal Low-Spend Long-Termers,52,50.5,2566.3,49.35192307692308,4,No,0
CUST-01864,1,New Low-Spend Basic Customers,6,25.1,171.0,28.5,2,No,0
CUST-01865,2,High-Spend At-Risk Onboarders,26,60.7,1597.4,61.43846153846154,3,No,0
CUST-01866,0,High-Value Long-Term Power Users,48,99.0,4744.35,98.840625,5,No,0
CUST-01867,0,High-Value Long-Term Power Users,64,104.4,6721.6,105.025,6,No,0
CUST-01868,2,High-Spend At-Risk Onboarders,3,83.75,247.25,82.41666666666667,3,Yes,1
CUST-01869,1,New Low-Spend Basic Customers,1,44.05,44.05,44.05,1,No,0
CUST-01870,3,Loyal Low-Spend Long-Termers,72,24.1,1734.65,24.092361111111114,2,No,0
CUST-01871,1,New Low-Spend Basic Customers,1,45.55,45.55,45.55,1,No,0
CUST-01872,0,High-Value Long-Term Power Users,51,93.8,4539.35,89.00686274509805,5,No,0
CUST-01873,3,Loyal Low-Spend Long-Termers,41,19.7,804.25,19.615853658536587,1,No,0
CUST-01874,0,High-Value Long-Term Power Users,72,70.65,5011.15,69.59930555555555,5,No,0
CUST-01875,0,High-Value Long-Term Power Users,43,86.45,3574.5,83.12790697674419,7,No,0
CUST-01876,0,High-Value Long-Term Power Users,72,114.1,8086.4,112.3111111111111,8,No,0
CUST-01877,0,High-Value Long-Term Power Users,47,95.2,4563.0,97.08510638297872,4,No,0
CUST-01878,0,High-Value Long-Term Power Users,72,88.55,6362.35,88.36597222222223,8,No,0
CUST-01879,1,New Low-Spend Basic Customers,3,20.75,67.1,22.366666666666664,1,No,0
CUST-01880,2,High-Spend At-Risk Onboarders,1,70.05,70.05,70.05,1,Yes,1
CUST-01881,2,High-Spend At-Risk Onboarders,2,86.0,165.45,82.725,3,Yes,1
CUST-01882,1,New Low-Spend Basic Customers,26,44.65,1156.55,44.482692307692304,3,No,0
CUST-01883,2,High-Spend At-Risk Onboarders,29,60.2,1834.15,63.24655172413794,3,No,0
CUST-01884,0,High-Value Long-Term Power Users,35,100.5,3653.35,104.38142857142857,6,Yes,1
CUST-01885,2,High-Spend At-Risk Onboarders,27,55.45,1477.65,54.72777777777778,3,No,0
CUST-01886,2,High-Spend At-Risk Onboarders,24,70.3,1706.45,71.10208333333334,5,No,0
CUST-01887,0,High-Value Long-Term Power Users,67,60.4,3953.7,59.01044776119403,4,No,0
CUST-01888,2,High-Spend At-Risk Onboarders,16,72.65,1194.3,74.64375,2,Yes,1
CUST-01889,2,High-Spend At-Risk Onboarders,23,55.8,1327.85,57.73260869565217,3,No,0
CUST-01890,1,New Low-Spend Basic Customers,14,31.1,419.7,29.978571428571428,1,No,0
CUST-01891,1,New Low-Spend Basic Customers,1,21.0,21.0,21.0,1,Yes,1
CUST-01892,1,New Low-Spend Basic Customers,1,45.1,45.1,45.1,1,Yes,1
CUST-01893,1,New Low-Spend Basic Customers,4,50.95,207.35,51.8375,3,No,0
CUST-01894,2,High-Spend At-Risk Onboarders,16,69.1,1083.7,67.73125,5,No,0
CUST-01895,3,Loyal Low-Spend Long-Termers,46,43.95,2007.85,43.64891304347826,2,No,0
CUST-01896,0,High-Value Long-Term Power Users,68,86.5,5882.75,86.51102941176471,7,No,0
CUST-01897,2,High-Spend At-Risk Onboarders,38,69.95,2657.55,69.93552631578947,6,No,0
CUST-01898,3,Loyal Low-Spend Long-Termers,30,50.4,1527.5,50.916666666666664,2,Yes,1
CUST-01899,2,High-Spend At-Risk Onboarders,5,78.95,378.4,75.67999999999999,2,Yes,1
CUST-01900,2,High-Spend At-Risk Onboarders,17,90.95,1612.2,94.83529411764707,4,No,0
CUST-01901,1,New Low-Spend Basic Customers,4,19.9,76.65,19.1625,1,No,0
CUST-01902,1,New Low-Spend Basic Customers,12,20.15,260.7,21.724999999999998,1,No,0
CUST-01903,0,High-Value Long-Term Power Users,72,90.6,6441.85,89.4701388888889,8,No,0
CUST-01904,2,High-Spend At-Risk Onboarders,3,92.0,266.8,88.93333333333334,3,No,0
CUST-01905,0,High-Value Long-Term Power Users,56,94.45,5124.6,91.51071428571429,5,Yes,1
CUST-01906,3,Loyal Low-Spend Long-Termers,41,24.85,962.25,23.46951219512195,2,No,0
CUST-01907,3,Loyal Low-Spend Long-Termers,40,36.0,1382.9,34.572500000000005,2,No,0
CUST-01908,2,High-Spend At-Risk Onboarders,7,78.5,571.05,81.57857142857142,6,No,0
CUST-01909,3,Loyal Low-Spend Long-Termers,69,19.95,1399.35,20.280434782608694,1,No,0
CUST-01910,1,New Low-Spend Basic Customers,7,20.65,150.0,21.428571428571427,1,No,0
CUST-01911,1,New Low-Spend Basic Customers,5,30.5,167.2,33.44,1,No,0
CUST-01912,0,High-Value Long-Term Power Users,72,106.1,7657.4,106.35277777777777,7,No,0
CUST-01913,3,Loyal Low-Spend Long-Termers,44,20.5,865.05,19.660227272727273,1,No,0
CUST-01914,0,High-Value Long-Term Power Users,65,95.5,6153.85,94.6746153846154,5,No,0
CUST-01915,2,High-Spend At-Risk Onboarders,3,64.6,174.2,58.06666666666666,4,No,0
CUST-01916,1,New Low-Spend Basic Customers,24,51.1,1269.6,52.9,2,No,0
CUST-01917,0,High-Value Long-Term Power Users,44,84.8,3862.55,87.78522727272728,4,Yes,1
CUST-01918,0,High-Value Long-Term Power Users,72,89.1,6352.4,88.22777777777777,8,No,0
CUST-01919,2,High-Spend At-Risk Onboarders,24,54.95,1348.5,56.1875,3,No,0
CUST-01920,1,New Low-Spend Basic Customers,1,50.9,50.9,50.9,2,Yes,1
CUST-01921,1,New Low-Spend Basic Customers,22,20.45,471.55,21.43409090909091,1,No,0
CUST-01922,0,High-Value Long-Term Power Users,70,85.95,5931.75,84.73928571428571,7,No,0
CUST-01923,2,High-Spend At-Risk Onboarders,25,60.35,1404.65,56.18600000000001,3,No,0
CUST-01924,3,Loyal Low-Spend Long-Termers,37,19.8,726.1,19.624324324324323,1,No,0
CUST-01925,2,High-Spend At-Risk Onboarders,22,85.35,1961.6,89.16363636363636,3,No,0
CUST-01926,0,High-Value Long-Term Power Users,59,72.1,4194.85,71.09915254237289,5,No,0
CUST-01927,0,High-Value Long-Term Power Users,49,99.8,4872.45,99.43775510204081,5,Yes,1
CUST-01928,0,High-Value Long-Term Power Users,47,107.35,5118.95,108.91382978723404,6,Yes,1
CUST-01929,1,New Low-Spend Basic Customers,31,19.55,658.95,21.256451612903227,1,Yes,1
CUST-01930,2,High-Spend At-Risk Onboarders,1,81.05,81.05,81.05,2,No,0
CUST-01931,1,New Low-Spend Basic Customers,3,20.5,76.95,25.650000000000002,1,No,0
CUST-01932,0,High-Value Long-Term Power Users,53,111.8,5809.75,109.61792452830188,7,No,0
CUST-01933,1,New Low-Spend Basic Customers,1,20.2,20.2,20.2,1,No,0
CUST-01934,1,New Low-Spend Basic Customers,20,19.7,415.9,20.794999999999998,1,No,0
CUST-01935,2,High-Spend At-Risk Onboarders,3,79.1,246.5,82.16666666666667,3,Yes,1
CUST-01936,3,Loyal Low-Spend Long-Termers,51,19.85,996.95,19.548039215686277,1,No,0
CUST-01937,3,Loyal Low-Spend Long-Termers,51,60.5,3145.15,61.66960784313726,4,No,0
CUST-01938,1,New Low-Spend Basic Customers,13,19.55,265.3,20.407692307692308,1,No,0
CUST-01939,1,New Low-Spend Basic Customers,1,20.9,20.9,20.9,1,No,0
CUST-01940,1,New Low-Spend Basic Customers,1,21.05,21.05,21.05,1,No,0
CUST-01941,0,High-Value Long-Term Power Users,63,71.5,4576.3,72.63968253968254,6,No,0
CUST-01942,2,High-Spend At-Risk Onboarders,3,54.65,189.1,63.03333333333333,2,No,0
CUST-01943,3,Loyal Low-Spend Long-Termers,46,19.2,908.15,19.742391304347827,1,No,0
CUST-01944,1,New Low-Spend Basic Customers,1,49.8,49.8,49.8,2,No,0
CUST-01945,1,New Low-Spend Basic Customers,8,25.5,215.2,26.9,0,Yes,1
CUST-01946,3,Loyal Low-Spend Long-Termers,71,20.5,1500.95,21.140140845070423,1,No,0
CUST-01947,0,High-Value Long-Term Power Users,55,90.4,5099.15,92.71181818181817,4,No,0
CUST-01948,0,High-Value Long-Term Power Users,70,90.25,6385.95,91.22785714285715,5,No,0
CUST-01949,2,High-Spend At-Risk Onboarders,2,80.75,159.45,79.725,2,Yes,1
CUST-01950,0,High-Value Long-Term Power Users,67,104.6,6885.75,102.7723880597015,6,No,0
CUST-01951,0,High-Value Long-Term Power Users,65,91.85,5940.85,91.39769230769231,4,Yes,1
CUST-01952,1,New Low-Spend Basic Customers,14,50.2,668.85,47.775,2,No,0
CUST-01953,2,High-Spend At-Risk Onboarders,20,95.5,1916.2,95.81,5,No,0
CUST-01954,2,High-Spend At-Risk Onboarders,1,75.35,75.35,75.35,2,Yes,1
CUST-01955,2,High-Spend At-Risk Onboarders,1,75.45,75.45,75.45,2,Yes,1
CUST-01956,0,High-Value Long-Term Power Users,49,95.4,4613.95,94.16224489795918,4,No,0
CUST-01957,0,High-Value Long-Term Power Users,72,101.3,7261.25,100.85069444444444,6,No,0
CUST-01958,3,Loyal Low-Spend Long-Termers,46,53.1,2459.8,53.47391304347826,3,No,0
CUST-01959,2,High-Spend At-Risk Onboarders,24,84.85,2048.8,85.36666666666667,4,No,0
CUST-01960,1,New Low-Spend Basic Customers,5,34.25,163.55,32.71,2,No,0
CUST-01961,2,High-Spend At-Risk Onboarders,33,88.6,2888.7,87.53636363636363,5,No,0
CUST-01962,2,High-Spend At-Risk Onboarders,42,60.15,2421.6,57.65714285714286,4,No,0
CUST-01963,2,High-Spend At-Risk Onboarders,23,99.95,2292.75,99.68478260869566,5,No,0
CUST-01964,2,High-Spend At-Risk Onboarders,8,70.7,553.4,69.175,1,No,0
CUST-01965,3,Loyal Low-Spend Long-Termers,66,54.8,3465.7,52.51060606060606,3,No,0
CUST-01966,1,New Low-Spend Basic Customers,24,49.55,1210.4,50.43333333333334,2,Yes,1
CUST-01967,2,High-Spend At-Risk Onboarders,24,54.8,1291.3,53.80416666666667,3,No,0
CUST-01968,0,High-Value Long-Term Power Users,69,78.6,5356.45,77.62971014492753,7,Yes,1
CUST-01969,0,High-Value Long-Term Power Users,53,100.3,5200.8,98.12830188679246,5,No,0
CUST-01970,3,Loyal Low-Spend Long-Termers,60,53.6,3237.05,53.950833333333335,4,No,0
CUST-01971,2,High-Spend At-Risk Onboarders,7,81.1,576.65,82.37857142857142,2,Yes,1
CUST-01972,1,New Low-Spend Basic Customers,20,19.35,433.75,21.6875,1,No,0
CUST-01973,2,High-Spend At-Risk Onboarders,23,85.6,1868.4,81.23478260869565,3,No,0
CUST-01974,0,High-Value Long-Term Power Users,72,80.8,5728.55,79.56319444444445,6,No,0
CUST-01975,2,High-Spend At-Risk Onboarders,11,74.95,825.7,75.06363636363636,2,Yes,1
CUST-01976,1,New Low-Spend Basic Customers,21,19.6,390.4,18.59047619047619,1,No,0
CUST-01977,2,High-Spend At-Risk Onboarders,1,93.55,93.55,93.55,4,Yes,1
CUST-01978,2,High-Spend At-Risk Onboarders,31,90.7,2845.15,91.77903225806452,4,No,0
CUST-01979,0,High-Value Long-Term Power Users,57,69.75,3894.4,68.32280701754387,5,No,0
CUST-01980,3,Loyal Low-Spend Long-Termers,45,20.0,886.4,19.697777777777777,1,No,0
CUST-01981,2,High-Spend At-Risk Onboarders,10,95.25,1021.55,102.155,5,No,0
CUST-01982,0,High-Value Long-Term Power Users,58,102.1,5885.4,101.47241379310344,6,Yes,1
CUST-01983,1,New Low-Spend Basic Customers,14,19.95,268.4,19.17142857142857,1,No,0
CUST-01984,2,High-Spend At-Risk Onboarders,27,80.85,2204.35,81.64259259259259,6,No,0
CUST-01985,2,High-Spend At-Risk Onboarders,14,90.9,1259.0,89.92857142857143,4,Yes,1
CUST-01986,1,New Low-Spend Basic Customers,12,29.2,309.1,25.758333333333336,1,Yes,1
CUST-01987,0,High-Value Long-Term Power Users,69,93.3,6398.05,92.72536231884058,5,No,0
CUST-01988,2,High-Spend At-Risk Onboarders,25,89.15,2257.75,90.31,4,Yes,1
CUST-01989,0,High-Value Long-Term Power Users,58,108.85,6287.25,108.40086206896552,7,Yes,1
CUST-01990,3,Loyal Low-Spend Long-Termers,35,46.35,1662.05,47.48714285714286,3,No,0
CUST-01991,2,High-Spend At-Risk Onboarders,16,84.75,1350.15,84.384375,3,Yes,1
CUST-01992,0,High-Value Long-Term Power Users,45,78.75,3600.65,80.01444444444445,6,No,0
CUST-01993,2,High-Spend At-Risk Onboarders,17,83.55,1329.15,78.18529411764706,3,No,0
CUST-01994,1,New Low-Spend Basic Customers,1,45.7,45.7,45.7,1,Yes,1
CUST-01995,1,New Low-Spend Basic Customers,22,19.6,422.5,19.204545454545453,1,No,0
CUST-01996,2,High-Spend At-Risk Onboarders,1,69.95,69.95,69.95,1,Yes,1
CUST-01997,0,High-Value Long-Term Power Users,67,67.85,4627.65,69.06940298507462,5,No,0
CUST-01998,0,High-Value Long-Term Power Users,67,105.65,6717.9,100.26716417910447,6,No,0
CUST-01999,1,New Low-Spend Basic Customers,2,44.6,97.1,48.55,2,Yes,1
CUST-02000,2,High-Spend At-Risk Onboarders,23,74.95,1710.45,74.36739130434783,2,Yes,1
CUST-02001,2,High-Spend At-Risk Onboarders,9,75.5,637.4,70.82222222222222,2,No,0
CUST-02002,1,New Low-Spend Basic Customers,5,20.15,117.95,23.59,1,No,0
CUST-02003,3,Loyal Low-Spend Long-Termers,54,45.2,2460.55,45.56574074074074,3,No,0
CUST-02004,0,High-Value Long-Term Power Users,57,95.25,5464.65,95.87105263157895,4,Yes,1
CUST-02005,2,High-Spend At-Risk Onboarders,24,89.85,2165.05,90.21041666666667,4,Yes,1
CUST-02006,0,High-Value Long-Term Power Users,49,100.45,4941.8,100.8530612244898,5,Yes,1
CUST-02007,1,New Low-Spend Basic Customers,5,47.15,223.15,44.63,2,Yes,1
CUST-02008,2,High-Spend At-Risk Onboarders,2,80.2,181.1,90.55,2,Yes,1
CUST-02009,2,High-Spend At-Risk Onboarders,4,87.1,341.45,85.3625,4,Yes,1
CUST-02010,0,High-Value Long-Term Power Users,70,79.25,5731.85,81.88357142857143,7,No,0
CUST-02011,2,High-Spend At-Risk Onboarders,5,75.9,357.75,71.55,2,Yes,1
CUST-02012,0,High-Value Long-Term Power Users,53,85.7,4616.1,87.09622641509435,7,No,0
CUST-02013,0,High-Value Long-Term Power Users,47,98.75,4533.7,96.46170212765956,6,Yes,1
CUST-02014,1,New Low-Spend Basic Customers,31,20.1,589.25,19.008064516129032,1,No,0
CUST-02015,2,High-Spend At-Risk Onboarders,13,61.8,750.1,57.7,4,No,0
CUST-02016,1,New Low-Spend Basic Customers,28,49.9,1410.25,50.36607142857143,2,No,0
CUST-02017,2,High-Spend At-Risk Onboarders,10,86.45,830.85,83.08500000000001,3,Yes,1
CUST-02018,3,Loyal Low-Spend Long-Termers,38,20.4,743.5,19.56578947368421,1,No,0
CUST-02019,1,New Low-Spend Basic Customers,1,45.3,45.3,45.3,1,Yes,1
CUST-02020,0,High-Value Long-Term Power Users,67,104.1,7040.85,105.08731343283583,6,Yes,1
CUST-02021,0,High-Value Long-Term Power Users,52,75.4,3865.45,74.33557692307691,5,No,0
CUST-02022,0,High-Value Long-Term Power Users,62,108.15,6825.65,110.09112903225805,7,No,0
CUST-02023,2,High-Spend At-Risk Onboarders,16,86.25,1340.1,83.75625,3,No,0
CUST-02024,2,High-Spend At-Risk Onboarders,5,81.0,371.65,74.33,3,Yes,1
CUST-02025,2,High-Spend At-Risk Onboarders,12,95.7,1184.0,98.66666666666667,4,No,0
CUST-02026,0,High-Value Long-Term Power Users,72,116.85,8477.7,117.74583333333334,8,No,0
CUST-02027,0,High-Value Long-Term Power Users,71,105.75,7382.85,103.98380281690142,6,No,0
CUST-02028,1,New Low-Spend Basic Customers,24,20.15,456.85,19.035416666666666,1,No,0
CUST-02029,1,New Low-Spend Basic Customers,15,19.6,331.6,22.10666666666667,1,No,0
CUST-02030,0,High-Value Long-Term Power Users,67,90.6,6056.15,90.39029850746267,4,Yes,1
CUST-02031,2,High-Spend At-Risk Onboarders,2,60.95,134.6,67.3,4,No,0
CUST-02032,1,New Low-Spend Basic Customers,5,25.05,125.5,25.1,0,No,0
CUST-02033,2,High-Spend At-Risk Onboarders,15,88.15,1390.6,92.70666666666666,3,Yes,1
CUST-02034,1,New Low-Spend Basic Customers,1,20.2,20.2,20.2,1,Yes,1
CUST-02035,2,High-Spend At-Risk Onboarders,41,60.3,2511.3,61.25121951219513,4,No,0
CUST-02036,2,High-Spend At-Risk Onboarders,43,63.95,2737.05,63.65232558139535,4,No,0
CUST-02037,2,High-Spend At-Risk Onboarders,1,74.3,74.3,74.3,2,No,0
CUST-02038,2,High-Spend At-Risk Onboarders,1,70.6,70.6,70.6,1,No,0
CUST-02039,2,High-Spend At-Risk Onboarders,26,90.8,2361.8,90.83846153846154,3,Yes,1
CUST-02040,2,High-Spend At-Risk Onboarders,22,79.35,1730.35,78.65227272727272,3,Yes,1
CUST-02041,0,High-Value Long-Term Power Users,71,90.55,6404.0,90.19718309859155,8,No,0
CUST-02042,1,New Low-Spend Basic Customers,7,19.45,165.35,23.62142857142857,1,No,0
CUST-02043,2,High-Spend At-Risk Onboarders,28,64.45,1867.6,66.7,5,No,0
CUST-02044,2,High-Spend At-Risk Onboarders,16,69.65,1043.3,65.20625,1,No,0
CUST-02045,1,New Low-Spend Basic Customers,7,19.5,128.6,18.37142857142857,1,No,0
CUST-02046,0,High-Value Long-Term Power Users,69,110.5,7455.45,108.05,7,No,0
CUST-02047,1,New Low-Spend Basic Customers,1,24.7,24.7,24.7,0,No,0
CUST-02048,2,High-Spend At-Risk Onboarders,3,77.4,206.15,68.71666666666667,5,No,0
CUST-02049,2,High-Spend At-Risk Onboarders,21,96.8,2030.3,96.68095238095238,4,Yes,1
CUST-02050,0,High-Value Long-Term Power Users,69,85.4,5869.4,85.06376811594203,4,No,0
CUST-02051,3,Loyal Low-Spend Long-Termers,71,47.6,3377.8,47.57464788732395,4,No,0
CUST-02052,3,Loyal Low-Spend Long-Termers,69,19.4,1346.2,19.51014492753623,1,No,0
CUST-02053,0,High-Value Long-Term Power Users,48,103.85,4946.05,103.04270833333334,6,No,0
CUST-02054,0,High-Value Long-Term Power Users,47,83.35,4065.0,86.48936170212765,4,Yes,1
CUST-02055,1,New Low-Spend Basic Customers,2,49.4,106.55,53.275,2,Yes,1
CUST-02056,0,High-Value Long-Term Power Users,45,108.45,4964.7,110.32666666666667,7,No,0
CUST-02057,0,High-Value Long-Term Power Users,51,81.0,4085.75,80.11274509803921,3,No,0
CUST-02058,2,High-Spend At-Risk Onboarders,22,79.2,1742.75,79.2159090909091,6,Yes,1
CUST-02059,0,High-Value Long-Term Power Users,72,86.65,6224.8,86.45555555555556,8,No,0
CUST-02060,0,High-Value Long-Term Power Users,37,92.95,3415.25,92.30405405405405,5,No,0
CUST-02061,0,High-Value Long-Term Power Users,71,90.35,6325.25,89.08802816901408,8,No,0
CUST-02062,1,New Low-Spend Basic Customers,7,48.7,340.25,48.607142857142854,2,Yes,1
CUST-02063,3,Loyal Low-Spend Long-Termers,66,25.15,1683.6,25.509090909090908,2,No,0
CUST-02064,0,High-Value Long-Term Power Users,51,76.4,3966.3,77.77058823529413,5,No,0
CUST-02065,1,New Low-Spend Basic Customers,30,19.55,608.5,20.283333333333335,1,No,0
CUST-02066,2,High-Spend At-Risk Onboarders,34,85.35,2896.6,85.19411764705882,3,No,0
CUST-02067,3,Loyal Low-Spend Long-Termers,64,24.8,1514.85,23.66953125,2,No,0
CUST-02068,0,High-Value Long-Term Power Users,65,103.15,6792.45,104.49923076923076,6,No,0
CUST-02069,0,High-Value Long-Term Power Users,47,100.75,4669.2,99.34468085106383,6,No,0
CUST-02070,2,High-Spend At-Risk Onboarders,1,95.6,95.6,95.6,4,Yes,1
CUST-02071,3,Loyal Low-Spend Long-Termers,49,59.75,2934.3,59.88367346938776,4,Yes,1
CUST-02072,0,High-Value Long-Term Power Users,67,94.1,6302.8,94.07164179104478,5,No,0
CUST-02073,3,Loyal Low-Spend Long-Termers,39,19.35,779.2,19.97948717948718,1,No,0
CUST-02074,1,New Low-Spend Basic Customers,14,19.9,283.75,20.267857142857142,1,No,0
CUST-02075,0,High-Value Long-Term Power Users,43,108.15,4600.7,106.99302325581395,6,Yes,1
CUST-02076,0,High-Value Long-Term Power Users,56,101.05,5594.0,99.89285714285714,5,No,0
CUST-02077,2,High-Spend At-Risk Onboarders,14,59.1,772.85,55.20357142857143,3,No,0
CUST-02078,2,High-Spend At-Risk Onboarders,1,71.35,71.35,71.35,1,Yes,1
CUST-02079,2,High-Spend At-Risk Onboarders,16,55.85,857.8,53.6125,3,No,0
CUST-02080,0,High-Value Long-Term Power Users,70,106.05,7554.05,107.915,6,No,0
CUST-02081,0,High-Value Long-Term Power Users,72,84.1,5981.65,83.07847222222222,7,No,0
CUST-02082,2,High-Spend At-Risk Onboarders,23,75.3,1702.9,74.0391304347826,2,No,0
CUST-02083,1,New Low-Spend Basic Customers,21,24.7,467.15,22.245238095238093,2,No,0
CUST-02084,1,New Low-Spend Basic Customers,1,20.15,20.15,20.15,1,Yes,1
CUST-02085,2,High-Spend At-Risk Onboarders,1,69.75,69.75,69.75,1,Yes,1
CUST-02086,2,High-Spend At-Risk Onboarders,32,93.2,2931.0,91.59375,4,Yes,1
CUST-02087,2,High-Spend At-Risk Onboarders,17,80.85,1400.85,82.40294117647058,2,Yes,1
CUST-02088,1,New Low-Spend Basic Customers,4,33.65,137.85,34.4625,2,Yes,1
CUST-02089,3,Loyal Low-Spend Long-Termers,36,55.8,1941.5,53.93055555555556,3,No,0
CUST-02090,3,Loyal Low-Spend Long-Termers,50,39.7,1932.75,38.655,3,No,0
CUST-02091,3,Loyal Low-Spend Long-Termers,48,29.5,1423.05,29.646874999999998,1,No,0
CUST-02092,3,Loyal Low-Spend Long-Termers,50,20.15,970.85,19.417,1,No,0
CUST-02093,0,High-Value Long-Term Power Users,72,79.55,5810.9,80.70694444444445,7,No,0
CUST-02094,1,New Low-Spend Basic Customers,10,24.8,223.9,22.39,2,No,0
CUST-02095,1,New Low-Spend Basic Customers,18,19.65,391.7,21.76111111111111,1,No,0
CUST-02096,2,High-Spend At-Risk Onboarders,1,79.95,79.95,79.95,2,Yes,1
CUST-02097,1,New Low-Spend Basic Customers,1,19.3,19.3,19.3,1,Yes,1
CUST-02098,2,High-Spend At-Risk Onboarders,9,94.05,811.65,90.18333333333334,4,No,0
CUST-02099,2,High-Spend At-Risk Onboarders,2,90.75,174.75,87.375,4,No,0
CUST-02100,2,High-Spend At-Risk Onboarders,40,78.85,3126.85,78.17125,3,No,0
CUST-02101,0,High-Value Long-Term Power Users,69,99.5,6841.45,99.15144927536231,5,No,0
CUST-02102,0,High-Value Long-Term Power Users,37,99.2,3754.6,101.47567567567567,6,Yes,1
CUST-02103,2,High-Spend At-Risk Onboarders,18,80.55,1406.65,78.14722222222223,3,No,0
CUST-02104,2,High-Spend At-Risk Onboarders,11,70.2,834.7,75.88181818181819,1,No,0
CUST-02105,2,High-Spend At-Risk Onboarders,8,85.2,627.4,78.425,3,Yes,1
CUST-02106,2,High-Spend At-Risk Onboarders,3,75.25,242.0,80.66666666666667,2,Yes,1
CUST-02107,3,Loyal Low-Spend Long-Termers,55,59.45,3157.0,57.4,3,No,0
CUST-02108,0,High-Value Long-Term Power Users,33,93.35,3092.0,93.6969696969697,5,No,0
CUST-02109,3,Loyal Low-Spend Long-Termers,46,44.95,2168.9,47.15,1,No,0
CUST-02110,3,Loyal Low-Spend Long-Termers,34,26.1,980.35,28.833823529411767,2,No,0
CUST-02111,1,New Low-Spend Basic Customers,3,20.2,65.95,21.983333333333334,1,No,0
CUST-02112,1,New Low-Spend Basic Customers,30,21.25,711.9,23.73,1,No,0
CUST-02113,2,High-Spend At-Risk Onboarders,33,59.4,1952.8,59.17575757575757,4,No,0
CUST-02114,0,High-Value Long-Term Power Users,45,95.0,4368.85,97.08555555555556,5,No,0
CUST-02115,2,High-Spend At-Risk Onboarders,40,61.9,2647.1,66.1775,4,No,0
CUST-02116,0,High-Value Long-Term Power Users,71,118.65,8477.6,119.40281690140846,8,No,0
CUST-02117,2,High-Spend At-Risk Onboarders,1,54.35,54.35,54.35,3,Yes,1
CUST-02118,0,High-Value Long-Term Power Users,72,64.45,4528.0,62.888888888888886,6,No,0
CUST-02119,2,High-Spend At-Risk Onboarders,22,80.15,1790.65,81.39318181818182,2,No,0
CUST-02120,3,Loyal Low-Spend Long-Termers,46,20.2,845.6,18.382608695652173,1,No,0
CUST-02121,3,Loyal Low-Spend Long-Termers,55,21.0,1210.3,22.005454545454544,1,No,0
CUST-02122,1,New Low-Spend Basic Customers,1,20.45,20.45,20.45,1,No,0
CUST-02123,2,High-Spend At-Risk Onboarders,12,75.85,854.45,71.20416666666667,5,No,0
CUST-02124,2,High-Spend At-Risk Onboarders,31,80.45,2429.1,78.35806451612903,3,No,0
CUST-02125,1,New Low-Spend Basic Customers,5,24.95,100.4,20.080000000000002,0,Yes,1
CUST-02126,0,High-Value Long-Term Power Users,67,75.5,5229.45,78.05149253731344,5,No,0
CUST-02127,1,New Low-Spend Basic Customers,1,44.45,44.45,44.45,1,No,0
CUST-02128,3,Loyal Low-Spend Long-Termers,40,42.35,1716.45,42.91125,3,Yes,1
CUST-02129,0,High-Value Long-Term Power Users,41,74.55,3023.55,73.74512195121952,6,No,0
CUST-02130,2,High-Spend At-Risk Onboarders,1,75.3,75.3,75.3,2,Yes,1
CUST-02131,0,High-Value Long-Term Power Users,51,94.8,4837.6,94.85490196078432,5,Yes,1
CUST-02132,3,Loyal Low-Spend Long-Termers,42,48.15,2032.3,48.38809523809524,4,No,0
CUST-02133,1,New Low-Spend Basic Customers,23,19.65,436.9,18.995652173913044,1,No,0
CUST-02134,2,High-Spend At-Risk Onboarders,1,70.55,70.55,70.55,1,Yes,1
CUST-02135,1,New Low-Spend Basic Customers,1,20.15,20.15,20.15,1,No,0
CUST-02136,0,High-Value Long-Term Power Users,56,106.6,5893.95,105.24910714285714,6,No,0
CUST-02137,2,High-Spend At-Risk Onboarders,15,91.0,1430.05,95.33666666666666,4,No,0
CUST-02138,1,New Low-Spend Basic Customers,12,25.4,313.0,26.083333333333332,2,No,0
CUST-02139,0,High-Value Long-Term Power Users,54,69.95,3871.85,71.70092592592593,5,No,0
CUST-02140,2,High-Spend At-Risk Onboarders,7,66.85,458.1,65.44285714285715,3,No,0
CUST-02141,2,High-Spend At-Risk Onboarders,33,86.15,2745.7,83.2030303030303,3,Yes,1
CUST-02142,1,New Low-Spend Basic Customers,16,20.15,341.35,21.334375,1,No,0
CUST-02143,2,High-Spend At-Risk Onboarders,21,64.85,1336.8,63.65714285714286,4,No,0
CUST-02144,2,High-Spend At-Risk Onboarders,30,74.85,2181.75,72.725,5,No,0
CUST-02145,1,New Low-Spend Basic Customers,3,50.5,147.75,49.25,2,No,0
CUST-02146,2,High-Spend At-Risk Onboarders,11,72.9,818.45,74.40454545454546,2,No,0
CUST-02147,0,High-Value Long-Term Power Users,62,115.05,7133.45,115.05564516129031,8,No,0
CUST-02148,1,New Low-Spend Basic Customers,18,19.0,348.8,19.37777777777778,1,No,0
CUST-02149,1,New Low-Spend Basic Customers,6,19.55,128.6,21.433333333333334,1,No,0
CUST-02150,0,High-Value Long-Term Power Users,46,101.1,4674.4,101.61739130434782,5,No,0
CUST-02151,2,High-Spend At-Risk Onboarders,21,84.1,1737.45,82.7357142857143,3,No,0
CUST-02152,3,Loyal Low-Spend Long-Termers,68,24.15,1498.85,22.04191176470588,2,No,0
CUST-02153,1,New Low-Spend Basic Customers,1,50.1,50.1,50.1,2,No,0
CUST-02154,2,High-Spend At-Risk Onboarders,25,74.6,1797.75,71.91,2,No,0
CUST-02155,1,New Low-Spend Basic Customers,24,19.75,498.1,20.754166666666666,1,No,0
CUST-02156,2,High-Spend At-Risk Onboarders,30,85.0,2624.25,87.475,3,Yes,1
CUST-02157,2,High-Spend At-Risk Onboarders,2,80.55,184.1,92.05,2,Yes,1
CUST-02158,0,High-Value Long-Term Power Users,51,106.8,5498.8,107.81960784313726,6,No,0
CUST-02159,0,High-Value Long-Term Power Users,57,84.5,4845.4,85.00701754385965,7,No,0
CUST-02160,1,New Low-Spend Basic Customers,15,25.05,369.1,24.60666666666667,2,No,0
CUST-02161,0,High-Value Long-Term Power Users,72,83.7,6096.9,84.67916666666666,7,No,0
CUST-02162,2,High-Spend At-Risk Onboarders,2,75.8,160.75,80.375,2,Yes,1
CUST-02163,2,High-Spend At-Risk Onboarders,28,96.6,2684.35,95.86964285714285,5,No,0
CUST-02164,2,High-Spend At-Risk Onboarders,29,98.5,3004.15,103.59137931034483,5,Yes,1
CUST-02165,0,High-Value Long-Term Power Users,70,101.1,6994.8,99.92571428571429,6,No,0
CUST-02166,1,New Low-Spend Basic Customers,13,20.2,273.25,21.01923076923077,1,No,0
CUST-02167,0,High-Value Long-Term Power Users,59,94.05,5483.9,92.94745762711864,6,No,0
CUST-02168,2,High-Spend At-Risk Onboarders,13,95.25,1233.65,94.89615384615385,4,Yes,1
CUST-02169,2,High-Spend At-Risk Onboarders,7,74.4,527.9,75.41428571428571,2,Yes,1
CUST-02170,0,High-Value Long-Term Power Users,62,81.0,4985.9,80.41774193548386,6,No,0
CUST-02171,2,High-Spend At-Risk Onboarders,21,60.25,1258.35,59.921428571428564,4,No,0
CUST-02172,2,High-Spend At-Risk Onboarders,2,60.85,111.4,55.7,3,No,0
CUST-02173,1,New Low-Spend Basic Customers,1,43.95,43.95,43.95,1,No,0
CUST-02174,2,High-Spend At-Risk Onboarders,4,86.05,308.1,77.025,3,No,0
CUST-02175,1,New Low-Spend Basic Customers,19,20.25,383.65,20.192105263157895,1,No,0
CUST-02176,2,High-Spend At-Risk Onboarders,30,85.15,2555.9,85.19666666666667,3,Yes,1
CUST-02177,3,Loyal Low-Spend Long-Termers,67,19.4,1284.2,19.16716417910448,1,No,0
CUST-02178,0,High-Value Long-Term Power Users,72,102.65,7550.3,104.86527777777778,6,No,0
CUST-02179,3,Loyal Low-Spend Long-Termers,53,19.9,1110.05,20.944339622641508,1,No,0
CUST-02180,1,New Low-Spend Basic Customers,5,19.55,99.6,19.919999999999998,1,No,0
CUST-02181,0,High-Value Long-Term Power Users,71,95.5,6707.15,94.4669014084507,5,No,0
CUST-02182,0,High-Value Long-Term Power Users,50,84.15,4164.4,83.288,7,No,0
CUST-02183,0,High-Value Long-Term Power Users,56,103.2,5873.75,104.88839285714286,6,No,0
CUST-02184,1,New Low-Spend Basic Customers,2,50.2,109.25,54.625,2,No,0
CUST-02185,2,High-Spend At-Risk Onboarders,2,88.55,179.25,89.625,4,Yes,1
CUST-02186,2,High-Spend At-Risk Onboarders,24,54.75,1338.15,55.75625,3,Yes,1
CUST-02187,3,Loyal Low-Spend Long-Termers,46,19.95,862.4,18.747826086956522,1,No,0
CUST-02188,0,High-Value Long-Term Power Users,71,116.25,8564.75,120.63028169014085,8,No,0
CUST-02189,1,New Low-Spend Basic Customers,29,31.2,926.2,31.93793103448276,1,No,0
CUST-02190,3,Loyal Low-Spend Long-Termers,69,24.45,1718.2,24.90144927536232,2,No,0
CUST-02191,0,High-Value Long-Term Power Users,71,84.2,5956.85,83.8992957746479,7,No,0
CUST-02192,2,High-Spend At-Risk Onboarders,1,91.3,91.3,91.3,3,Yes,1
CUST-02193,0,High-Value Long-Term Power Users,56,85.65,4824.45,86.15089285714285,7,No,0
CUST-02194,3,Loyal Low-Spend Long-Termers,56,21.2,1238.65,22.118750000000002,1,No,0
CUST-02195,2,High-Spend At-Risk Onboarders,1,79.5,79.5,79.5,2,Yes,1
CUST-02196,1,New Low-Spend Basic Customers,28,25.55,672.2,24.00714285714286,2,No,0
CUST-02197,1,New Low-Spend Basic Customers,19,20.2,382.2,20.11578947368421,1,No,0
CUST-02198,0,High-Value Long-Term Power Users,66,63.85,4264.6,64.61515151515152,4,No,0
CUST-02199,2,High-Spend At-Risk Onboarders,17,61.95,1070.7,62.98235294117647,4,No,0
CUST-02200,3,Loyal Low-Spend Long-Termers,52,25.75,1345.85,25.881730769230767,2,No,0
CUST-02201,2,High-Spend At-Risk Onboarders,19,58.2,1045.25,55.01315789473684,3,No,0
CUST-02202,0,High-Value Long-Term Power Users,36,85.85,3003.55,83.43194444444445,7,No,0
CUST-02203,2,High-Spend At-Risk Onboarders,7,70.1,467.55,66.79285714285714,1,Yes,1
CUST-02204,0,High-Value Long-Term Power Users,72,104.9,7537.5,104.6875,7,No,0
CUST-02205,0,High-Value Long-Term Power Users,67,111.3,7482.1,111.67313432835822,7,Yes,1
CUST-02206,0,High-Value Long-Term Power Users,34,99.85,3343.15,98.32794117647059,5,No,0
CUST-02207,0,High-Value Long-Term Power Users,57,95.25,5427.05,95.21140350877194,5,Yes,1
CUST-02208,2,High-Spend At-Risk Onboarders,7,86.25,587.1,83.87142857142858,3,Yes,1
CUST-02209,2,High-Spend At-Risk Onboarders,1,100.8,100.8,100.8,5,Yes,1
CUST-02210,1,New Low-Spend Basic Customers,8,19.55,161.15,20.14375,1,No,0
CUST-02211,0,High-Value Long-Term Power Users,69,104.0,7028.5,101.8623188405797,6,No,0
CUST-02212,0,High-Value Long-Term Power Users,50,104.4,5232.9,104.65799999999999,6,No,0
CUST-02213,1,New Low-Spend Basic Customers,10,19.5,225.85,22.585,1,No,0
CUST-02214,1,New Low-Spend Basic Customers,12,25.25,274.7,22.891666666666666,2,No,0
CUST-02215,2,High-Spend At-Risk Onboarders,14,86.3,1180.95,84.35357142857143,3,Yes,1
CUST-02216,3,Loyal Low-Spend Long-Termers,70,49.85,3370.2,48.145714285714284,4,No,0
CUST-02217,0,High-Value Long-Term Power Users,64,108.95,7111.3,111.1140625,7,No,0
CUST-02218,0,High-Value Long-Term Power Users,66,89.9,5958.85,90.28560606060607,8,No,0
CUST-02219,0,High-Value Long-Term Power Users,71,82.0,5999.85,84.5049295774648,6,No,0
CUST-02220,2,High-Spend At-Risk Onboarders,20,89.95,1648.45,82.4225,3,No,0
CUST-02221,0,High-Value Long-Term Power Users,72,79.35,5753.25,79.90625,6,No,0
CUST-02222,0,High-Value Long-Term Power Users,71,64.05,4492.9,63.28028169014084,5,No,0
CUST-02223,0,High-Value Long-Term Power Users,38,101.15,3956.7,104.1236842105263,5,No,0
CUST-02224,2,High-Spend At-Risk Onboarders,28,89.95,2625.55,93.76964285714287,4,Yes,1
CUST-02225,2,High-Spend At-Risk Onboarders,17,76.45,1233.4,72.5529411764706,2,Yes,1
CUST-02226,3,Loyal Low-Spend Long-Termers,33,39.1,1309.0,39.666666666666664,2,No,0
CUST-02227,1,New Low-Spend Basic Customers,23,34.6,813.45,35.36739130434783,2,No,0
CUST-02228,3,Loyal Low-Spend Long-Termers,58,19.55,1108.8,19.117241379310343,1,No,0
CUST-02229,0,High-Value Long-Term Power Users,70,104.45,7349.35,104.99071428571429,6,No,0
CUST-02230,2,High-Spend At-Risk Onboarders,4,70.5,294.2,73.55,1,No,0
CUST-02231,3,Loyal Low-Spend Long-Termers,45,20.35,929.2,20.64888888888889,1,No,0
CUST-02232,2,High-Spend At-Risk Onboarders,10,70.0,740.0,74.0,1,Yes,1
CUST-02233,1,New Low-Spend Basic Customers,36,19.45,754.5,20.958333333333332,1,No,0
CUST-02234,0,High-Value Long-Term Power Users,54,69.9,3883.3,71.91296296296296,5,No,0
CUST-02235,2,High-Spend At-Risk Onboarders,23,59.7,1414.2,61.48695652173913,4,No,0
CUST-02236,0,High-Value Long-Term Power Users,41,78.35,3211.2,78.32195121951219,6,No,0
CUST-02237,2,High-Spend At-Risk Onboarders,5,71.45,371.6,74.32000000000001,1,No,0
CUST-02238,1,New Low-Spend Basic Customers,27,45.85,1246.4,46.162962962962965,3,No,0
CUST-02239,2,High-Spend At-Risk Onboarders,1,95.85,95.85,95.85,4,No,0
CUST-02240,3,Loyal Low-Spend Long-Termers,67,35.7,2545.7,37.9955223880597,2,No,0
CUST-02241,0,High-Value Long-Term Power Users,72,89.55,6448.85,89.56736111111111,8,No,0
CUST-02242,3,Loyal Low-Spend Long-Termers,56,24.95,1468.9,26.230357142857144,2,No,0
CUST-02243,3,Loyal Low-Spend Long-Termers,44,24.85,1013.6,23.036363636363635,2,No,0
CUST-02244,0,High-Value Long-Term Power Users,66,100.8,6690.75,101.375,5,No,0
CUST-02245,2,High-Spend At-Risk Onboarders,34,64.4,2088.75,61.43382352941177,5,Yes,1
CUST-02246,0,High-Value Long-Term Power Users,69,105.35,7240.65,104.93695652173912,6,No,0
CUST-02247,2,High-Spend At-Risk Onboarders,1,102.45,102.45,102.45,6,Yes,1
CUST-02248,3,Loyal Low-Spend Long-Termers,40,19.65,830.25,20.75625,1,No,0
CUST-02249,2,High-Spend At-Risk Onboarders,30,54.45,1588.7,52.95666666666667,3,No,0
CUST-02250,2,High-Spend At-Risk Onboarders,11,70.5,829.3,75.39090909090909,4,No,0
CUST-02251,1,New Low-Spend Basic Customers,15,20.1,302.45,20.163333333333334,1,No,0
CUST-02252,2,High-Spend At-Risk Onboarders,11,69.35,712.25,64.75,4,No,0
CUST-02253,3,Loyal Low-Spend Long-Termers,64,19.8,1336.65,20.88515625,1,No,0
CUST-02254,0,High-Value Long-Term Power Users,72,74.4,5360.75,74.45486111111111,6,No,0
CUST-02255,0,High-Value Long-Term Power Users,72,93.05,6735.05,93.54236111111112,6,No,0
CUST-02256,1,New Low-Spend Basic Customers,1,51.2,51.2,51.2,2,No,0
CUST-02257,2,High-Spend At-Risk Onboarders,15,65.6,1010.0,67.33333333333333,5,No,0
CUST-02258,0,High-Value Long-Term Power Users,60,80.55,4847.05,80.78416666666666,6,No,0
CUST-02259,3,Loyal Low-Spend Long-Termers,56,52.7,3019.7,53.92321428571428,3,No,0
CUST-02260,1,New Low-Spend Basic Customers,8,20.85,161.65,20.20625,1,No,0
CUST-02261,2,High-Spend At-Risk Onboarders,3,80.1,217.55,72.51666666666667,3,Yes,1
CUST-02262,3,Loyal Low-Spend Long-Termers,49,52.15,2583.75,52.72959183673469,2,No,0
CUST-02263,2,High-Spend At-Risk Onboarders,2,80.2,146.05,73.025,2,Yes,1
CUST-02264,2,High-Spend At-Risk Onboarders,6,98.15,567.45,94.575,6,Yes,1
CUST-02265,0,High-Value Long-Term Power Users,70,114.95,7711.25,110.16071428571429,8,No,0
CUST-02266,2,High-Spend At-Risk Onboarders,12,112.95,1384.75,115.39583333333333,7,Yes,1
CUST-02267,0,High-Value Long-Term Power Users,52,104.45,5481.25,105.40865384615384,6,No,0
CUST-02268,0,High-Value Long-Term Power Users,72,113.65,8124.2,112.83611111111111,8,No,0
CUST-02269,3,Loyal Low-Spend Long-Termers,40,20.6,827.3,20.682499999999997,1,No,0
CUST-02270,2,High-Spend At-Risk Onboarders,1,70.9,70.9,70.9,1,Yes,1
CUST-02271,2,High-Spend At-Risk Onboarders,3,86.85,220.95,73.64999999999999,3,Yes,1
CUST-02272,2,High-Spend At-Risk Onboarders,40,91.55,3673.6,91.84,3,No,0
CUST-02273,1,New Low-Spend Basic Customers,1,49.85,49.85,49.85,2,No,0
CUST-02274,1,New Low-Spend Basic Customers,30,19.8,576.65,19.221666666666668,1,No,0
CUST-02275,2,High-Spend At-Risk Onboarders,23,99.85,2331.3,101.3608695652174,5,Yes,1
CUST-02276,2,High-Spend At-Risk Onboarders,1,74.5,74.5,74.5,2,Yes,1
CUST-02277,0,High-Value Long-Term Power Users,44,104.15,4495.65,102.17386363636363,6,No,0
CUST-02278,0,High-Value Long-Term Power Users,65,109.15,6941.2,106.78769230769231,7,Yes,1
CUST-02279,1,New Low-Spend Basic Customers,7,48.2,340.35,48.621428571428574,2,No,0
CUST-02280,3,Loyal Low-Spend Long-Termers,72,25.1,1789.9,24.859722222222224,2,No,0
CUST-02281,2,High-Spend At-Risk Onboarders,8,100.15,908.55,113.56875,5,No,0
CUST-02282,2,High-Spend At-Risk Onboarders,16,65.2,1043.35,65.209375,4,Yes,1
CUST-02283,0,High-Value Long-Term Power Users,66,99.5,6822.15,103.36590909090908,5,Yes,1
CUST-02284,2,High-Spend At-Risk Onboarders,1,71.55,71.55,71.55,1,Yes,1
CUST-02285,2,High-Spend At-Risk Onboarders,3,55.9,157.55,52.51666666666667,3,No,0
CUST-02286,0,High-Value Long-Term Power Users,53,93.9,5029.2,94.89056603773585,5,Yes,1
CUST-02287,2,High-Spend At-Risk Onboarders,8,64.4,581.7,72.7125,4,No,0
CUST-02288,0,High-Value Long-Term Power Users,69,108.4,7318.2,106.06086956521739,7,Yes,1
CUST-02289,2,High-Spend At-Risk Onboarders,5,85.3,420.45,84.09,3,No,0
CUST-02290,0,High-Value Long-Term Power Users,72,107.45,7576.7,105.23194444444444,7,No,0
CUST-02291,1,New Low-Spend Basic Customers,13,48.75,633.4,48.723076923076924,3,Yes,1
CUST-02292,2,High-Spend At-Risk Onboarders,4,85.65,321.65,80.4125,3,Yes,1
CUST-02293,0,High-Value Long-Term Power Users,54,91.3,4965.0,91.94444444444444,8,No,0
CUST-02294,0,High-Value Long-Term Power Users,72,85.95,6151.9,85.44305555555555,7,No,0
CUST-02295,2,High-Spend At-Risk Onboarders,12,106.7,1253.9,104.49166666666667,6,Yes,1
CUST-02296,1,New Low-Spend Basic Customers,1,25.15,25.15,25.15,0,Yes,1
CUST-02297,1,New Low-Spend Basic Customers,1,45.2,45.2,45.2,1,No,0
CUST-02298,0,High-Value Long-Term Power Users,54,110.35,5893.15,109.1324074074074,7,Yes,1
CUST-02299,0,High-Value Long-Term Power Users,69,79.2,5420.65,78.56014492753623,3,No,0
CUST-02300,3,Loyal Low-Spend Long-Termers,48,55.5,2627.35,54.73645833333333,3,No,0
CUST-02301,0,High-Value Long-Term Power Users,48,103.25,5037.55,104.94895833333334,6,Yes,1
CUST-02302,2,High-Spend At-Risk Onboarders,8,90.25,743.75,92.96875,4,No,0
CUST-02303,0,High-Value Long-Term Power Users,71,91.25,6589.6,92.8112676056338,8,No,0
CUST-02304,1,New Low-Spend Basic Customers,2,47.8,92.45,46.225,2,Yes,1
CUST-02305,0,High-Value Long-Term Power Users,67,100.9,6733.15,100.49477611940299,5,No,0
CUST-02306,0,High-Value Long-Term Power Users,34,97.7,3410.0,100.29411764705883,5,No,0
CUST-02307,2,High-Spend At-Risk Onboarders,3,69.85,199.85,66.61666666666666,1,No,0
CUST-02308,2,High-Spend At-Risk Onboarders,9,65.6,593.3,65.92222222222222,4,No,0
CUST-02309,0,High-Value Long-Term Power Users,71,104.65,7288.4,102.65352112676055,6,No,0
CUST-02310,0,High-Value Long-Term Power Users,57,90.45,5229.8,91.75087719298246,4,No,0
CUST-02311,0,High-Value Long-Term Power Users,72,63.7,4464.8,62.01111111111111,6,No,0
CUST-02312,0,High-Value Long-Term Power Users,48,104.5,5068.05,105.58437500000001,6,No,0
CUST-02313,1,New Low-Spend Basic Customers,18,20.1,401.85,22.325000000000003,1,No,0
CUST-02314,0,High-Value Long-Term Power Users,43,104.3,4451.85,103.53139534883722,6,No,0
CUST-02315,0,High-Value Long-Term Power Users,72,93.25,6688.95,92.90208333333334,8,No,0
CUST-02316,2,High-Spend At-Risk Onboarders,35,73.45,2661.1,76.03142857142856,5,No,0
CUST-02317,1,New Low-Spend Basic Customers,4,20.7,73.05,18.2625,1,No,0
CUST-02318,3,Loyal Low-Spend Long-Termers,49,25.25,1211.65,24.727551020408164,2,No,0
CUST-02319,0,High-Value Long-Term Power Users,71,100.5,7030.65,99.02323943661972,6,No,0
CUST-02320,2,High-Spend At-Risk Onboarders,11,90.6,1020.2,92.74545454545455,3,No,0
CUST-02321,0,High-Value Long-Term Power Users,63,89.4,5597.65,88.8515873015873,8,No,0
CUST-02322,0,High-Value Long-Term Power Users,65,95.45,6223.3,95.74307692307693,5,No,0
CUST-02323,3,Loyal Low-Spend Long-Termers,49,20.45,1024.65,20.91122448979592,1,No,0
CUST-02324,2,High-Spend At-Risk Onboarders,29,98.6,2933.2,101.14482758620689,5,Yes,1
CUST-02325,2,High-Spend At-Risk Onboarders,15,83.05,1258.3,83.88666666666667,4,Yes,1
CUST-02326,1,New Low-Spend Basic Customers,4,19.95,82.9,20.725,1,No,0
CUST-02327,0,High-Value Long-Term Power Users,72,109.15,7789.6,108.1888888888889,7,No,0
CUST-02328,2,High-Spend At-Risk Onboarders,26,85.7,2067.0,79.5,3,No,0
CUST-02329,0,High-Value Long-Term Power Users,35,102.05,3452.55,98.64428571428572,5,No,0
CUST-02330,0,High-Value Long-Term Power Users,57,94.7,5468.95,95.94649122807017,5,No,0
CUST-02331,2,High-Spend At-Risk Onboarders,28,64.4,1802.15,64.3625,4,No,0
CUST-02332,1,New Low-Spend Basic Customers,25,26.8,733.55,29.342,2,No,0
CUST-02333,2,High-Spend At-Risk Onboarders,47,66.05,3021.45,64.28617021276595,4,No,0
CUST-02334,0,High-Value Long-Term Power Users,57,65.2,3687.85,64.69912280701755,5,No,0
CUST-02335,2,High-Spend At-Risk Onboarders,16,85.05,1391.15,86.946875,3,No,0
CUST-02336,2,High-Spend At-Risk Onboarders,5,55.8,274.35,54.870000000000005,3,No,0
CUST-02337,2,High-Spend At-Risk Onboarders,17,70.4,1214.05,71.41470588235293,1,Yes,1
CUST-02338,0,High-Value Long-Term Power Users,56,104.75,5510.65,98.40446428571428,6,Yes,1
CUST-02339,3,Loyal Low-Spend Long-Termers,72,19.95,1322.85,18.372916666666665,1,No,0
CUST-02340,2,High-Spend At-Risk Onboarders,21,94.25,1973.75,93.98809523809524,4,Yes,1
CUST-02341,3,Loyal Low-Spend Long-Termers,48,45.0,2196.3,45.75625,3,No,0
CUST-02342,0,High-Value Long-Term Power Users,68,114.9,7843.55,115.34632352941176,8,No,0
CUST-02343,0,High-Value Long-Term Power Users,30,106.4,3211.9,107.06333333333333,6,No,0
CUST-02344,1,New Low-Spend Basic Customers,3,46.1,130.15,43.38333333333333,1,No,0
CUST-02345,1,New Low-Spend Basic Customers,14,39.7,692.35,49.45357142857143,3,No,0
CUST-02346,1,New Low-Spend Basic Customers,4,20.05,85.5,21.375,1,No,0
CUST-02347,0,High-Value Long-Term Power Users,71,95.75,6849.4,96.47042253521126,5,No,0
CUST-02348,1,New Low-Spend Basic Customers,8,24.4,203.95,25.49375,2,No,0
CUST-02349,3,Loyal Low-Spend Long-Termers,61,33.6,2117.2,34.708196721311474,2,No,0
CUST-02350,0,High-Value Long-Term Power Users,72,90.45,6565.85,91.19236111111111,5,No,0
CUST-02351,2,High-Spend At-Risk Onboarders,5,84.0,424.75,84.95,3,No,0
CUST-02352,0,High-Value Long-Term Power Users,49,67.4,3306.85,67.48673469387755,5,No,0
CUST-02353,1,New Low-Spend Basic Customers,8,19.7,168.9,21.1125,1,No,0
CUST-02354,2,High-Spend At-Risk Onboarders,3,80.35,253.8,84.60000000000001,2,No,0
CUST-02355,1,New Low-Spend Basic Customers,9,19.6,197.4,21.933333333333334,1,No,0
CUST-02356,3,Loyal Low-Spend Long-Termers,67,54.2,3838.2,57.286567164179104,3,No,0
CUST-02357,3,Loyal Low-Spend Long-Termers,46,45.2,2065.15,44.8945652173913,1,No,0
CUST-02358,0,High-Value Long-Term Power Users,67,75.1,5064.45,75.58880597014925,6,No,0
CUST-02359,3,Loyal Low-Spend Long-Termers,55,19.7,1140.05,20.728181818181817,1,No,0
CUST-02360,2,High-Spend At-Risk Onboarders,33,72.75,2447.45,74.1651515151515,6,No,0
CUST-02361,3,Loyal Low-Spend Long-Termers,62,20.05,1263.9,20.385483870967743,1,No,0
CUST-02362,1,New Low-Spend Basic Customers,1,45.95,45.95,45.95,1,Yes,1
CUST-02363,3,Loyal Low-Spend Long-Termers,49,39.2,1838.15,37.51326530612245,2,No,0
CUST-02364,1,New Low-Spend Basic Customers,1,44.75,44.75,44.75,1,No,0
CUST-02365,2,High-Spend At-Risk Onboarders,14,82.65,1185.0,84.64285714285714,4,No,0
CUST-02366,2,High-Spend At-Risk Onboarders,18,93.9,1743.9,96.88333333333334,5,No,0
CUST-02367,2,High-Spend At-Risk Onboarders,1,70.15,70.15,70.15,1,Yes,1
CUST-02368,2,High-Spend At-Risk Onboarders,1,85.55,85.55,85.55,3,Yes,1
CUST-02369,0,High-Value Long-Term Power Users,72,117.15,8529.5,118.46527777777777,8,No,0
CUST-02370,0,High-Value Long-Term Power Users,64,99.25,6549.45,102.33515625,6,No,0
CUST-02371,0,High-Value Long-Term Power Users,69,112.55,7806.5,113.1376811594203,8,No,0
CUST-02372,1,New Low-Spend Basic Customers,1,25.7,25.7,25.7,2,No,0
CUST-02373,0,High-Value Long-Term Power Users,71,90.3,6287.3,88.55352112676057,8,No,0
CUST-02374,3,Loyal Low-Spend Long-Termers,66,49.4,3251.85,49.27045454545454,2,No,0
CUST-02375,1,New Low-Spend Basic Customers,2,19.4,50.6,25.3,1,No,0
CUST-02376,0,High-Value Long-Term Power Users,71,109.7,7904.25,111.3274647887324,7,No,0
CUST-02377,2,High-Spend At-Risk Onboarders,11,61.25,729.95,66.35909090909091,3,No,0
CUST-02378,3,Loyal Low-Spend Long-Termers,47,55.3,2654.05,56.469148936170214,3,No,0
CUST-02379,2,High-Spend At-Risk Onboarders,35,70.3,2416.55,69.04428571428572,1,Yes,1
CUST-02380,0,High-Value Long-Term Power Users,32,106.35,3520.75,110.0234375,6,Yes,1
CUST-02381,0,High-Value Long-Term Power Users,60,103.75,5969.95,99.49916666666667,6,No,0
CUST-02382,1,New Low-Spend Basic Customers,11,19.5,226.8,20.61818181818182,1,No,0
CUST-02383,1,New Low-Spend Basic Customers,29,39.5,1082.75,37.33620689655172,3,No,0
CUST-02384,1,New Low-Spend Basic Customers,21,26.05,565.75,26.94047619047619,0,No,0
CUST-02385,0,High-Value Long-Term Power Users,48,91.05,4370.75,91.05729166666667,4,No,0
CUST-02386,1,New Low-Spend Basic Customers,3,29.65,90.05,30.016666666666666,1,No,0
CUST-02387,3,Loyal Low-Spend Long-Termers,43,50.2,2169.4,50.45116279069768,2,No,0
CUST-02388,2,High-Spend At-Risk Onboarders,5,105.3,550.6,110.12,6,No,0
CUST-02389,1,New Low-Spend Basic Customers,1,55.45,55.45,55.45,2,No,0
CUST-02390,0,High-Value Long-Term Power Users,71,85.45,6300.85,88.7443661971831,7,No,0
CUST-02391,1,New Low-Spend Basic Customers,8,19.8,160.05,20.00625,1,No,0
CUST-02392,2,High-Spend At-Risk Onboarders,8,59.25,436.6,54.575,3,No,0
CUST-02393,2,High-Spend At-Risk Onboarders,20,90.7,1781.35,89.0675,4,No,0
CUST-02394,0,High-Value Long-Term Power Users,33,103.7,3467.0,105.06060606060606,6,Yes,1
CUST-02395,0,High-Value Long-Term Power Users,71,79.05,5552.5,78.20422535211267,3,No,0
CUST-02396,2,High-Spend At-Risk Onboarders,31,90.7,2835.5,91.46774193548387,4,No,0
CUST-02397,0,High-Value Long-Term Power Users,38,95.0,3591.25,94.50657894736842,5,No,0
CUST-02398,2,High-Spend At-Risk Onboarders,1,88.35,88.35,88.35,3,Yes,1
CUST-02399,1,New Low-Spend Basic Customers,2,30.25,63.75,31.875,1,No,0
CUST-02400,1,New Low-Spend Basic Customers,12,49.85,617.15,51.42916666666667,3,No,0
CUST-02401,2,High-Spend At-Risk Onboarders,9,93.0,870.25,96.69444444444444,5,No,0
CUST-02402,2,High-Spend At-Risk Onboarders,11,54.55,601.25,54.65909090909091,3,No,0
CUST-02403,1,New Low-Spend Basic Customers,6,19.7,111.65,18.608333333333334,1,No,0
CUST-02404,0,High-Value Long-Term Power Users,71,84.8,6046.1,85.15633802816902,7,No,0
CUST-02405,0,High-Value Long-Term Power Users,42,94.45,3923.8,93.42380952380952,5,No,0
CUST-02406,2,High-Spend At-Risk Onboarders,8,94.2,777.3,97.1625,4,Yes,1
CUST-02407,2,High-Spend At-Risk Onboarders,5,96.25,512.45,102.49000000000001,4,Yes,1
CUST-02408,2,High-Spend At-Risk Onboarders,2,70.7,141.45,70.725,1,Yes,1
CUST-02409,3,Loyal Low-Spend Long-Termers,45,20.85,892.15,19.825555555555557,1,No,0
CUST-02410,2,High-Spend At-Risk Onboarders,28,60.0,1682.05,60.073214285714286,5,No,0
CUST-02411,2,High-Spend At-Risk Onboarders,43,80.45,3398.9,79.04418604651163,3,No,0
CUST-02412,0,High-Value Long-Term Power Users,60,84.95,4984.85,83.08083333333335,7,No,0
CUST-02413,3,Loyal Low-Spend Long-Termers,42,33.55,1445.3,34.41190476190476,2,Yes,1
CUST-02414,1,New Low-Spend Basic Customers,7,49.65,305.55,43.65,4,No,0
CUST-02415,1,New Low-Spend Basic Customers,25,20.2,507.9,20.316,1,No,0
CUST-02416,0,High-Value Long-Term Power Users,40,94.55,3640.45,91.01124999999999,4,Yes,1
CUST-02417,2,High-Spend At-Risk Onboarders,27,100.5,2673.45,99.01666666666667,5,No,0
CUST-02418,1,New Low-Spend Basic Customers,10,35.75,389.8,38.980000000000004,2,No,0
CUST-02419,2,High-Spend At-Risk Onboarders,27,86.45,2401.05,88.92777777777779,4,No,0
CUST-02420,2,High-Spend At-Risk Onboarders,11,53.8,651.55,59.23181818181818,3,No,0
CUST-02421,1,New Low-Spend Basic Customers,4,38.55,156.1,39.025,2,No,0
CUST-02422,3,Loyal Low-Spend Long-Termers,68,39.9,2796.35,41.12279411764706,2,No,0
CUST-02423,2,High-Spend At-Risk Onboarders,1,70.05,70.05,70.05,1,No,0
CUST-02424,1,New Low-Spend Basic Customers,18,20.1,407.05,22.61388888888889,1,No,0
CUST-02425,0,High-Value Long-Term Power Users,57,112.95,6465.0,113.42105263157895,7,Yes,1
CUST-02426,1,New Low-Spend Basic Customers,26,20.3,511.25,19.66346153846154,1,No,0
CUST-02427,1,New Low-Spend Basic Customers,17,35.65,646.05,38.002941176470586,2,No,0
CUST-02428,1,New Low-Spend Basic Customers,1,35.9,35.9,35.9,1,Yes,1
CUST-02429,0,High-Value Long-Term Power Users,38,99.25,3777.15,99.39868421052631,5,Yes,1
CUST-02430,0,High-Value Long-Term Power Users,59,82.95,4903.15,83.1042372881356,4,No,0
CUST-02431,2,High-Spend At-Risk Onboarders,30,55.65,1653.85,55.12833333333333,3,No,0
CUST-02432,1,New Low-Spend Basic Customers,2,24.45,47.5,23.75,0,Yes,1
CUST-02433,3,Loyal Low-Spend Long-Termers,50,25.2,1306.3,26.125999999999998,2,No,0
CUST-02434,2,High-Spend At-Risk Onboarders,9,50.8,463.6,51.51111111111111,4,No,0
CUST-02435,1,New Low-Spend Basic Customers,3,19.65,60.65,20.216666666666665,1,No,0
CUST-02436,2,High-Spend At-Risk Onboarders,14,59.8,824.85,58.917857142857144,3,No,0
CUST-02437,2,High-Spend At-Risk Onboarders,31,73.55,2094.65,67.56935483870969,2,No,0
CUST-02438,2,High-Spend At-Risk Onboarders,7,61.4,438.9,62.699999999999996,4,No,0
CUST-02439,2,High-Spend At-Risk Onboarders,8,103.35,847.3,105.9125,6,Yes,1
CUST-02440,1,New Low-Spend Basic Customers,17,19.9,329.75,19.397058823529413,1,No,0
CUST-02441,1,New Low-Spend Basic Customers,32,19.45,674.55,21.0796875,1,No,0
CUST-02442,2,High-Spend At-Risk Onboarders,2,81.5,162.55,81.275,2,No,0
CUST-02443,2,High-Spend At-Risk Onboarders,7,84.8,546.95,78.13571428571429,3,Yes,1
CUST-02444,0,High-Value Long-Term Power Users,72,109.55,7887.25,109.54513888888889,7,No,0
CUST-02445,0,High-Value Long-Term Power Users,31,99.95,3186.65,102.79516129032258,5,Yes,1
CUST-02446,2,High-Spend At-Risk Onboarders,27,74.4,1972.35,73.05,2,No,0
CUST-02447,2,High-Spend At-Risk Onboarders,18,90.0,1527.35,84.85277777777777,4,Yes,1
CUST-02448,2,High-Spend At-Risk Onboarders,7,74.9,490.55,70.07857142857144,2,No,0
CUST-02449,2,High-Spend At-Risk Onboarders,14,104.85,1531.4,109.38571428571429,6,Yes,1
CUST-02450,2,High-Spend At-Risk Onboarders,11,59.65,683.25,62.11363636363637,3,No,0
CUST-02451,0,High-Value Long-Term Power Users,72,110.45,8058.85,111.92847222222223,7,No,0
CUST-02452,0,High-Value Long-Term Power Users,28,106.1,2847.4,101.69285714285715,6,Yes,1
CUST-02453,2,High-Spend At-Risk Onboarders,15,74.2,1133.9,75.59333333333333,2,Yes,1
CUST-02454,2,High-Spend At-Risk Onboarders,4,74.45,294.45,73.6125,2,No,0
CUST-02455,3,Loyal Low-Spend Long-Termers,71,24.55,1719.15,24.213380281690142,2,No,0
CUST-02456,2,High-Spend At-Risk Onboarders,5,89.35,461.7,92.34,4,Yes,1
CUST-02457,3,Loyal Low-Spend Long-Termers,47,24.55,1160.45,24.690425531914894,2,No,0
CUST-02458,0,High-Value Long-Term Power Users,57,90.65,5199.8,91.22456140350877,4,No,0
CUST-02459,0,High-Value Long-Term Power Users,50,105.05,5163.3,103.266,6,No,0
CUST-02460,1,New Low-Spend Basic Customers,8,20.45,162.3,20.2875,1,No,0
CUST-02461,3,Loyal Low-Spend Long-Termers,48,19.55,883.35,18.403125,1,No,0
CUST-02462,3,Loyal Low-Spend Long-Termers,70,19.7,1341.5,19.164285714285715,1,No,0
CUST-02463,2,High-Spend At-Risk Onboarders,1,70.45,70.45,70.45,5,No,0
CUST-02464,2,High-Spend At-Risk Onboarders,8,85.65,659.45,82.43125,3,No,0
CUST-02465,2,High-Spend At-Risk Onboarders,1,77.15,77.15,77.15,2,Yes,1
CUST-02466,1,New Low-Spend Basic Customers,1,35.25,35.25,35.25,1,Yes,1
CUST-02467,3,Loyal Low-Spend Long-Termers,60,20.55,1205.05,20.084166666666665,1,No,0
CUST-02468,0,High-Value Long-Term Power Users,49,97.95,4917.9,100.36530612244897,5,No,0
CUST-02469,1,New Low-Spend Basic Customers,4,48.55,201.0,50.25,3,Yes,1
CUST-02470,1,New Low-Spend Basic Customers,29,20.0,599.3,20.66551724137931,1,No,0
CUST-02471,3,Loyal Low-Spend Long-Termers,67,25.25,1733.15,25.867910447761194,2,No,0
CUST-02472,0,High-Value Long-Term Power Users,53,98.4,5149.5,97.16037735849056,5,Yes,1
CUST-02473,0,High-Value Long-Term Power Users,67,70.9,4677.1,69.80746268656716,6,No,0
CUST-02474,1,New Low-Spend Basic Customers,6,19.85,119.3,19.883333333333333,1,No,0
CUST-02475,0,High-Value Long-Term Power Users,47,106.35,4849.1,103.17234042553193,6,No,0
CUST-02476,0,High-Value Long-Term Power Users,53,99.5,5424.25,102.34433962264151,6,No,0
CUST-02477,0,High-Value Long-Term Power Users,69,84.7,5878.9,85.20144927536231,7,No,0
CUST-02478,2,High-Spend At-Risk Onboarders,3,86.05,244.85,81.61666666666666,3,No,0
CUST-02479,1,New Low-Spend Basic Customers,4,44.55,220.75,55.1875,1,No,0
CUST-02480,0,High-Value Long-Term Power Users,56,75.85,4261.2,76.09285714285714,6,No,0
CUST-02481,0,High-Value Long-Term Power Users,59,93.85,5574.75,94.48728813559322,4,Yes,1
CUST-02482,3,Loyal Low-Spend Long-Termers,61,25.0,1501.75,24.618852459016395,2,No,0
CUST-02483,1,New Low-Spend Basic Customers,2,45.0,89.75,44.875,1,No,0
CUST-02484,0,High-Value Long-Term Power Users,46,100.7,4541.2,98.72173913043478,6,Yes,1
CUST-02485,1,New Low-Spend Basic Customers,12,20.5,255.5,21.291666666666668,1,No,0
CUST-02486,2,High-Spend At-Risk Onboarders,14,80.45,1072.0,76.57142857142857,3,Yes,1
CUST-02487,2,High-Spend At-Risk Onboarders,28,90.45,2509.25,89.61607142857143,4,No,0
CUST-02488,2,High-Spend At-Risk Onboarders,24,60.45,1440.75,60.03125,4,No,0
CUST-02489,2,High-Spend At-Risk Onboarders,31,55.25,1715.65,55.343548387096774,3,Yes,1
CUST-02490,0,High-Value Long-Term Power Users,68,78.45,5333.35,78.43161764705883,7,No,0
CUST-02491,0,High-Value Long-Term Power Users,39,100.55,3895.35,99.88076923076923,5,No,0
CUST-02492,3,Loyal Low-Spend Long-Termers,42,20.35,869.9,20.711904761904762,1,No,0
CUST-02493,2,High-Spend At-Risk Onboarders,13,54.45,706.85,54.37307692307692,4,Yes,1
CUST-02494,2,High-Spend At-Risk Onboarders,6,90.75,512.25,85.375,4,No,0
CUST-02495,2,High-Spend At-Risk Onboarders,35,75.35,2636.05,75.3157142857143,2,Yes,1
CUST-02496,3,Loyal Low-Spend Long-Termers,38,20.25,814.75,21.44078947368421,1,No,0
CUST-02497,1,New Low-Spend Basic Customers,18,20.05,388.6,21.58888888888889,1,No,0
CUST-02498,1,New Low-Spend Basic Customers,4,19.6,93.45,23.3625,1,No,0
CUST-02499,2,High-Spend At-Risk Onboarders,27,53.8,1389.85,51.47592592592592,3,No,0
CUST-02500,2,High-Spend At-Risk Onboarders,41,70.2,2894.55,70.59878048780489,5,No,0
CUST-02501,0,High-Value Long-Term Power Users,50,75.5,4025.6,80.512,5,No,0
CUST-02502,3,Loyal Low-Spend Long-Termers,72,20.35,1354.4,18.811111111111114,1,No,0
CUST-02503,3,Loyal Low-Spend Long-Termers,70,26.05,1856.4,26.52,2,No,0
CUST-02504,3,Loyal Low-Spend Long-Termers,44,20.6,926.0,21.045454545454547,1,No,0
CUST-02505,2,High-Spend At-Risk Onboarders,2,75.7,189.2,94.6,2,Yes,1
CUST-02506,1,New Low-Spend Basic Customers,34,20.1,682.1,20.061764705882354,1,No,0
CUST-02507,3,Loyal Low-Spend Long-Termers,72,24.3,1778.7,24.704166666666666,2,No,0
CUST-02508,3,Loyal Low-Spend Long-Termers,71,24.5,1816.2,25.580281690140847,2,No,0
CUST-02509,0,High-Value Long-Term Power Users,64,110.5,7069.25,110.45703125,7,No,0
CUST-02510,3,Loyal Low-Spend Long-Termers,72,25.25,1841.2,25.572222222222223,2,No,0
CUST-02511,2,High-Spend At-Risk Onboarders,1,74.25,74.25,74.25,2,Yes,1
CUST-02512,2,High-Spend At-Risk Onboarders,29,90.1,2656.7,91.6103448275862,4,No,0
CUST-02513,2,High-Spend At-Risk Onboarders,23,68.75,1689.45,73.45434782608696,5,No,0
CUST-02514,3,Loyal Low-Spend Long-Termers,52,19.2,1054.75,20.283653846153847,1,No,0
CUST-02515,2,High-Spend At-Risk Onboarders,25,89.7,2187.55,87.50200000000001,4,Yes,1
CUST-02516,0,High-Value Long-Term Power Users,64,115.1,7334.05,114.59453125,8,No,0
CUST-02517,2,High-Spend At-Risk Onboarders,16,96.4,1581.2,98.825,4,Yes,1
CUST-02518,2,High-Spend At-Risk Onboarders,1,69.5,69.5,69.5,1,Yes,1
CUST-02519,2,High-Spend At-Risk Onboarders,24,99.65,2404.85,100.20208333333333,5,No,0
CUST-02520,2,High-Spend At-Risk Onboarders,2,91.45,171.45,85.725,4,No,0
CUST-02521,0,High-Value Long-Term Power Users,34,84.75,2839.45,83.51323529411764,7,No,0
CUST-02522,2,High-Spend At-Risk Onboarders,36,85.25,3132.75,87.02083333333333,3,Yes,1
CUST-02523,0,High-Value Long-Term Power Users,53,78.75,3942.45,74.38584905660377,6,No,0
CUST-02524,3,Loyal Low-Spend Long-Termers,47,20.25,873.4,18.582978723404256,1,No,0
CUST-02525,3,Loyal Low-Spend Long-Termers,72,19.9,1529.65,21.24513888888889,1,No,0
CUST-02526,0,High-Value Long-Term Power Users,72,97.75,6991.6,97.10555555555555,6,No,0
CUST-02527,1,New Low-Spend Basic Customers,1,19.4,19.4,19.4,1,Yes,1
CUST-02528,2,High-Spend At-Risk Onboarders,9,83.3,803.3,89.25555555555555,3,Yes,1
CUST-02529,2,High-Spend At-Risk Onboarders,8,80.1,679.3,84.9125,2,Yes,1
CUST-02530,2,High-Spend At-Risk Onboarders,45,62.7,2791.5,62.03333333333333,4,Yes,1
CUST-02531,2,High-Spend At-Risk Onboarders,7,100.4,715.0,102.14285714285714,5,No,0
CUST-02532,3,Loyal Low-Spend Long-Termers,71,24.45,1681.6,23.68450704225352,2,No,0
CUST-02533,0,High-Value Long-Term Power Users,41,101.1,4016.2,97.9560975609756,5,No,0
CUST-02534,3,Loyal Low-Spend Long-Termers,67,50.9,3281.65,48.97985074626866,3,No,0
CUST-02535,0,High-Value Long-Term Power Users,69,107.2,7317.1,106.0449275362319,7,No,0
CUST-02536,0,High-Value Long-Term Power Users,70,92.2,6474.45,92.49214285714285,8,No,0
CUST-02537,1,New Low-Spend Basic Customers,25,25.3,676.35,27.054000000000002,2,Yes,1
CUST-02538,0,High-Value Long-Term Power Users,72,113.4,8164.1,113.39027777777778,8,No,0
CUST-02539,3,Loyal Low-Spend Long-Termers,34,40.55,1325.85,38.995588235294115,2,No,0
CUST-02540,3,Loyal Low-Spend Long-Termers,65,26.0,1654.85,25.459230769230768,2,No,0
CUST-02541,0,High-Value Long-Term Power Users,70,111.95,7795.95,111.37071428571429,8,No,0
CUST-02542,3,Loyal Low-Spend Long-Termers,72,53.8,3952.45,54.89513888888889,4,No,0
CUST-02543,2,High-Spend At-Risk Onboarders,35,72.1,2495.15,71.29,4,No,0
CUST-02544,2,High-Spend At-Risk Onboarders,13,98.15,1230.25,94.63461538461539,5,Yes,1
CUST-02545,2,High-Spend At-Risk Onboarders,12,78.85,876.75,73.0625,6,No,0
CUST-02546,0,High-Value Long-Term Power Users,62,70.75,4263.45,68.76532258064516,5,No,0
CUST-02547,2,High-Spend At-Risk Onboarders,25,76.15,1992.95,79.718,5,No,0
CUST-02548,3,Loyal Low-Spend Long-Termers,52,39.1,1982.1,38.11730769230769,3,No,0
CUST-02549,2,High-Spend At-Risk Onboarders,8,69.95,562.7,70.3375,1,No,0
CUST-02550,1,New Low-Spend Basic Customers,2,20.05,33.7,16.85,1,No,0
CUST-02551,3,Loyal Low-Spend Long-Termers,56,20.05,1090.1,19.46607142857143,1,No,0
CUST-02552,1,New Low-Spend Basic Customers,12,19.45,227.45,18.954166666666666,1,No,0
CUST-02553,3,Loyal Low-Spend Long-Termers,47,26.9,1250.85,26.613829787234042,2,No,0
CUST-02554,1,New Low-Spend Basic Customers,2,19.2,37.2,18.6,1,No,0
CUST-02555,1,New Low-Spend Basic Customers,18,50.0,892.7,49.59444444444445,2,No,0
CUST-02556,2,High-Spend At-Risk Onboarders,8,60.0,487.75,60.96875,3,No,0
CUST-02557,0,High-Value Long-Term Power Users,45,84.55,3713.95,82.53222222222222,4,No,0
CUST-02558,1,New Low-Spend Basic Customers,3,45.45,141.7,47.23333333333333,1,No,0
CUST-02559,3,Loyal Low-Spend Long-Termers,38,20.05,678.2,17.847368421052632,1,No,0
CUST-02560,0,High-Value Long-Term Power Users,72,115.55,8425.3,117.01805555555555,8,No,0
CUST-02561,0,High-Value Long-Term Power Users,46,93.7,4154.8,90.32173913043479,5,Yes,1
CUST-02562,0,High-Value Long-Term Power Users,71,99.0,7061.65,99.45985915492957,6,No,0
CUST-02563,3,Loyal Low-Spend Long-Termers,66,50.55,3364.55,50.97803030303031,3,No,0
CUST-02564,0,High-Value Long-Term Power Users,25,105.95,2655.25,106.21,6,Yes,1
CUST-02565,2,High-Spend At-Risk Onboarders,18,82.0,1425.45,79.19166666666666,6,Yes,1
CUST-02566,1,New Low-Spend Basic Customers,13,25.0,332.5,25.576923076923077,2,No,0
CUST-02567,0,High-Value Long-Term Power Users,65,91.55,5963.95,91.75307692307692,8,No,0
CUST-02568,0,High-Value Long-Term Power Users,60,95.75,5742.9,95.71499999999999,5,Yes,1
CUST-02569,1,New Low-Spend Basic Customers,15,19.35,278.85,18.59,1,No,0
CUST-02570,3,Loyal Low-Spend Long-Termers,72,24.85,1871.85,25.997916666666665,2,No,0
CUST-02571,2,High-Spend At-Risk Onboarders,30,94.05,2866.45,95.54833333333333,4,Yes,1
CUST-02572,0,High-Value Long-Term Power Users,42,100.4,4303.65,102.46785714285713,5,No,0
CUST-02573,3,Loyal Low-Spend Long-Termers,71,25.0,1753.0,24.690140845070424,2,No,0
CUST-02574,1,New Low-Spend Basic Customers,1,54.75,54.75,54.75,2,Yes,1
CUST-02575,0,High-Value Long-Term Power Users,39,95.65,3759.05,96.38589743589743,4,Yes,1
CUST-02576,1,New Low-Spend Basic Customers,35,19.25,617.65,17.647142857142857,1,No,0
CUST-02577,0,High-Value Long-Term Power Users,53,108.25,5935.1,111.98301886792453,6,No,0
CUST-02578,2,High-Spend At-Risk Onboarders,1,94.6,94.6,94.6,4,Yes,1
CUST-02579,2,High-Spend At-Risk Onboarders,31,98.9,2911.3,93.91290322580646,5,Yes,1
CUST-02580,3,Loyal Low-Spend Long-Termers,48,20.15,982.95,20.478125000000002,1,No,0
CUST-02581,2,High-Spend At-Risk Onboarders,30,101.3,2974.5,99.15,5,No,0
CUST-02582,1,New Low-Spend Basic Customers,10,20.0,198.7,19.869999999999997,1,No,0
CUST-02583,2,High-Spend At-Risk Onboarders,12,105.3,1275.65,106.30416666666667,6,No,0
CUST-02584,0,High-Value Long-Term Power Users,57,69.85,4003.0,70.2280701754386,5,No,0
CUST-02585,0,High-Value Long-Term Power Users,58,65.25,3791.6,65.37241379310345,4,No,0
CUST-02586,3,Loyal Low-Spend Long-Termers,37,19.8,813.3,21.98108108108108,1,No,0
CUST-02587,3,Loyal Low-Spend Long-Termers,44,19.6,780.25,17.732954545454547,1,No,0
CUST-02588,1,New Low-Spend Basic Customers,27,20.05,552.9,20.477777777777778,1,No,0
CUST-02589,1,New Low-Spend Basic Customers,8,49.4,408.25,51.03125,2,No,0
CUST-02590,2,High-Spend At-Risk Onboarders,3,76.05,231.8,77.26666666666667,2,Yes,1
CUST-02591,2,High-Spend At-Risk Onboarders,25,88.4,2191.15,87.646,4,No,0
CUST-02592,0,High-Value Long-Term Power Users,57,100.6,5611.7,98.45087719298245,5,No,0
CUST-02593,1,New Low-Spend Basic Customers,12,19.45,246.25,20.520833333333332,1,No,0
CUST-02594,3,Loyal Low-Spend Long-Termers,62,20.3,1296.15,20.905645161290323,1,No,0
CUST-02595,0,High-Value Long-Term Power Users,65,107.65,7082.85,108.96692307692308,7,No,0
CUST-02596,0,High-Value Long-Term Power Users,71,80.45,5662.25,79.75,6,No,0
CUST-02597,2,High-Spend At-Risk Onboarders,21,58.85,1215.45,57.87857142857143,3,No,0
CUST-02598,0,High-Value Long-Term Power Users,71,109.6,7854.15,110.6218309859155,7,No,0
CUST-02599,2,High-Spend At-Risk Onboarders,7,75.15,525.0,75.0,2,No,0
CUST-02600,0,High-Value Long-Term Power Users,72,73.0,5265.2,73.12777777777778,6,No,0
CUST-02601,2,High-Spend At-Risk Onboarders,1,70.1,70.1,70.1,1,No,0
CUST-02602,0,High-Value Long-Term Power Users,72,98.65,7129.45,99.02013888888888,6,No,0
CUST-02603,0,High-Value Long-Term Power Users,64,111.45,7266.95,113.54609375,7,No,0
CUST-02604,0,High-Value Long-Term Power Users,72,114.9,8496.7,118.00972222222224,8,No,0
CUST-02605,2,High-Spend At-Risk Onboarders,29,100.55,2878.75,99.26724137931035,5,No,0
CUST-02606,1,New Low-Spend Basic Customers,13,20.4,261.3,20.1,1,No,0
CUST-02607,0,High-Value Long-Term Power Users,31,104.35,3205.6,103.40645161290323,6,No,0
CUST-02608,2,High-Spend At-Risk Onboarders,1,69.75,69.75,69.75,1,Yes,1
CUST-02609,1,New Low-Spend Basic Customers,7,34.5,279.25,39.892857142857146,2,Yes,1
CUST-02610,0,High-Value Long-Term Power Users,61,105.55,6281.45,102.97459016393442,6,Yes,1
CUST-02611,3,Loyal Low-Spend Long-Termers,39,30.1,1131.3,29.007692307692306,1,Yes,1
CUST-02612,2,High-Spend At-Risk Onboarders,10,70.3,738.2,73.82000000000001,1,Yes,1
CUST-02613,2,High-Spend At-Risk Onboarders,14,80.45,1137.05,81.21785714285714,6,No,0
CUST-02614,2,High-Spend At-Risk Onboarders,1,80.2,80.2,80.2,3,Yes,1
CUST-02615,0,High-Value Long-Term Power Users,67,94.35,6341.45,94.64850746268657,5,Yes,1
CUST-02616,0,High-Value Long-Term Power Users,72,91.35,6697.2,93.01666666666667,8,No,0
CUST-02617,1,New Low-Spend Basic Customers,6,44.6,260.8,43.46666666666667,1,Yes,1
CUST-02618,1,New Low-Spend Basic Customers,1,19.6,19.6,19.6,1,Yes,1
CUST-02619,1,New Low-Spend Basic Customers,25,19.9,505.45,20.218,1,No,0
CUST-02620,0,High-Value Long-Term Power Users,33,110.45,3655.45,110.77121212121212,7,Yes,1
CUST-02621,2,High-Spend At-Risk Onboarders,18,68.35,1299.8,72.21111111111111,5,No,0
CUST-02622,0,High-Value Long-Term Power Users,71,79.1,5564.85,78.3781690140845,6,No,0
CUST-02623,1,New Low-Spend Basic Customers,28,51.0,1381.8,49.35,2,No,0
CUST-02624,2,High-Spend At-Risk Onboarders,2,80.55,188.1,94.05,3,No,0
CUST-02625,2,High-Spend At-Risk Onboarders,17,66.7,1077.05,63.35588235294117,5,No,0
CUST-02626,0,High-Value Long-Term Power Users,56,86.4,4922.4,87.89999999999999,4,No,0
CUST-02627,3,Loyal Low-Spend Long-Termers,60,50.05,2911.5,48.525,4,No,0
CUST-02628,1,New Low-Spend Basic Customers,33,25.7,826.1,25.033333333333335,2,No,0
CUST-02629,2,High-Spend At-Risk Onboarders,1,83.4,83.4,83.4,4,No,0
CUST-02630,2,High-Spend At-Risk Onboarders,2,70.7,140.7,70.35,1,Yes,1
CUST-02631,0,High-Value Long-Term Power Users,63,84.65,5377.8,85.36190476190477,4,No,0
CUST-02632,2,High-Spend At-Risk Onboarders,7,99.25,665.45,95.06428571428572,5,Yes,1
CUST-02633,0,High-Value Long-Term Power Users,55,64.75,3617.1,65.76545454545455,4,No,0
CUST-02634,0,High-Value Long-Term Power Users,65,100.15,6643.5,102.20769230769231,6,No,0
CUST-02635,2,High-Spend At-Risk Onboarders,1,84.8,84.8,84.8,3,Yes,1
CUST-02636,3,Loyal Low-Spend Long-Termers,63,25.25,1559.3,24.75079365079365,2,No,0
CUST-02637,0,High-Value Long-Term Power Users,70,113.0,7987.6,114.10857142857144,8,No,0
CUST-02638,3,Loyal Low-Spend Long-Termers,36,40.65,1547.35,42.981944444444444,3,No,0
CUST-02639,0,High-Value Long-Term Power Users,52,105.0,5426.85,104.36250000000001,6,Yes,1
CUST-02640,2,High-Spend At-Risk Onboarders,22,54.45,1127.35,51.24318181818182,3,Yes,1
CUST-02641,2,High-Spend At-Risk Onboarders,22,94.95,2142.8,97.4,5,No,0
CUST-02642,2,High-Spend At-Risk Onboarders,5,59.9,287.85,57.57000000000001,4,No,0
CUST-02643,0,High-Value Long-Term Power Users,47,85.3,4045.65,86.07765957446809,3,Yes,1
CUST-02644,2,High-Spend At-Risk Onboarders,33,83.35,2757.85,83.57121212121211,3,Yes,1
CUST-02645,1,New Low-Spend Basic Customers,18,33.5,600.0,33.333333333333336,2,Yes,1
CUST-02646,1,New Low-Spend Basic Customers,1,19.8,19.8,19.8,1,No,0
CUST-02647,0,High-Value Long-Term Power Users,56,81.8,4534.45,80.97232142857142,6,No,0
CUST-02648,1,New Low-Spend Basic Customers,2,20.0,40.9,20.45,1,No,0
CUST-02649,2,High-Spend At-Risk Onboarders,35,59.6,2094.9,59.854285714285716,4,No,0
CUST-02650,3,Loyal Low-Spend Long-Termers,64,25.0,1584.8,24.7625,2,No,0
CUST-02651,2,High-Spend At-Risk Onboarders,15,84.35,1302.65,86.84333333333333,4,No,0
CUST-02652,2,High-Spend At-Risk Onboarders,24,90.35,2238.5,93.27083333333333,3,Yes,1
CUST-02653,1,New Low-Spend Basic Customers,1,55.55,55.55,55.55,2,No,0
CUST-02654,0,High-Value Long-Term Power Users,70,75.35,5437.75,77.68214285714286,5,No,0
CUST-02655,2,High-Spend At-Risk Onboarders,1,90.75,90.75,90.75,3,Yes,1
CUST-02656,2,High-Spend At-Risk Onboarders,4,89.6,365.65,91.4125,4,Yes,1
CUST-02657,2,High-Spend At-Risk Onboarders,39,59.3,2209.15,56.6448717948718,3,No,0
CUST-02658,2,High-Spend At-Risk Onboarders,29,66.1,1912.15,65.93620689655172,4,No,0
CUST-02659,1,New Low-Spend Basic Customers,14,18.8,255.55,18.25357142857143,1,No,0
CUST-02660,0,High-Value Long-Term Power Users,61,86.45,5175.3,84.84098360655739,7,No,0
CUST-02661,1,New Low-Spend Basic Customers,13,52.1,670.65,51.58846153846154,2,No,0
CUST-02662,3,Loyal Low-Spend Long-Termers,66,47.4,3177.25,48.140151515151516,4,No,0
CUST-02663,1,New Low-Spend Basic Customers,2,49.25,90.35,45.175,3,Yes,1
CUST-02664,0,High-Value Long-Term Power Users,59,109.15,6557.75,111.14830508474576,7,No,0
CUST-02665,0,High-Value Long-Term Power Users,62,94.95,5791.85,93.41693548387097,5,No,0
CUST-02666,2,High-Spend At-Risk Onboarders,33,93.55,3055.5,92.5909090909091,5,No,0
CUST-02667,0,High-Value Long-Term Power Users,66,79.5,5196.1,78.72878787878788,6,No,0
CUST-02668,0,High-Value Long-Term Power Users,72,115.05,8405.0,116.73611111111111,8,No,0
CUST-02669,1,New Low-Spend Basic Customers,1,19.75,19.75,19.75,1,Yes,1
CUST-02670,2,High-Spend At-Risk Onboarders,19,95.15,1789.25,94.17105263157895,5,Yes,1
CUST-02671,0,High-Value Long-Term Power Users,51,95.15,5000.05,98.04019607843138,5,No,0
CUST-02672,0,High-Value Long-Term Power Users,63,105.4,6713.2,106.55873015873016,6,No,0
CUST-02673,1,New Low-Spend Basic Customers,27,20.1,562.6,20.83703703703704,1,No,0
CUST-02674,2,High-Spend At-Risk Onboarders,22,101.35,2317.1,105.32272727272726,5,Yes,1
CUST-02675,1,New Low-Spend Basic Customers,4,20.05,91.45,22.8625,1,No,0
CUST-02676,3,Loyal Low-Spend Long-Termers,42,20.7,828.85,19.73452380952381,1,No,0
CUST-02677,1,New Low-Spend Basic Customers,29,20.35,617.35,21.28793103448276,1,No,0
CUST-02678,2,High-Spend At-Risk Onboarders,4,70.05,266.9,66.725,1,Yes,1
CUST-02679,1,New Low-Spend Basic Customers,30,19.7,625.05,20.834999999999997,1,No,0
CUST-02680,2,High-Spend At-Risk Onboarders,4,74.65,301.4,75.35,2,Yes,1
CUST-02681,0,High-Value Long-Term Power Users,71,85.45,6029.9,84.9281690140845,7,No,0
CUST-02682,3,Loyal Low-Spend Long-Termers,46,40.4,1842.7,40.05869565217392,3,No,0
CUST-02683,1,New Low-Spend Basic Customers,4,50.4,206.6,51.65,2,Yes,1
CUST-02684,2,High-Spend At-Risk Onboarders,7,79.65,604.7,86.38571428571429,3,Yes,1
CUST-02685,0,High-Value Long-Term Power Users,69,105.2,7386.05,107.04420289855072,6,No,0
CUST-02686,0,High-Value Long-Term Power Users,72,100.65,7334.05,101.86180555555556,6,No,0
CUST-02687,2,High-Spend At-Risk Onboarders,19,79.85,1471.75,77.46052631578948,3,Yes,1
CUST-02688,2,High-Spend At-Risk Onboarders,28,91.0,2626.15,93.79107142857143,4,No,0
CUST-02689,2,High-Spend At-Risk Onboarders,5,78.75,412.1,82.42,3,Yes,1
CUST-02690,0,High-Value Long-Term Power Users,72,116.75,8277.05,114.95902777777776,8,No,0
CUST-02691,2,High-Spend At-Risk Onboarders,8,80.45,583.45,72.93125,2,Yes,1
CUST-02692,2,High-Spend At-Risk Onboarders,7,59.1,369.25,52.75,3,No,0
CUST-02693,1,New Low-Spend Basic Customers,22,49.8,1049.05,47.684090909090905,2,No,0
CUST-02694,3,Loyal Low-Spend Long-Termers,72,19.3,1414.8,19.65,1,No,0
CUST-02695,1,New Low-Spend Basic Customers,8,19.65,169.75,21.21875,1,No,0
CUST-02696,0,High-Value Long-Term Power Users,52,81.4,4354.45,83.73942307692307,7,No,0
CUST-02697,3,Loyal Low-Spend Long-Termers,68,38.9,2719.2,39.98823529411764,3,No,0
CUST-02698,0,High-Value Long-Term Power Users,71,87.95,6365.35,89.65281690140846,8,No,0
CUST-02699,1,New Low-Spend Basic Customers,2,19.85,51.6,25.8,1,No,0
CUST-02700,0,High-Value Long-Term Power Users,34,96.35,3190.25,93.83088235294117,5,No,0
CUST-02701,1,New Low-Spend Basic Customers,35,24.15,812.5,23.214285714285715,0,No,0
CUST-02702,3,Loyal Low-Spend Long-Termers,61,19.1,1143.8,18.750819672131147,1,No,0
CUST-02703,1,New Low-Spend Basic Customers,1,44.0,44.0,44.0,1,No,0
CUST-02704,1,New Low-Spend Basic Customers,1,50.1,50.1,50.1,2,Yes,1
CUST-02705,3,Loyal Low-Spend Long-Termers,53,60.6,3297.0,62.20754716981132,3,No,0
CUST-02706,3,Loyal Low-Spend Long-Termers,72,25.65,1887.0,26.208333333333332,2,No,0
CUST-02707,2,High-Spend At-Risk Onboarders,2,76.4,151.8,75.9,2,Yes,1
CUST-02708,2,High-Spend At-Risk Onboarders,3,98.7,293.65,97.88333333333333,5,Yes,1
CUST-02709,2,High-Spend At-Risk Onboarders,13,100.8,1308.1,100.62307692307692,5,Yes,1
CUST-02710,3,Loyal Low-Spend Long-Termers,41,53.95,2215.4,54.03414634146342,4,No,0
CUST-02711,1,New Low-Spend Basic Customers,24,20.4,482.8,20.116666666666667,1,No,0
CUST-02712,2,High-Spend At-Risk Onboarders,28,90.1,2598.95,92.81964285714285,3,Yes,1
CUST-02713,1,New Low-Spend Basic Customers,8,29.35,216.45,27.05625,1,No,0
CUST-02714,1,New Low-Spend Basic Customers,1,20.45,20.45,20.45,1,No,0
CUST-02715,0,High-Value Long-Term Power Users,54,95.1,5064.85,93.79351851851852,5,No,0
CUST-02716,3,Loyal Low-Spend Long-Termers,41,25.25,996.45,24.303658536585367,2,No,0
CUST-02717,1,New Low-Spend Basic Customers,19,44.9,839.65,44.19210526315789,1,No,0
CUST-02718,0,High-Value Long-Term Power Users,72,92.65,6733.0,93.51388888888889,8,No,0
CUST-02719,3,Loyal Low-Spend Long-Termers,62,43.7,2618.3,42.230645161290326,4,No,0
CUST-02720,0,High-Value Long-Term Power Users,56,72.6,4084.35,72.93482142857142,5,No,0
CUST-02721,1,New Low-Spend Basic Customers,15,51.55,765.5,51.03333333333333,2,Yes,1
CUST-02722,2,High-Spend At-Risk Onboarders,10,79.25,793.55,79.35499999999999,2,Yes,1
CUST-02723,1,New Low-Spend Basic Customers,32,18.95,613.95,19.1859375,1,No,0
CUST-02724,1,New Low-Spend Basic Customers,21,20.5,402.85,19.183333333333334,1,No,0
CUST-02725,3,Loyal Low-Spend Long-Termers,62,19.95,1244.8,20.07741935483871,1,No,0
CUST-02726,1,New Low-Spend Basic Customers,2,24.5,46.4,23.2,0,No,0
CUST-02727,1,New Low-Spend Basic Customers,27,20.6,581.85,21.55,1,No,0
CUST-02728,2,High-Spend At-Risk Onboarders,5,94.85,462.8,92.56,4,Yes,1
CUST-02729,2,High-Spend At-Risk Onboarders,25,61.05,1540.2,61.608000000000004,5,No,0
CUST-02730,2,High-Spend At-Risk Onboarders,2,85.7,169.8,84.9,3,Yes,1
CUST-02731,0,High-Value Long-Term Power Users,49,106.65,5168.1,105.47142857142858,6,No,0
CUST-02732,0,High-Value Long-Term Power Users,63,108.25,6780.1,107.62063492063493,7,No,0
CUST-02733,1,New Low-Spend Basic Customers,4,20.4,94.5,23.625,1,No,0
CUST-02734,1,New Low-Spend Basic Customers,1,55.3,55.3,55.3,2,No,0
CUST-02735,1,New Low-Spend Basic Customers,11,20.25,208.0,18.90909090909091,1,No,0
CUST-02736,2,High-Spend At-Risk Onboarders,52,72.95,3829.75,73.64903846153847,2,No,0
CUST-02737,0,High-Value Long-Term Power Users,60,89.45,5294.6,88.24333333333334,4,No,0
CUST-02738,0,High-Value Long-Term Power Users,64,104.65,6889.8,107.653125,6,No,0
CUST-02739,0,High-Value Long-Term Power Users,43,75.2,3254.35,75.68255813953488,5,No,0
CUST-02740,0,High-Value Long-Term Power Users,61,101.15,6383.9,104.65409836065574,5,No,0
CUST-02741,1,New Low-Spend Basic Customers,1,44.4,44.4,44.4,1,Yes,1
CUST-02742,2,High-Spend At-Risk Onboarders,5,89.5,477.7,95.53999999999999,3,Yes,1
CUST-02743,0,High-Value Long-Term Power Users,66,68.75,4447.55,67.38712121212122,6,No,0
CUST-02744,0,High-Value Long-Term Power Users,67,111.05,7321.05,109.26940298507463,7,No,0
CUST-02745,0,High-Value Long-Term Power Users,42,99.0,4135.0,98.45238095238095,5,No,0
CUST-02746,2,High-Spend At-Risk Onboarders,1,86.05,86.05,86.05,3,Yes,1
CUST-02747,1,New Low-Spend Basic Customers,31,21.0,697.7,22.506451612903227,1,No,0
CUST-02748,1,New Low-Spend Basic Customers,7,19.4,168.65,24.092857142857145,1,No,0
CUST-02749,1,New Low-Spend Basic Customers,4,44.55,174.3,43.575,2,Yes,1
CUST-02750,2,High-Spend At-Risk Onboarders,34,77.2,2753.8,80.99411764705883,5,No,0
CUST-02751,1,New Low-Spend Basic Customers,3,19.45,69.25,23.083333333333332,1,No,0
CUST-02752,1,New Low-Spend Basic Customers,19,24.85,434.8,22.88421052631579,0,No,0
CUST-02753,1,New Low-Spend Basic Customers,31,35.4,1077.5,34.75806451612903,2,Yes,1
CUST-02754,2,High-Spend At-Risk Onboarders,1,95.65,95.65,95.65,4,Yes,1
CUST-02755,1,New Low-Spend Basic Customers,3,41.35,107.25,35.75,3,No,0
CUST-02756,3,Loyal Low-Spend Long-Termers,46,19.6,851.2,18.504347826086956,1,No,0
CUST-02757,1,New Low-Spend Basic Customers,1,20.95,20.95,20.95,1,Yes,1
CUST-02758,0,High-Value Long-Term Power Users,69,84.45,5848.6,84.76231884057971,4,No,0
CUST-02759,1,New Low-Spend Basic Customers,5,20.25,109.8,21.96,1,No,0
CUST-02760,1,New Low-Spend Basic Customers,1,19.65,19.65,19.65,1,No,0
CUST-02761,1,New Low-Spend Basic Customers,26,20.65,595.5,22.903846153846153,1,No,0
CUST-02762,1,New Low-Spend Basic Customers,10,34.7,329.8,32.980000000000004,1,Yes,1
CUST-02763,2,High-Spend At-Risk Onboarders,25,99.3,2513.5,100.54,5,No,0
CUST-02764,0,High-Value Long-Term Power Users,64,81.05,5135.35,80.23984375,3,No,0
CUST-02765,2,High-Spend At-Risk Onboarders,30,67.6,2000.2,66.67333333333333,6,No,0
CUST-02766,2,High-Spend At-Risk Onboarders,13,70.15,931.75,71.67307692307692,1,No,0
CUST-02767,0,High-Value Long-Term Power Users,64,115.0,7396.15,115.56484375,8,No,0
CUST-02768,0,High-Value Long-Term Power Users,46,84.8,3958.85,86.06195652173913,4,No,0
CUST-02769,1,New Low-Spend Basic Customers,12,19.7,260.9,21.741666666666664,1,No,0
CUST-02770,1,New Low-Spend Basic Customers,15,19.75,297.3,19.82,1,Yes,1
CUST-02771,2,High-Spend At-Risk Onboarders,17,92.55,1515.1,89.12352941176471,4,Yes,1
CUST-02772,2,High-Spend At-Risk Onboarders,13,63.15,816.8,62.83076923076923,4,No,0
CUST-02773,0,High-Value Long-Term Power Users,67,74.0,4868.4,72.66268656716417,6,No,0
CUST-02774,1,New Low-Spend Basic Customers,24,29.1,688.0,28.666666666666668,1,No,0
CUST-02775,1,New Low-Spend Basic Customers,6,50.05,288.35,48.05833333333334,2,No,0
CUST-02776,3,Loyal Low-Spend Long-Termers,53,60.05,3229.65,60.93679245283019,4,Yes,1
CUST-02777,2,High-Spend At-Risk Onboarders,16,74.3,1178.25,73.640625,2,Yes,1
CUST-02778,1,New Low-Spend Basic Customers,10,20.0,185.4,18.54,1,No,0
CUST-02779,2,High-Spend At-Risk Onboarders,13,74.65,966.25,74.32692307692308,2,No,0
CUST-02780,2,High-Spend At-Risk Onboarders,9,85.35,758.6,84.28888888888889,3,Yes,1
CUST-02781,2,High-Spend At-Risk Onboarders,25,74.3,1863.8,74.55199999999999,6,Yes,1
CUST-02782,1,New Low-Spend Basic Customers,7,44.4,265.8,37.971428571428575,3,No,0
CUST-02783,0,High-Value Long-Term Power Users,38,85.4,3297.0,86.76315789473684,7,No,0
CUST-02784,0,High-Value Long-Term Power Users,43,94.1,4107.3,95.51860465116279,5,No,0
CUST-02785,2,High-Spend At-Risk Onboarders,4,98.1,396.3,99.075,5,Yes,1
CUST-02786,0,High-Value Long-Term Power Users,25,108.9,2809.05,112.36200000000001,7,No,0
CUST-02787,2,High-Spend At-Risk Onboarders,27,56.2,1567.55,58.0574074074074,3,No,0
CUST-02788,3,Loyal Low-Spend Long-Termers,72,26.1,1851.45,25.714583333333334,2,No,0
CUST-02789,0,High-Value Long-Term Power Users,71,85.45,6028.95,84.91478873239437,4,No,0
CUST-02790,2,High-Spend At-Risk Onboarders,24,88.95,2072.75,86.36458333333333,4,No,0
CUST-02791,0,High-Value Long-Term Power Users,50,109.65,5551.15,111.023,7,Yes,1
CUST-02792,0,High-Value Long-Term Power Users,57,74.35,4317.35,75.74298245614035,5,No,0
CUST-02793,1,New Low-Spend Basic Customers,15,48.85,736.8,49.12,2,No,0
CUST-02794,2,High-Spend At-Risk Onboarders,4,80.1,336.15,84.0375,3,No,0
CUST-02795,2,High-Spend At-Risk Onboarders,28,56.05,1522.65,54.38035714285714,3,No,0
CUST-02796,2,High-Spend At-Risk Onboarders,9,74.55,622.9,69.21111111111111,2,Yes,1
CUST-02797,0,High-Value Long-Term Power Users,55,89.8,4959.6,90.17454545454547,4,No,0
CUST-02798,2,High-Spend At-Risk Onboarders,3,100.95,329.95,109.98333333333333,5,Yes,1
CUST-02799,2,High-Spend At-Risk Onboarders,10,94.9,1048.85,104.88499999999999,4,Yes,1
CUST-02800,3,Loyal Low-Spend Long-Termers,55,19.1,1001.5,18.20909090909091,1,No,0
CUST-02801,1,New Low-Spend Basic Customers,20,20.35,442.6,22.130000000000003,1,No,0
CUST-02802,0,High-Value Long-Term Power Users,62,106.05,6703.5,108.12096774193549,6,No,0
CUST-02803,0,High-Value Long-Term Power Users,32,104.9,3351.55,104.7359375,6,Yes,1
CUST-02804,3,Loyal Low-Spend Long-Termers,43,19.65,779.25,18.122093023255815,1,No,0
CUST-02805,1,New Low-Spend Basic Customers,9,24.1,259.8,28.866666666666667,0,Yes,1
CUST-02806,3,Loyal Low-Spend Long-Termers,60,59.85,3483.45,58.0575,4,No,0
CUST-02807,0,High-Value Long-Term Power Users,58,86.1,4890.5,84.31896551724138,7,No,0
CUST-02808,1,New Low-Spend Basic Customers,7,19.45,136.75,19.535714285714285,1,No,0
CUST-02809,2,High-Spend At-Risk Onboarders,2,97.1,184.15,92.075,4,No,0
CUST-02810,3,Loyal Low-Spend Long-Termers,37,36.65,1315.0,35.54054054054054,2,No,0
CUST-02811,0,High-Value Long-Term Power Users,65,103.9,6767.1,104.10923076923078,6,No,0
CUST-02812,3,Loyal Low-Spend Long-Termers,39,19.75,757.95,19.434615384615388,1,No,0
CUST-02813,0,High-Value Long-Term Power Users,66,104.05,6890.0,104.39393939393939,6,Yes,1
CUST-02814,3,Loyal Low-Spend Long-Termers,68,24.55,1657.4,24.373529411764707,2,No,0
CUST-02815,3,Loyal Low-Spend Long-Termers,62,48.7,3008.55,48.525000000000006,4,No,0
CUST-02816,2,High-Spend At-Risk Onboarders,3,88.35,262.05,87.35000000000001,4,Yes,1
CUST-02817,0,High-Value Long-Term Power Users,72,109.55,8165.1,113.40416666666667,7,No,0
CUST-02818,3,Loyal Low-Spend Long-Termers,41,20.65,875.55,21.35487804878049,1,No,0
CUST-02819,2,High-Spend At-Risk Onboarders,29,94.65,2649.15,91.35000000000001,4,Yes,1
CUST-02820,2,High-Spend At-Risk Onboarders,4,55.2,220.65,55.1625,3,No,0
CUST-02821,3,Loyal Low-Spend Long-Termers,53,24.05,1301.9,24.56415094339623,2,No,0
CUST-02822,2,High-Spend At-Risk Onboarders,1,74.4,74.4,74.4,2,Yes,1
CUST-02823,0,High-Value Long-Term Power Users,41,79.9,3326.2,81.12682926829268,7,Yes,1
CUST-02824,3,Loyal Low-Spend Long-Termers,39,20.45,790.0,20.256410256410255,1,No,0
CUST-02825,3,Loyal Low-Spend Long-Termers,63,19.25,1237.65,19.645238095238096,1,No,0
CUST-02826,1,New Low-Spend Basic Customers,15,26.35,378.6,25.240000000000002,2,No,0
CUST-02827,1,New Low-Spend Basic Customers,13,43.8,592.65,45.58846153846154,1,No,0
CUST-02828,1,New Low-Spend Basic Customers,1,50.15,50.15,50.15,2,No,0
CUST-02829,1,New Low-Spend Basic Customers,1,20.45,20.45,20.45,1,No,0
CUST-02830,2,High-Spend At-Risk Onboarders,8,69.7,560.85,70.10625,1,Yes,1
CUST-02831,3,Loyal Low-Spend Long-Termers,60,61.4,3638.25,60.6375,4,No,0
CUST-02832,2,High-Spend At-Risk Onboarders,12,98.1,1060.2,88.35000000000001,5,Yes,1
CUST-02833,2,High-Spend At-Risk Onboarders,40,70.75,2921.75,73.04375,5,No,0
CUST-02834,0,High-Value Long-Term Power Users,66,61.15,4017.45,60.87045454545454,4,No,0
CUST-02835,3,Loyal Low-Spend Long-Termers,42,20.25,854.9,20.354761904761904,1,No,0
CUST-02836,0,High-Value Long-Term Power Users,66,63.85,4174.35,63.247727272727275,5,No,0
CUST-02837,0,High-Value Long-Term Power Users,49,98.7,4920.55,100.41938775510205,5,No,0
CUST-02838,1,New Low-Spend Basic Customers,1,20.5,20.5,20.5,1,Yes,1
CUST-02839,3,Loyal Low-Spend Long-Termers,41,20.0,810.3,19.76341463414634,1,No,0
CUST-02840,3,Loyal Low-Spend Long-Termers,41,19.3,772.4,18.839024390243903,1,No,0
CUST-02841,2,High-Spend At-Risk Onboarders,23,84.4,1936.85,84.2108695652174,4,No,0
CUST-02842,1,New Low-Spend Basic Customers,3,25.1,79.8,26.599999999999998,0,No,0
CUST-02843,2,High-Spend At-Risk Onboarders,4,48.25,202.25,50.5625,4,No,0
CUST-02844,3,Loyal Low-Spend Long-Termers,52,19.85,1070.5,20.58653846153846,1,No,0
CUST-02845,2,High-Spend At-Risk Onboarders,4,99.6,347.65,86.9125,5,Yes,1
CUST-02846,2,High-Spend At-Risk Onboarders,11,94.2,999.9,90.89999999999999,5,No,0
CUST-02847,2,High-Spend At-Risk Onboarders,2,62.15,113.1,56.55,3,No,0
CUST-02848,2,High-Spend At-Risk Onboarders,26,79.3,2015.8,77.53076923076922,3,No,0
CUST-02849,2,High-Spend At-Risk Onboarders,24,56.25,1454.25,60.59375,3,No,0
CUST-02850,1,New Low-Spend Basic Customers,12,20.3,246.7,20.558333333333334,1,No,0
CUST-02851,0,High-Value Long-Term Power Users,60,99.0,6017.9,100.29833333333333,5,No,0
CUST-02852,0,High-Value Long-Term Power Users,64,90.6,5817.45,90.89765625,8,No,0
CUST-02853,0,High-Value Long-Term Power Users,66,85.9,5595.3,84.77727272727273,7,No,0
CUST-02854,0,High-Value Long-Term Power Users,60,79.2,4765.0,79.41666666666667,3,No,0
CUST-02855,2,High-Spend At-Risk Onboarders,17,70.35,1201.65,70.68529411764706,5,No,0
CUST-02856,3,Loyal Low-Spend Long-Termers,42,19.35,867.3,20.65,1,No,0
CUST-02857,1,New Low-Spend Basic Customers,1,50.15,50.15,50.15,2,No,0
CUST-02858,2,High-Spend At-Risk Onboarders,47,63.8,3007.25,63.984042553191486,4,No,0
CUST-02859,1,New Low-Spend Basic Customers,10,20.55,252.75,25.275,1,No,0
CUST-02860,0,High-Value Long-Term Power Users,70,88.55,6306.5,90.09285714285714,8,No,0
CUST-02861,0,High-Value Long-Term Power Users,67,101.4,6841.05,102.10522388059702,5,No,0
CUST-02862,2,High-Spend At-Risk Onboarders,1,81.95,81.95,81.95,2,Yes,1
CUST-02863,2,High-Spend At-Risk Onboarders,7,69.35,451.1,64.44285714285715,1,Yes,1
CUST-02864,1,New Low-Spend Basic Customers,1,44.6,44.6,44.6,1,No,0
CUST-02865,2,High-Spend At-Risk Onboarders,4,63.75,226.2,56.55,4,No,0
CUST-02866,0,High-Value Long-Term Power Users,66,109.25,7082.5,107.31060606060606,7,No,0
CUST-02867,2,High-Spend At-Risk Onboarders,12,84.6,1017.35,84.77916666666667,3,No,0
CUST-02868,1,New Low-Spend Basic Customers,24,20.45,527.35,21.972916666666666,1,No,0
CUST-02869,2,High-Spend At-Risk Onboarders,26,85.75,2146.5,82.5576923076923,3,No,0
CUST-02870,2,High-Spend At-Risk Onboarders,6,91.1,455.3,75.88333333333334,3,Yes,1
CUST-02871,0,High-Value Long-Term Power Users,57,107.95,5969.85,104.73421052631579,6,No,0
CUST-02872,2,High-Spend At-Risk Onboarders,14,86.1,1235.55,88.25357142857142,3,Yes,1
CUST-02873,3,Loyal Low-Spend Long-Termers,42,22.95,1014.25,24.148809523809526,2,No,0
CUST-02874,2,High-Spend At-Risk Onboarders,25,94.7,2362.1,94.484,4,Yes,1
CUST-02875,3,Loyal Low-Spend Long-Termers,64,19.45,1225.65,19.15078125,1,No,0
CUST-02876,2,High-Spend At-Risk Onboarders,22,85.1,1873.7,85.16818181818182,3,Yes,1
CUST-02877,1,New Low-Spend Basic Customers,19,19.7,386.5,20.342105263157894,1,No,0
CUST-02878,0,High-Value Long-Term Power Users,61,99.15,6010.05,98.52540983606558,5,Yes,1
CUST-02879,2,High-Spend At-Risk Onboarders,22,87.0,1850.65,84.12045454545455,3,No,0
CUST-02880,0,High-Value Long-Term Power Users,70,102.95,7101.5,101.45,6,Yes,1
CUST-02881,2,High-Spend At-Risk Onboarders,12,79.95,1043.4,86.95,2,No,0
CUST-02882,2,High-Spend At-Risk Onboarders,31,64.0,1910.75,61.63709677419355,4,No,0
CUST-02883,2,High-Spend At-Risk Onboarders,11,64.9,716.1,65.10000000000001,3,No,0
CUST-02884,3,Loyal Low-Spend Long-Termers,68,25.75,1686.15,24.796323529411765,2,No,0
CUST-02885,0,High-Value Long-Term Power Users,72,90.15,6716.45,93.28402777777778,8,No,0
CUST-02886,0,High-Value Long-Term Power Users,67,116.1,7839.85,117.01268656716418,8,No,0
CUST-02887,0,High-Value Long-Term Power Users,60,104.95,6236.75,103.94583333333334,6,No,0
CUST-02888,1,New Low-Spend Basic Customers,1,45.05,45.05,45.05,1,Yes,1
CUST-02889,2,High-Spend At-Risk Onboarders,1,71.0,71.0,71.0,1,Yes,1
CUST-02890,3,Loyal Low-Spend Long-Termers,58,50.0,2919.85,50.342241379310344,4,No,0
CUST-02891,2,High-Spend At-Risk Onboarders,47,70.55,3309.25,70.40957446808511,1,Yes,1
CUST-02892,2,High-Spend At-Risk Onboarders,1,79.7,79.7,79.7,2,Yes,1
CUST-02893,1,New Low-Spend Basic Customers,1,20.45,20.45,20.45,1,No,0
CUST-02894,2,High-Spend At-Risk Onboarders,22,59.0,1254.7,57.03181818181818,4,Yes,1
CUST-02895,3,Loyal Low-Spend Long-Termers,48,60.35,2896.4,60.34166666666667,4,Yes,1
CUST-02896,3,Loyal Low-Spend Long-Termers,37,19.85,717.5,19.39189189189189,1,No,0
CUST-02897,1,New Low-Spend Basic Customers,13,19.95,253.8,19.523076923076925,1,No,0
CUST-02898,3,Loyal Low-Spend Long-Termers,43,26.45,1110.05,25.815116279069766,2,No,0
CUST-02899,2,High-Spend At-Risk Onboarders,6,63.4,348.8,58.13333333333333,6,No,0
CUST-02900,0,High-Value Long-Term Power Users,71,53.95,3888.65,54.76971830985916,5,No,0
CUST-02901,2,High-Spend At-Risk Onboarders,1,69.25,69.25,69.25,1,Yes,1
CUST-02902,0,High-Value Long-Term Power Users,72,95.1,6843.15,95.04374999999999,5,No,0
CUST-02903,2,High-Spend At-Risk Onboarders,6,74.1,450.9,75.14999999999999,2,No,0
CUST-02904,1,New Low-Spend Basic Customers,12,35.5,432.25,36.020833333333336,2,No,0
CUST-02905,2,High-Spend At-Risk Onboarders,25,70.95,1767.35,70.694,1,Yes,1
CUST-02906,2,High-Spend At-Risk Onboarders,21,79.2,1742.45,82.97380952380952,3,No,0
CUST-02907,1,New Low-Spend Basic Customers,6,48.8,297.35,49.55833333333334,2,No,0
CUST-02908,2,High-Spend At-Risk Onboarders,20,89.0,1820.45,91.02250000000001,3,Yes,1
CUST-02909,2,High-Spend At-Risk Onboarders,18,99.4,1742.95,96.83055555555556,5,Yes,1
CUST-02910,3,Loyal Low-Spend Long-Termers,43,55.45,2444.25,56.843023255813954,3,No,0
CUST-02911,3,Loyal Low-Spend Long-Termers,35,25.4,949.8,27.137142857142855,2,No,0
CUST-02912,2,High-Spend At-Risk Onboarders,1,73.5,73.5,73.5,2,Yes,1
CUST-02913,2,High-Spend At-Risk Onboarders,32,93.5,2970.8,92.8375,5,No,0
CUST-02914,0,High-Value Long-Term Power Users,52,63.9,3334.95,64.13365384615385,6,No,0
CUST-02915,2,High-Spend At-Risk Onboarders,32,64.85,2010.95,62.8421875,3,No,0
CUST-02916,0,High-Value Long-Term Power Users,72,63.8,4684.3,65.05972222222222,6,No,0
CUST-02917,3,Loyal Low-Spend Long-Termers,51,44.45,2181.55,42.77549019607844,3,No,0
CUST-02918,3,Loyal Low-Spend Long-Termers,68,19.95,1303.25,19.165441176470587,1,No,0
CUST-02919,1,New Low-Spend Basic Customers,8,43.35,371.4,46.425,3,No,0
CUST-02920,3,Loyal Low-Spend Long-Termers,49,49.65,2409.9,49.18163265306123,3,No,0
CUST-02921,0,High-Value Long-Term Power Users,72,85.1,6155.4,85.49166666666666,7,No,0
CUST-02922,2,High-Spend At-Risk Onboarders,9,95.5,829.1,92.12222222222222,4,Yes,1
CUST-02923,2,High-Spend At-Risk Onboarders,28,92.35,2602.9,92.96071428571429,4,Yes,1
CUST-02924,0,High-Value Long-Term Power Users,54,89.8,4667.0,86.42592592592592,4,No,0
CUST-02925,2,High-Spend At-Risk Onboarders,11,74.55,824.75,74.97727272727273,2,Yes,1
CUST-02926,0,High-Value Long-Term Power Users,50,103.05,5153.5,103.07,5,No,0
CUST-02927,0,High-Value Long-Term Power Users,69,116.0,8182.85,118.59202898550726,8,No,0
CUST-02928,2,High-Spend At-Risk Onboarders,1,69.9,69.9,69.9,1,No,0
CUST-02929,0,High-Value Long-Term Power Users,68,95.1,6683.4,98.28529411764706,5,No,0
CUST-02930,3,Loyal Low-Spend Long-Termers,40,40.25,1564.05,39.10125,3,No,0
CUST-02931,1,New Low-Spend Basic Customers,31,25.75,755.6,24.374193548387098,2,No,0
CUST-02932,0,High-Value Long-Term Power Users,33,105.35,3465.05,105.00151515151515,6,No,0
CUST-02933,0,High-Value Long-Term Power Users,55,113.6,6292.7,114.41272727272727,7,No,0
CUST-02934,3,Loyal Low-Spend Long-Termers,68,24.0,1664.3,24.474999999999998,2,No,0
CUST-02935,1,New Low-Spend Basic Customers,12,19.4,198.1,16.508333333333333,1,No,0
CUST-02936,0,High-Value Long-Term Power Users,71,86.1,6045.9,85.15352112676055,7,No,0
CUST-02937,0,High-Value Long-Term Power Users,40,102.65,4108.15,102.70374999999999,6,No,0
CUST-02938,0,High-Value Long-Term Power Users,64,92.85,5980.75,93.44921875,5,No,0
CUST-02939,0,High-Value Long-Term Power Users,53,97.75,5043.2,95.15471698113207,5,No,0
CUST-02940,2,High-Spend At-Risk Onboarders,12,83.8,1029.75,85.8125,4,Yes,1
CUST-02941,3,Loyal Low-Spend Long-Termers,53,54.45,2854.55,53.859433962264156,4,Yes,1
CUST-02942,0,High-Value Long-Term Power Users,72,97.95,7114.25,98.80902777777777,6,No,0
CUST-02943,3,Loyal Low-Spend Long-Termers,46,19.95,907.05,19.718478260869563,1,No,0
CUST-02944,3,Loyal Low-Spend Long-Termers,40,24.6,973.95,24.348750000000003,2,No,0
CUST-02945,2,High-Spend At-Risk Onboarders,12,50.95,605.75,50.479166666666664,4,No,0
CUST-02946,2,High-Spend At-Risk Onboarders,9,75.6,661.55,73.50555555555555,2,No,0
CUST-02947,0,High-Value Long-Term Power Users,51,80.75,4116.9,80.7235294117647,3,No,0
CUST-02948,0,High-Value Long-Term Power Users,49,90.4,4494.65,91.72755102040816,4,No,0
CUST-02949,0,High-Value Long-Term Power Users,41,99.8,4259.3,103.88536585365854,5,Yes,1
CUST-02950,3,Loyal Low-Spend Long-Termers,56,60.25,3282.75,58.620535714285715,4,No,0
CUST-02951,1,New Low-Spend Basic Customers,4,20.2,55.7,13.925,1,No,0
CUST-02952,2,High-Spend At-Risk Onboarders,20,64.15,1274.45,63.722500000000004,4,No,0
CUST-02953,1,New Low-Spend Basic Customers,26,20.25,493.95,18.998076923076923,1,No,0
CUST-02954,2,High-Spend At-Risk Onboarders,20,105.85,2239.65,111.9825,6,Yes,1
CUST-02955,2,High-Spend At-Risk Onboarders,7,75.45,480.75,68.67857142857143,2,Yes,1
CUST-02956,2,High-Spend At-Risk Onboarders,7,93.85,635.6,90.8,4,Yes,1
CUST-02957,0,High-Value Long-Term Power Users,51,99.0,5038.15,98.78725490196078,5,No,0
CUST-02958,2,High-Spend At-Risk Onboarders,4,80.3,324.2,81.05,3,No,0
CUST-02959,1,New Low-Spend Basic Customers,1,19.55,19.55,19.55,1,No,0
CUST-02960,0,High-Value Long-Term Power Users,27,100.75,2793.55,103.46481481481482,6,No,0
CUST-02961,2,High-Spend At-Risk Onboarders,22,100.75,2095.0,95.22727272727273,5,Yes,1
CUST-02962,2,High-Spend At-Risk Onboarders,12,53.75,648.65,54.05416666666667,3,No,0
CUST-02963,1,New Low-Spend Basic Customers,3,31.0,95.05,31.683333333333334,1,Yes,1
CUST-02964,3,Loyal Low-Spend Long-Termers,34,25.6,917.15,26.974999999999998,2,No,0
CUST-02965,2,High-Spend At-Risk Onboarders,24,58.35,1346.9,56.12083333333334,4,No,0
CUST-02966,0,High-Value Long-Term Power Users,51,80.0,4242.35,83.18333333333334,3,Yes,1
CUST-02967,1,New Low-Spend Basic Customers,14,46.35,672.7,48.050000000000004,2,No,0
CUST-02968,0,High-Value Long-Term Power Users,59,113.75,6561.25,111.20762711864407,8,No,0
CUST-02969,2,High-Spend At-Risk Onboarders,3,90.4,268.45,89.48333333333333,4,No,0
CUST-02970,0,High-Value Long-Term Power Users,65,109.3,7337.55,112.88538461538462,7,No,0
CUST-02971,2,High-Spend At-Risk Onboarders,5,70.25,331.9,66.38,1,Yes,1
CUST-02972,0,High-Value Long-Term Power Users,59,90.3,5194.05,88.03474576271186,8,No,0
CUST-02973,0,High-Value Long-Term Power Users,72,65.25,4478.85,62.206250000000004,6,No,0
CUST-02974,0,High-Value Long-Term Power Users,62,100.15,6283.3,101.34354838709677,5,Yes,1
CUST-02975,2,High-Spend At-Risk Onboarders,28,94.5,2659.4,94.97857142857143,5,Yes,1
CUST-02976,2,High-Spend At-Risk Onboarders,3,60.65,196.9,65.63333333333334,3,No,0
CUST-02977,1,New Low-Spend Basic Customers,19,24.1,439.2,23.11578947368421,2,No,0
CUST-02978,1,New Low-Spend Basic Customers,1,19.5,19.5,19.5,1,No,0
CUST-02979,2,High-Spend At-Risk Onboarders,24,85.95,2107.15,87.79791666666667,4,No,0
CUST-02980,3,Loyal Low-Spend Long-Termers,57,53.5,3035.8,53.25964912280702,3,No,0
CUST-02981,3,Loyal Low-Spend Long-Termers,72,25.45,1866.45,25.922916666666666,2,No,0
CUST-02982,3,Loyal Low-Spend Long-Termers,67,20.5,1430.95,21.357462686567164,1,No,0
CUST-02983,3,Loyal Low-Spend Long-Termers,52,20.85,1071.6,20.607692307692307,1,No,0
CUST-02984,0,High-Value Long-Term Power Users,71,89.9,6457.15,90.94577464788732,8,No,0
CUST-02985,1,New Low-Spend Basic Customers,26,26.0,684.05,26.309615384615384,2,No,0
CUST-02986,0,High-Value Long-Term Power Users,35,113.2,3914.05,111.83,8,No,0
CUST-02987,3,Loyal Low-Spend Long-Termers,55,69.05,3842.6,69.86545454545454,1,No,0
CUST-02988,1,New Low-Spend Basic Customers,33,20.1,670.35,20.313636363636363,1,No,0
CUST-02989,0,High-Value Long-Term Power Users,72,109.65,7880.25,109.44791666666667,7,No,0
CUST-02990,1,New Low-Spend Basic Customers,1,19.2,19.2,19.2,1,No,0
CUST-02991,1,New Low-Spend Basic Customers,10,33.9,298.45,29.845,1,Yes,1
CUST-02992,2,High-Spend At-Risk Onboarders,37,90.0,3371.75,91.12837837837837,4,No,0
CUST-02993,1,New Low-Spend Basic Customers,12,34.0,442.45,36.87083333333333,2,No,0
CUST-02994,1,New Low-Spend Basic Customers,1,20.4,20.4,20.4,1,No,0
CUST-02995,3,Loyal Low-Spend Long-Termers,62,38.6,2345.55,37.83145161290323,3,No,0
CUST-02996,1,New Low-Spend Basic Customers,1,25.25,25.25,25.25,0,No,0
CUST-02997,2,High-Spend At-Risk Onboarders,18,60.6,1156.35,64.24166666666666,4,No,0
CUST-02998,0,High-Value Long-Term Power Users,69,89.95,6143.15,89.03115942028985,4,Yes,1
CUST-02999,2,High-Spend At-Risk Onboarders,2,74.75,144.8,72.4,2,No,0
CUST-03000,1,New Low-Spend Basic Customers,19,20.6,414.95,21.839473684210525,1,No,0
CUST-03001,2,High-Spend At-Risk Onboarders,12,84.45,1059.55,88.29583333333333,3,Yes,1
CUST-03002,1,New Low-Spend Basic Customers,9,20.4,181.8,20.200000000000003,1,No,0
CUST-03003,2,High-Spend At-Risk Onboarders,27,81.7,2212.55,81.9462962962963,6,No,0
CUST-03004,2,High-Spend At-Risk Onboarders,27,79.5,2180.55,80.76111111111112,3,Yes,1
CUST-03005,2,High-Spend At-Risk Onboarders,1,89.15,89.15,89.15,3,Yes,1
CUST-03006,1,New Low-Spend Basic Customers,24,20.3,459.95,19.164583333333333,1,No,0
CUST-03007,2,High-Spend At-Risk Onboarders,14,74.95,1036.75,74.05357142857143,2,Yes,1
CUST-03008,2,High-Spend At-Risk Onboarders,32,74.4,2276.95,71.1546875,2,Yes,1
CUST-03009,1,New Low-Spend Basic Customers,11,20.0,211.95,19.268181818181816,1,No,0
CUST-03010,1,New Low-Spend Basic Customers,1,25.0,25.0,25.0,2,No,0
CUST-03011,2,High-Spend At-Risk Onboarders,38,80.45,3162.65,83.22763157894737,3,No,0
CUST-03012,1,New Low-Spend Basic Customers,9,19.75,210.65,23.405555555555555,1,No,0
CUST-03013,0,High-Value Long-Term Power Users,54,65.65,3566.7,66.05,5,No,0
CUST-03014,2,High-Spend At-Risk Onboarders,29,71.0,2080.1,71.72758620689655,4,No,0
CUST-03015,0,High-Value Long-Term Power Users,44,89.2,4040.2,91.82272727272726,4,No,0
CUST-03016,0,High-Value Long-Term Power Users,59,86.75,5186.0,87.89830508474576,7,No,0
CUST-03017,2,High-Spend At-Risk Onboarders,3,55.3,196.15,65.38333333333334,2,Yes,1
CUST-03018,2,High-Spend At-Risk Onboarders,18,61.5,1087.45,60.41388888888889,4,No,0
CUST-03019,3,Loyal Low-Spend Long-Termers,67,25.1,1672.15,24.957462686567165,2,No,0
CUST-03020,2,High-Spend At-Risk Onboarders,22,55.15,1206.05,54.820454545454545,3,Yes,1
CUST-03021,3,Loyal Low-Spend Long-Termers,33,34.05,1113.95,33.75606060606061,2,No,0
CUST-03022,1,New Low-Spend Basic Customers,5,19.95,107.05,21.41,1,No,0
CUST-03023,1,New Low-Spend Basic Customers,2,19.95,38.15,19.075,1,No,0
CUST-03024,0,High-Value Long-Term Power Users,72,89.7,6339.3,88.04583333333333,8,No,0
CUST-03025,1,New Low-Spend Basic Customers,9,20.4,184.1,20.455555555555556,1,No,0
CUST-03026,3,Loyal Low-Spend Long-Termers,67,26.3,1688.9,25.207462686567165,2,No,0
CUST-03027,2,High-Spend At-Risk Onboarders,16,84.95,1378.25,86.140625,3,Yes,1
CUST-03028,1,New Low-Spend Basic Customers,8,20.7,137.6,17.2,1,No,0
CUST-03029,1,New Low-Spend Basic Customers,5,43.25,219.0,43.8,4,Yes,1
CUST-03030,1,New Low-Spend Basic Customers,23,48.35,1067.15,46.39782608695653,2,Yes,1
CUST-03031,2,High-Spend At-Risk Onboarders,1,79.55,79.55,79.55,2,Yes,1
CUST-03032,3,Loyal Low-Spend Long-Termers,50,71.05,3444.85,68.89699999999999,1,Yes,1
CUST-03033,1,New Low-Spend Basic Customers,17,19.45,369.05,21.708823529411767,1,No,0
CUST-03034,0,High-Value Long-Term Power Users,68,110.8,7553.6,111.08235294117648,7,No,0
CUST-03035,2,High-Spend At-Risk Onboarders,1,84.5,84.5,84.5,3,Yes,1
CUST-03036,2,High-Spend At-Risk Onboarders,25,69.3,1813.1,72.524,1,No,0
CUST-03037,3,Loyal Low-Spend Long-Termers,67,49.35,3321.35,49.57238805970149,4,No,0
CUST-03038,1,New Low-Spend Basic Customers,32,20.35,707.5,22.109375,1,No,0
CUST-03039,0,High-Value Long-Term Power Users,67,105.6,7112.15,106.15149253731343,6,No,0
CUST-03040,0,High-Value Long-Term Power Users,72,64.45,4641.1,64.45972222222223,6,No,0
CUST-03041,0,High-Value Long-Term Power Users,71,108.6,7690.9,108.3225352112676,7,Yes,1
CUST-03042,1,New Low-Spend Basic Customers,1,49.9,49.9,49.9,2,No,0
CUST-03043,3,Loyal Low-Spend Long-Termers,46,30.3,1380.1,30.002173913043475,1,Yes,1
CUST-03044,1,New Low-Spend Basic Customers,2,30.4,78.65,39.325,1,Yes,1
CUST-03045,1,New Low-Spend Basic Customers,1,45.4,45.4,45.4,1,Yes,1
CUST-03046,2,High-Spend At-Risk Onboarders,48,65.65,3094.65,64.471875,4,No,0
CUST-03047,0,High-Value Long-Term Power Users,61,103.3,6518.35,106.85819672131149,6,No,0
CUST-03048,2,High-Spend At-Risk Onboarders,32,84.15,2585.95,80.8109375,3,Yes,1
CUST-03049,1,New Low-Spend Basic Customers,2,44.45,82.7,41.35,1,No,0
CUST-03050,1,New Low-Spend Basic Customers,3,19.75,58.85,19.616666666666667,1,Yes,1
CUST-03051,2,High-Spend At-Risk Onboarders,5,85.4,425.9,85.17999999999999,3,Yes,1
CUST-03052,0,High-Value Long-Term Power Users,71,89.9,6342.7,89.33380281690141,8,No,0
CUST-03053,3,Loyal Low-Spend Long-Termers,37,55.05,2030.75,54.88513513513514,3,No,0
CUST-03054,0,High-Value Long-Term Power Users,65,104.1,6700.05,103.07769230769232,6,No,0
CUST-03055,0,High-Value Long-Term Power Users,67,106.6,7244.7,108.12985074626866,6,No,0
CUST-03056,2,High-Spend At-Risk Onboarders,49,75.2,3678.3,75.06734693877551,2,Yes,1
CUST-03057,0,High-Value Long-Term Power Users,50,70.5,3486.65,69.733,5,No,0
CUST-03058,1,New Low-Spend Basic Customers,25,19.6,411.15,16.445999999999998,1,No,0
CUST-03059,2,High-Spend At-Risk Onboarders,17,55.85,937.5,55.14705882352941,3,Yes,1
CUST-03060,3,Loyal Low-Spend Long-Termers,64,24.05,1559.15,24.36171875,2,No,0
CUST-03061,1,New Low-Spend Basic Customers,25,38.1,970.4,38.816,2,No,0
CUST-03062,2,High-Spend At-Risk Onboarders,23,106.4,2483.5,107.97826086956522,6,Yes,1
CUST-03063,1,New Low-Spend Basic Customers,24,34.25,828.2,34.50833333333333,2,No,0
CUST-03064,0,High-Value Long-Term Power Users,37,100.05,3810.55,102.98783783783784,5,No,0
CUST-03065,2,High-Spend At-Risk Onboarders,21,68.65,1493.2,71.1047619047619,1,No,0
CUST-03066,1,New Low-Spend Basic Customers,1,45.8,45.8,45.8,1,No,0
CUST-03067,2,High-Spend At-Risk Onboarders,10,75.75,777.3,77.72999999999999,2,No,0
CUST-03068,2,High-Spend At-Risk Onboarders,6,84.4,556.35,92.72500000000001,3,Yes,1
CUST-03069,0,High-Value Long-Term Power Users,51,96.4,4911.05,96.29509803921569,5,No,0
CUST-03070,1,New Low-Spend Basic Customers,10,20.55,187.35,18.735,1,No,0
CUST-03071,2,High-Spend At-Risk Onboarders,6,50.95,307.6,51.26666666666667,4,No,0
CUST-03072,0,High-Value Long-Term Power Users,47,90.5,4318.35,91.87978723404257,8,No,0
CUST-03073,0,High-Value Long-Term Power Users,61,79.4,4820.55,79.02540983606558,7,No,0
CUST-03074,0,High-Value Long-Term Power Users,52,58.75,3038.55,58.43365384615385,5,No,0
CUST-03075,2,High-Spend At-Risk Onboarders,35,59.45,2136.9,61.05428571428572,4,No,0
CUST-03076,0,High-Value Long-Term Power Users,71,105.7,7472.15,105.24154929577465,6,No,0
CUST-03077,2,High-Spend At-Risk Onboarders,6,56.25,389.1,64.85000000000001,3,Yes,1
CUST-03078,3,Loyal Low-Spend Long-Termers,45,53.3,2296.25,51.02777777777778,3,No,0
CUST-03079,2,High-Spend At-Risk Onboarders,2,85.55,187.45,93.725,3,Yes,1
CUST-03080,2,High-Spend At-Risk Onboarders,4,68.65,261.25,65.3125,4,Yes,1
CUST-03081,1,New Low-Spend Basic Customers,2,24.3,38.45,19.225,0,No,0
CUST-03082,2,High-Spend At-Risk Onboarders,4,77.85,299.2,74.8,2,Yes,1
CUST-03083,3,Loyal Low-Spend Long-Termers,51,59.9,3043.6,59.67843137254902,4,No,0
CUST-03084,3,Loyal Low-Spend Long-Termers,60,23.95,1506.4,25.10666666666667,2,No,0
CUST-03085,1,New Low-Spend Basic Customers,9,20.15,163.7,18.188888888888886,1,No,0
CUST-03086,2,High-Spend At-Risk Onboarders,3,105.35,323.25,107.75,6,Yes,1
CUST-03087,2,High-Spend At-Risk Onboarders,17,95.65,1640.0,96.47058823529412,5,No,0
CUST-03088,2,High-Spend At-Risk Onboarders,8,87.05,762.1,95.2625,3,Yes,1
CUST-03089,0,High-Value Long-Term Power Users,46,81.0,3846.35,83.61630434782609,6,No,0
CUST-03090,0,High-Value Long-Term Power Users,68,82.45,5646.6,83.03823529411765,7,No,0
CUST-03091,1,New Low-Spend Basic Customers,1,53.5,53.5,53.5,2,Yes,1
CUST-03092,1,New Low-Spend Basic Customers,4,20.5,79.05,19.7625,1,No,0
CUST-03093,1,New Low-Spend Basic Customers,1,25.1,25.1,25.1,0,Yes,1
CUST-03094,2,High-Spend At-Risk Onboarders,28,54.4,1516.6,54.16428571428571,3,No,0
CUST-03095,2,High-Spend At-Risk Onboarders,39,58.6,2224.5,57.03846153846154,3,No,0
CUST-03096,2,High-Spend At-Risk Onboarders,11,84.8,888.75,80.79545454545455,3,No,0
CUST-03097,0,High-Value Long-Term Power Users,71,61.4,4310.35,60.70915492957747,5,No,0
CUST-03098,1,New Low-Spend Basic Customers,2,20.4,42.9,21.45,1,No,0
CUST-03099,2,High-Spend At-Risk Onboarders,30,79.65,2365.15,78.83833333333334,3,Yes,1
CUST-03100,1,New Low-Spend Basic Customers,17,20.15,353.65,20.802941176470586,1,No,0
CUST-03101,0,High-Value Long-Term Power Users,55,94.45,5073.1,92.23818181818183,5,No,0
CUST-03102,0,High-Value Long-Term Power Users,58,79.8,4526.85,78.0491379310345,3,No,0
CUST-03103,2,High-Spend At-Risk Onboarders,5,54.2,308.25,61.65,3,Yes,1
CUST-03104,1,New Low-Spend Basic Customers,1,19.45,19.45,19.45,1,Yes,1
CUST-03105,2,High-Spend At-Risk Onboarders,9,74.05,678.45,75.38333333333334,2,No,0
CUST-03106,1,New Low-Spend Basic Customers,26,49.15,1237.3,47.58846153846154,2,No,0
CUST-03107,3,Loyal Low-Spend Long-Termers,50,19.4,1023.95,20.479,1,No,0
CUST-03108,0,High-Value Long-Term Power Users,72,113.65,8182.75,113.64930555555556,8,No,0
CUST-03109,0,High-Value Long-Term Power Users,43,106.0,4532.3,105.40232558139536,6,No,0
CUST-03110,3,Loyal Low-Spend Long-Termers,56,25.95,1444.05,25.786607142857143,2,No,0
CUST-03111,1,New Low-Spend Basic Customers,1,19.1,19.1,19.1,1,No,0
CUST-03112,0,High-Value Long-Term Power Users,72,103.4,7372.65,102.39791666666666,6,Yes,1
CUST-03113,0,High-Value Long-Term Power Users,72,100.55,7325.1,101.73750000000001,6,No,0
CUST-03114,0,High-Value Long-Term Power Users,36,95.4,3474.2,96.50555555555555,4,No,0
CUST-03115,2,High-Spend At-Risk Onboarders,5,75.15,392.65,78.53,5,No,0
CUST-03116,2,High-Spend At-Risk Onboarders,13,84.45,1058.6,81.43076923076923,4,Yes,1
CUST-03117,0,High-Value Long-Term Power Users,44,89.15,3990.75,90.69886363636364,4,No,0
CUST-03118,0,High-Value Long-Term Power Users,70,107.9,7475.85,106.79785714285715,7,No,0
CUST-03119,3,Loyal Low-Spend Long-Termers,44,19.5,835.5,18.988636363636363,1,No,0
CUST-03120,2,High-Spend At-Risk Onboarders,32,85.95,2628.6,82.14375,3,Yes,1
CUST-03121,3,Loyal Low-Spend Long-Termers,69,24.95,1718.35,24.903623188405795,2,No,0
CUST-03122,2,High-Spend At-Risk Onboarders,16,59.4,1023.9,63.99375,3,Yes,1
CUST-03123,3,Loyal Low-Spend Long-Termers,68,19.5,1193.55,17.55220588235294,1,No,0
CUST-03124,2,High-Spend At-Risk Onboarders,16,69.95,1205.5,75.34375,1,No,0
CUST-03125,0,High-Value Long-Term Power Users,68,82.85,5776.45,84.94779411764705,6,No,0
CUST-03126,1,New Low-Spend Basic Customers,4,19.0,78.9,19.725,1,No,0
CUST-03127,1,New Low-Spend Basic Customers,26,38.85,1025.15,39.42884615384616,3,No,0
CUST-03128,1,New Low-Spend Basic Customers,29,30.6,856.35,29.529310344827586,1,Yes,1
CUST-03129,1,New Low-Spend Basic Customers,5,20.35,122.0,24.4,1,No,0
CUST-03130,0,High-Value Long-Term Power Users,70,95.0,6602.9,94.32714285714285,5,No,0
CUST-03131,2,High-Spend At-Risk Onboarders,24,74.4,1712.9,71.37083333333334,5,No,0
CUST-03132,0,High-Value Long-Term Power Users,72,78.45,5682.25,78.92013888888889,7,No,0
CUST-03133,2,High-Spend At-Risk Onboarders,1,74.3,74.3,74.3,2,No,0
CUST-03134,3,Loyal Low-Spend Long-Termers,70,51.05,3635.15,51.93071428571429,4,No,0
CUST-03135,1,New Low-Spend Basic Customers,36,19.2,702.9,19.525,1,No,0
CUST-03136,0,High-Value Long-Term Power Users,38,99.55,3734.25,98.26973684210526,5,Yes,1
CUST-03137,2,High-Spend At-Risk Onboarders,17,70.0,1144.5,67.32352941176471,1,Yes,1
CUST-03138,0,High-Value Long-Term Power Users,41,109.1,4454.25,108.64024390243902,7,No,0
CUST-03139,1,New Low-Spend Basic Customers,1,45.3,45.3,45.3,1,Yes,1
CUST-03140,1,New Low-Spend Basic Customers,2,29.85,75.6,37.8,1,Yes,1
CUST-03141,2,High-Spend At-Risk Onboarders,14,76.45,1117.55,79.825,2,No,0
CUST-03142,2,High-Spend At-Risk Onboarders,2,95.1,180.25,90.125,5,Yes,1
CUST-03143,1,New Low-Spend Basic Customers,1,19.8,19.8,19.8,1,Yes,1
CUST-03144,2,High-Spend At-Risk Onboarders,13,72.8,930.05,71.54230769230769,6,No,0
CUST-03145,1,New Low-Spend Basic Customers,6,18.95,110.15,18.358333333333334,1,No,0
CUST-03146,2,High-Spend At-Risk Onboarders,4,76.65,333.6,83.4,2,Yes,1
CUST-03147,2,High-Spend At-Risk Onboarders,5,99.15,465.05,93.01,5,Yes,1
CUST-03148,2,High-Spend At-Risk Onboarders,15,101.75,1669.4,111.29333333333334,5,No,0
CUST-03149,2,High-Spend At-Risk Onboarders,47,75.45,3545.1,75.42765957446808,2,No,0
CUST-03150,2,High-Spend At-Risk Onboarders,8,64.1,504.05,63.00625,4,No,0
CUST-03151,1,New Low-Spend Basic Customers,17,25.65,440.2,25.894117647058824,0,No,0
CUST-03152,2,High-Spend At-Risk Onboarders,15,75.1,1151.55,76.77,2,No,0
CUST-03153,2,High-Spend At-Risk Onboarders,26,95.85,2475.35,95.20576923076922,5,No,0
CUST-03154,2,High-Spend At-Risk Onboarders,23,54.4,1249.25,54.31521739130435,3,No,0
CUST-03155,2,High-Spend At-Risk Onboarders,4,72.75,317.75,79.4375,2,No,0
CUST-03156,1,New Low-Spend Basic Customers,29,19.85,535.05,18.45,1,No,0
CUST-03157,1,New Low-Spend Basic Customers,25,19.05,461.3,18.452,1,No,0
CUST-03158,1,New Low-Spend Basic Customers,9,44.95,431.0,47.888888888888886,1,Yes,1
CUST-03159,1,New Low-Spend Basic Customers,18,49.55,878.35,48.797222222222224,2,Yes,1
CUST-03160,2,High-Spend At-Risk Onboarders,3,94.85,335.75,111.91666666666667,4,No,0
CUST-03161,3,Loyal Low-Spend Long-Termers,69,46.25,3121.4,45.23768115942029,4,No,0
CUST-03162,1,New Low-Spend Basic Customers,14,19.35,324.8,23.2,1,No,0
CUST-03163,2,High-Spend At-Risk Onboarders,19,69.6,1394.55,73.39736842105263,4,No,0
CUST-03164,0,High-Value Long-Term Power Users,39,90.7,3413.25,87.51923076923077,4,No,0
CUST-03165,0,High-Value Long-Term Power Users,31,101.4,3143.65,101.40806451612903,5,No,0
CUST-03166,1,New Low-Spend Basic Customers,24,20.25,439.75,18.322916666666668,1,No,0
CUST-03167,1,New Low-Spend Basic Customers,14,48.8,664.4,47.457142857142856,2,No,0
CUST-03168,0,High-Value Long-Term Power Users,64,74.35,4759.55,74.36796875,6,No,0
CUST-03169,3,Loyal Low-Spend Long-Termers,50,19.35,1033.0,20.66,1,No,0
CUST-03170,0,High-Value Long-Term Power Users,52,68.75,3482.85,66.97788461538461,5,No,0
CUST-03171,2,High-Spend At-Risk Onboarders,28,100.2,2688.45,96.01607142857142,5,No,0
CUST-03172,1,New Low-Spend Basic Customers,21,20.85,435.25,20.726190476190474,1,No,0
CUST-03173,2,High-Spend At-Risk Onboarders,25,95.9,2448.75,97.95,4,Yes,1
CUST-03174,1,New Low-Spend Basic Customers,17,19.35,307.0,18.058823529411764,1,No,0
CUST-03175,3,Loyal Low-Spend Long-Termers,58,45.0,2689.35,46.36810344827586,2,No,0
CUST-03176,2,High-Spend At-Risk Onboarders,17,81.5,1329.2,78.18823529411765,2,Yes,1
CUST-03177,3,Loyal Low-Spend Long-Termers,51,25.5,1281.25,25.122549019607842,2,No,0
CUST-03178,3,Loyal Low-Spend Long-Termers,72,48.9,3527.0,48.986111111111114,4,No,0
CUST-03179,0,High-Value Long-Term Power Users,52,84.1,4348.65,83.6278846153846,3,Yes,1
CUST-03180,1,New Low-Spend Basic Customers,27,19.6,561.15,20.78333333333333,1,No,0
CUST-03181,1,New Low-Spend Basic Customers,3,20.0,63.6,21.2,1,No,0
CUST-03182,0,High-Value Long-Term Power Users,64,81.3,5129.3,80.1453125,7,No,0
CUST-03183,0,High-Value Long-Term Power Users,45,95.2,4285.8,95.24000000000001,4,No,0
CUST-03184,1,New Low-Spend Basic Customers,3,36.45,93.7,31.233333333333334,1,Yes,1
CUST-03185,0,High-Value Long-Term Power Users,71,83.3,5894.5,83.02112676056338,7,No,0
CUST-03186,1,New Low-Spend Basic Customers,1,25.05,25.05,25.05,0,Yes,1
CUST-03187,3,Loyal Low-Spend Long-Termers,58,20.3,1160.75,20.012931034482758,1,No,0
CUST-03188,2,High-Spend At-Risk Onboarders,34,89.85,3091.75,90.93382352941177,4,No,0
CUST-03189,1,New Low-Spend Basic Customers,8,49.85,365.55,45.69375,2,Yes,1
CUST-03190,1,New Low-Spend Basic Customers,15,19.8,272.95,18.196666666666665,1,No,0
CUST-03191,3,Loyal Low-Spend Long-Termers,66,54.65,3632.0,55.03030303030303,4,No,0
CUST-03192,1,New Low-Spend Basic Customers,12,29.35,381.2,31.766666666666666,1,No,0
CUST-03193,3,Loyal Low-Spend Long-Termers,58,19.15,1035.5,17.853448275862068,1,No,0
CUST-03194,1,New Low-Spend Basic Customers,3,19.1,52.0,17.333333333333332,1,No,0
CUST-03195,3,Loyal Low-Spend Long-Termers,43,55.55,2342.2,54.46976744186046,4,Yes,1
CUST-03196,2,High-Spend At-Risk Onboarders,9,80.55,653.9,72.65555555555555,3,No,0
CUST-03197,1,New Low-Spend Basic Customers,3,20.25,71.2,23.733333333333334,1,No,0
CUST-03198,2,High-Spend At-Risk Onboarders,22,69.5,1498.2,68.10000000000001,4,Yes,1
CUST-03199,0,High-Value Long-Term Power Users,40,106.0,4178.65,104.46624999999999,6,No,0
CUST-03200,3,Loyal Low-Spend Long-Termers,68,25.5,1821.8,26.791176470588233,2,No,0
CUST-03201,0,High-Value Long-Term Power Users,54,104.3,5278.15,97.74351851851851,6,Yes,1
CUST-03202,0,High-Value Long-Term Power Users,50,79.6,4024.2,80.484,6,No,0
CUST-03203,1,New Low-Spend Basic Customers,1,55.25,55.25,55.25,2,No,0
CUST-03204,0,High-Value Long-Term Power Users,72,88.05,6520.8,90.56666666666666,8,No,0
CUST-03205,3,Loyal Low-Spend Long-Termers,40,20.4,854.9,21.3725,1,No,0
CUST-03206,0,High-Value Long-Term Power Users,72,117.6,8308.9,115.40138888888889,8,No,0
CUST-03207,1,New Low-Spend Basic Customers,6,20.0,109.2,18.2,1,No,0
CUST-03208,1,New Low-Spend Basic Customers,5,19.65,92.05,18.41,1,No,0
CUST-03209,0,High-Value Long-Term Power Users,48,70.55,3420.5,71.26041666666667,5,No,0
CUST-03210,2,High-Spend At-Risk Onboarders,1,93.85,93.85,93.85,4,Yes,1
CUST-03211,0,High-Value Long-Term Power Users,64,65.8,4068.0,63.5625,4,No,0
CUST-03212,1,New Low-Spend Basic Customers,17,20.05,337.9,19.876470588235293,1,No,0
CUST-03213,2,High-Spend At-Risk Onboarders,40,80.0,3168.75,79.21875,3,No,0
CUST-03214,3,Loyal Low-Spend Long-Termers,41,35.4,1412.4,34.44878048780488,2,No,0
CUST-03215,0,High-Value Long-Term Power Users,51,79.6,3974.7,77.93529411764706,3,No,0
CUST-03216,2,High-Spend At-Risk Onboarders,41,80.25,3439.0,83.8780487804878,3,No,0
CUST-03217,1,New Low-Spend Basic Customers,1,50.45,50.45,50.45,2,Yes,1
CUST-03218,1,New Low-Spend Basic Customers,2,20.45,42.45,21.225,1,No,0
CUST-03219,0,High-Value Long-Term Power Users,68,79.6,5461.45,80.31544117647059,3,No,0
CUST-03220,1,New Low-Spend Basic Customers,24,24.7,571.75,23.822916666666668,2,No,0
CUST-03221,0,High-Value Long-Term Power Users,70,77.3,5498.2,78.54571428571428,6,No,0
CUST-03222,1,New Low-Spend Basic Customers,3,29.75,96.85,32.28333333333333,1,No,0
CUST-03223,1,New Low-Spend Basic Customers,2,44.9,111.05,55.525,1,No,0
CUST-03224,1,New Low-Spend Basic Customers,3,29.8,94.4,31.46666666666667,1,No,0
CUST-03225,2,High-Spend At-Risk Onboarders,7,74.65,521.1,74.44285714285715,5,Yes,1
CUST-03226,2,High-Spend At-Risk Onboarders,13,71.95,923.85,71.06538461538462,4,No,0
CUST-03227,1,New Low-Spend Basic Customers,7,20.75,141.1,20.157142857142855,1,No,0
CUST-03228,1,New Low-Spend Basic Customers,12,56.3,628.65,52.387499999999996,2,No,0
CUST-03229,0,High-Value Long-Term Power Users,53,105.25,5576.3,105.21320754716982,6,No,0
CUST-03230,2,High-Spend At-Risk Onboarders,12,94.2,1046.1,87.175,4,Yes,1
CUST-03231,3,Loyal Low-Spend Long-Termers,63,19.55,1245.6,19.77142857142857,1,No,0
CUST-03232,2,High-Spend At-Risk Onboarders,15,84.45,1287.85,85.85666666666665,7,No,0
CUST-03233,3,Loyal Low-Spend Long-Termers,36,53.65,1939.35,53.87083333333333,3,No,0
CUST-03234,1,New Low-Spend Basic Customers,4,29.9,118.25,29.5625,1,No,0
CUST-03235,1,New Low-Spend Basic Customers,24,19.7,452.55,18.85625,1,No,0
CUST-03236,3,Loyal Low-Spend Long-Termers,61,43.7,2696.55,44.205737704918036,4,No,0
CUST-03237,2,High-Spend At-Risk Onboarders,16,55.3,875.35,54.709375,3,No,0
CUST-03238,3,Loyal Low-Spend Long-Termers,65,19.85,1267.05,19.493076923076924,1,No,0
CUST-03239,1,New Low-Spend Basic Customers,26,19.65,494.9,19.034615384615385,1,No,0
CUST-03240,1,New Low-Spend Basic Customers,16,49.45,799.0,49.9375,2,No,0
CUST-03241,0,High-Value Long-Term Power Users,54,106.55,5763.3,106.72777777777777,6,Yes,1
CUST-03242,1,New Low-Spend Basic Customers,1,20.1,20.1,20.1,1,Yes,1
CUST-03243,1,New Low-Spend Basic Customers,5,20.45,106.9,21.380000000000003,1,No,0
CUST-03244,1,New Low-Spend Basic Customers,19,39.7,710.05,37.37105263157895,2,No,0
CUST-03245,2,High-Spend At-Risk Onboarders,10,54.5,568.2,56.82000000000001,3,No,0
CUST-03246,2,High-Spend At-Risk Onboarders,23,83.8,1900.25,82.6195652173913,4,Yes,1
CUST-03247,1,New Low-Spend Basic Customers,3,55.15,159.15,53.050000000000004,2,Yes,1
CUST-03248,0,High-Value Long-Term Power Users,72,111.6,8012.75,111.28819444444444,7,No,0
CUST-03249,2,High-Spend At-Risk Onboarders,10,86.65,856.65,85.66499999999999,3,Yes,1
CUST-03250,2,High-Spend At-Risk Onboarders,10,55.55,551.3,55.129999999999995,3,No,0
CUST-03251,1,New Low-Spend Basic Customers,11,20.55,184.95,16.813636363636363,1,No,0
CUST-03252,0,High-Value Long-Term Power Users,37,106.75,4056.75,109.64189189189189,6,Yes,1
CUST-03253,2,High-Spend At-Risk Onboarders,17,62.1,1096.65,64.50882352941177,4,No,0
CUST-03254,0,High-Value Long-Term Power Users,36,104.5,3684.95,102.35972222222222,6,No,0
CUST-03255,2,High-Spend At-Risk Onboarders,17,101.8,1752.45,103.08529411764707,5,No,0
CUST-03256,0,High-Value Long-Term Power Users,66,110.6,7210.85,109.25530303030304,7,No,0
CUST-03257,0,High-Value Long-Term Power Users,61,84.9,5264.5,86.30327868852459,7,No,0
CUST-03258,2,High-Spend At-Risk Onboarders,22,93.2,2157.3,98.05909090909091,4,No,0
CUST-03259,1,New Low-Spend Basic Customers,1,24.4,24.4,24.4,0,No,0
CUST-03260,2,High-Spend At-Risk Onboarders,6,70.55,433.95,72.325,1,No,0
CUST-03261,2,High-Spend At-Risk Onboarders,31,78.45,2435.15,78.55322580645162,3,Yes,1
CUST-03262,0,High-Value Long-Term Power Users,68,85.0,5607.75,82.46691176470588,7,No,0
CUST-03263,2,High-Spend At-Risk Onboarders,34,87.45,2874.15,84.53382352941176,4,Yes,1
CUST-03264,0,High-Value Long-Term Power Users,52,85.8,4433.3,85.25576923076923,4,No,0
CUST-03265,2,High-Spend At-Risk Onboarders,10,91.1,964.35,96.435,4,No,0
CUST-03266,2,High-Spend At-Risk Onboarders,29,70.75,1974.8,68.09655172413792,1,Yes,1
CUST-03267,3,Loyal Low-Spend Long-Termers,72,20.1,1460.85,20.289583333333333,1,No,0
CUST-03268,3,Loyal Low-Spend Long-Termers,47,20.05,951.55,20.245744680851065,1,No,0
CUST-03269,2,High-Spend At-Risk Onboarders,24,74.8,1821.2,75.88333333333334,5,No,0
CUST-03270,3,Loyal Low-Spend Long-Termers,65,24.8,1600.95,24.63,2,No,0
CUST-03271,2,High-Spend At-Risk Onboarders,4,100.85,399.25,99.8125,5,No,0
CUST-03272,2,High-Spend At-Risk Onboarders,12,101.35,1218.55,101.54583333333333,5,Yes,1
CUST-03273,2,High-Spend At-Risk Onboarders,1,81.7,81.7,81.7,3,Yes,1
CUST-03274,2,High-Spend At-Risk Onboarders,33,68.25,2171.15,65.79242424242425,1,Yes,1
CUST-03275,0,High-Value Long-Term Power Users,34,105.1,3634.8,106.90588235294118,6,No,0
CUST-03276,1,New Low-Spend Basic Customers,14,20.4,292.4,20.885714285714283,1,No,0
CUST-03277,2,High-Spend At-Risk Onboarders,4,79.15,317.25,79.3125,2,Yes,1
CUST-03278,1,New Low-Spend Basic Customers,13,20.0,218.55,16.81153846153846,1,No,0
CUST-03279,0,High-Value Long-Term Power Users,65,79.4,5071.9,78.02923076923076,6,No,0
CUST-03280,2,High-Spend At-Risk Onboarders,23,57.2,1423.35,61.88478260869565,3,No,0
CUST-03281,3,Loyal Low-Spend Long-Termers,55,58.6,3068.6,55.79272727272727,4,No,0
CUST-03282,0,High-Value Long-Term Power Users,49,94.8,4690.65,95.72755102040816,4,No,0
CUST-03283,0,High-Value Long-Term Power Users,60,102.5,6157.6,102.62666666666668,6,No,0
CUST-03284,3,Loyal Low-Spend Long-Termers,69,20.35,1442.65,20.907971014492755,1,No,0
CUST-03285,2,High-Spend At-Risk Onboarders,40,84.9,3369.05,84.22625000000001,3,No,0
CUST-03286,0,High-Value Long-Term Power Users,67,69.2,4671.65,69.72611940298506,5,No,0
CUST-03287,0,High-Value Long-Term Power Users,35,95.45,3474.05,99.25857142857143,4,Yes,1
CUST-03288,2,High-Spend At-Risk Onboarders,19,100.95,1875.55,98.71315789473684,5,Yes,1
CUST-03289,1,New Low-Spend Basic Customers,13,20.85,272.35,20.950000000000003,1,No,0
CUST-03290,0,High-Value Long-Term Power Users,41,88.5,3645.05,88.90365853658537,4,No,0
CUST-03291,1,New Low-Spend Basic Customers,4,35.0,135.75,33.9375,2,No,0
CUST-03292,2,High-Spend At-Risk Onboarders,24,55.15,1319.85,54.99375,3,No,0
CUST-03293,1,New Low-Spend Basic Customers,5,50.95,229.4,45.88,3,No,0
CUST-03294,2,High-Spend At-Risk Onboarders,5,64.0,370.25,74.05,4,No,0
CUST-03295,2,High-Spend At-Risk Onboarders,1,69.1,69.1,69.1,1,Yes,1
CUST-03296,0,High-Value Long-Term Power Users,72,80.2,5714.2,79.36388888888888,7,No,0
CUST-03297,1,New Low-Spend Basic Customers,24,49.3,1233.25,51.385416666666664,2,No,0
CUST-03298,0,High-Value Long-Term Power Users,42,84.35,3571.6,85.03809523809524,7,No,0
CUST-03299,1,New Low-Spend Basic Customers,4,20.05,83.3,20.825,1,No,0
CUST-03300,0,High-Value Long-Term Power Users,68,117.2,8035.95,118.17573529411764,8,No,0
CUST-03301,1,New Low-Spend Basic Customers,33,20.1,579.4,17.55757575757576,1,No,0
CUST-03302,2,High-Spend At-Risk Onboarders,1,69.6,69.6,69.6,1,Yes,1
CUST-03303,0,High-Value Long-Term Power Users,31,103.45,3066.45,98.91774193548386,6,Yes,1
CUST-03304,2,High-Spend At-Risk Onboarders,4,77.95,305.55,76.3875,3,Yes,1
CUST-03305,0,High-Value Long-Term Power Users,69,109.95,7634.25,110.6413043478261,7,No,0
CUST-03306,0,High-Value Long-Term Power Users,38,94.75,3653.0,96.13157894736842,4,No,0
CUST-03307,2,High-Spend At-Risk Onboarders,3,80.0,241.3,80.43333333333334,3,No,0
CUST-03308,0,High-Value Long-Term Power Users,48,79.65,3870.3,80.63125000000001,6,No,0
CUST-03309,1,New Low-Spend Basic Customers,15,25.2,387.9,25.86,2,No,0
CUST-03310,1,New Low-Spend Basic Customers,25,19.9,527.5,21.1,1,No,0
CUST-03311,2,High-Spend At-Risk Onboarders,1,78.45,78.45,78.45,2,Yes,1
CUST-03312,3,Loyal Low-Spend Long-Termers,48,44.8,2104.55,43.84479166666667,3,No,0
CUST-03313,1,New Low-Spend Basic Customers,1,20.3,20.3,20.3,1,No,0
CUST-03314,1,New Low-Spend Basic Customers,1,19.2,19.2,19.2,1,No,0
CUST-03315,2,High-Spend At-Risk Onboarders,37,80.05,3019.1,81.59729729729729,3,No,0
CUST-03316,0,High-Value Long-Term Power Users,66,107.35,7051.95,106.84772727272727,7,No,0
CUST-03317,2,High-Spend At-Risk Onboarders,26,47.85,1190.5,45.78846153846154,4,No,0
CUST-03318,0,High-Value Long-Term Power Users,63,70.8,4448.8,70.61587301587302,5,No,0
CUST-03319,1,New Low-Spend Basic Customers,10,29.5,255.25,25.525,1,Yes,1
CUST-03320,2,High-Spend At-Risk Onboarders,2,70.75,146.9,73.45,4,Yes,1
CUST-03321,2,High-Spend At-Risk Onboarders,18,59.1,1011.05,56.169444444444444,3,No,0
CUST-03322,3,Loyal Low-Spend Long-Termers,64,25.55,1714.95,26.79609375,2,No,0
CUST-03323,2,High-Spend At-Risk Onboarders,9,84.45,762.5,84.72222222222223,3,Yes,1
CUST-03324,1,New Low-Spend Basic Customers,28,20.25,535.35,19.119642857142857,1,No,0
CUST-03325,2,High-Spend At-Risk Onboarders,1,75.55,75.55,75.55,2,No,0
CUST-03326,2,High-Spend At-Risk Onboarders,4,85.65,338.9,84.725,3,Yes,1
CUST-03327,2,High-Spend At-Risk Onboarders,38,70.15,2497.35,65.71973684210526,5,Yes,1
CUST-03328,0,High-Value Long-Term Power Users,66,95.3,6273.4,95.05151515151515,5,No,0
CUST-03329,2,High-Spend At-Risk Onboarders,1,70.25,70.25,70.25,1,No,0
CUST-03330,1,New Low-Spend Basic Customers,18,50.3,908.75,50.486111111111114,2,No,0
CUST-03331,0,High-Value Long-Term Power Users,51,97.8,4913.3,96.33921568627451,5,Yes,1
CUST-03332,1,New Low-Spend Basic Customers,0,19.85,0.0,19.85,1,No,0
CUST-03333,1,New Low-Spend Basic Customers,1,46.3,46.3,46.3,1,Yes,1
CUST-03334,1,New Low-Spend Basic Customers,12,19.35,212.3,17.691666666666666,1,No,0
CUST-03335,0,High-Value Long-Term Power Users,41,106.3,4443.45,108.37682926829268,6,Yes,1
CUST-03336,1,New Low-Spend Basic Customers,12,25.0,316.2,26.349999999999998,2,No,0
CUST-03337,3,Loyal Low-Spend Long-Termers,55,20.3,1079.05,19.619090909090907,1,No,0
CUST-03338,2,High-Spend At-Risk Onboarders,7,75.35,564.65,80.66428571428571,2,No,0
CUST-03339,2,High-Spend At-Risk Onboarders,12,89.4,1095.65,91.30416666666667,4,Yes,1
CUST-03340,0,High-Value Long-Term Power Users,68,88.0,6161.9,90.61617647058823,8,No,0
CUST-03341,2,High-Spend At-Risk Onboarders,5,83.15,446.05,89.21000000000001,3,Yes,1
CUST-03342,3,Loyal Low-Spend Long-Termers,49,43.8,2106.05,42.98061224489796,1,No,0
CUST-03343,2,High-Spend At-Risk Onboarders,40,62.05,2511.55,62.78875000000001,5,No,0
CUST-03344,1,New Low-Spend Basic Customers,16,20.1,318.6,19.9125,1,No,0
CUST-03345,2,High-Spend At-Risk Onboarders,10,74.15,811.8,81.17999999999999,2,Yes,1
CUST-03346,0,High-Value Long-Term Power Users,72,101.35,7323.15,101.71041666666666,6,No,0
CUST-03347,2,High-Spend At-Risk Onboarders,2,84.05,186.05,93.025,3,No,0
CUST-03348,1,New Low-Spend Basic Customers,23,20.9,454.0,19.73913043478261,1,No,0
CUST-03349,0,High-Value Long-Term Power Users,71,105.9,7521.95,105.94295774647887,6,No,0
CUST-03350,2,High-Spend At-Risk Onboarders,11,99.5,1056.95,96.08636363636364,5,Yes,1
CUST-03351,1,New Low-Spend Basic Customers,1,44.15,44.15,44.15,1,Yes,1
CUST-03352,2,High-Spend At-Risk Onboarders,16,53.9,834.15,52.134375,3,Yes,1
CUST-03353,2,High-Spend At-Risk Onboarders,1,85.45,85.45,85.45,3,Yes,1
CUST-03354,2,High-Spend At-Risk Onboarders,12,85.05,999.8,83.31666666666666,3,No,0
CUST-03355,3,Loyal Low-Spend Long-Termers,54,44.1,2369.7,43.88333333333333,3,No,0
CUST-03356,0,High-Value Long-Term Power Users,68,90.2,6297.65,92.6125,5,No,0
CUST-03357,1,New Low-Spend Basic Customers,4,50.85,239.55,59.8875,2,Yes,1
CUST-03358,2,High-Spend At-Risk Onboarders,1,59.2,59.2,59.2,3,Yes,1
CUST-03359,2,High-Spend At-Risk Onboarders,27,53.45,1461.45,54.12777777777778,3,No,0
CUST-03360,1,New Low-Spend Basic Customers,21,19.95,416.4,19.82857142857143,1,No,0
CUST-03361,2,High-Spend At-Risk Onboarders,13,83.2,1060.6,81.58461538461538,3,Yes,1
CUST-03362,0,High-Value Long-Term Power Users,64,74.65,4869.35,76.08359375,6,No,0
CUST-03363,2,High-Spend At-Risk Onboarders,1,54.9,54.9,54.9,3,Yes,1
CUST-03364,0,High-Value Long-Term Power Users,57,57.5,3265.95,57.29736842105263,5,No,0
CUST-03365,2,High-Spend At-Risk Onboarders,21,103.9,2254.2,107.34285714285713,6,Yes,1
CUST-03366,1,New Low-Spend Basic Customers,19,19.65,358.15,18.849999999999998,1,No,0
CUST-03367,2,High-Spend At-Risk Onboarders,31,93.8,2939.8,94.83225806451614,4,No,0
CUST-03368,0,High-Value Long-Term Power Users,52,89.25,4652.4,89.46923076923076,8,No,0
CUST-03369,0,High-Value Long-Term Power Users,46,94.15,4408.45,95.8358695652174,5,No,0
CUST-03370,2,High-Spend At-Risk Onboarders,11,55.6,580.8,52.8,3,No,0
CUST-03371,3,Loyal Low-Spend Long-Termers,53,48.7,2495.2,47.079245283018864,4,No,0
CUST-03372,1,New Low-Spend Basic Customers,11,19.25,180.3,16.39090909090909,1,Yes,1
CUST-03373,0,High-Value Long-Term Power Users,57,104.9,5913.95,103.75350877192982,6,No,0
CUST-03374,2,High-Spend At-Risk Onboarders,2,75.45,158.4,79.2,2,Yes,1
CUST-03375,2,High-Spend At-Risk Onboarders,2,54.85,104.2,52.1,3,Yes,1
CUST-03376,3,Loyal Low-Spend Long-Termers,71,19.9,1389.35,19.56830985915493,1,No,0
CUST-03377,1,New Low-Spend Basic Customers,1,19.4,19.4,19.4,1,No,0
CUST-03378,3,Loyal Low-Spend Long-Termers,68,25.05,1629.2,23.958823529411767,2,No,0
CUST-03379,0,High-Value Long-Term Power Users,72,84.45,6033.1,83.79305555555555,7,No,0
CUST-03380,1,New Low-Spend Basic Customers,2,19.3,44.4,22.2,1,No,0
CUST-03381,2,High-Spend At-Risk Onboarders,1,95.1,95.1,95.1,4,Yes,1
CUST-03382,0,High-Value Long-Term Power Users,41,79.85,3320.75,80.9939024390244,6,No,0
CUST-03383,3,Loyal Low-Spend Long-Termers,72,25.55,1867.7,25.94027777777778,2,No,0
CUST-03384,2,High-Spend At-Risk Onboarders,6,75.5,438.0,73.0,2,Yes,1
CUST-03385,2,High-Spend At-Risk Onboarders,4,73.75,325.45,81.3625,2,Yes,1
CUST-03386,2,High-Spend At-Risk Onboarders,12,96.05,1148.1,95.675,4,Yes,1
CUST-03387,0,High-Value Long-Term Power Users,58,68.4,3972.25,68.48706896551724,5,No,0
CUST-03388,1,New Low-Spend Basic Customers,7,20.65,155.9,22.271428571428572,1,No,0
CUST-03389,3,Loyal Low-Spend Long-Termers,65,55.15,3673.15,56.51,3,No,0
CUST-03390,2,High-Spend At-Risk Onboarders,1,70.6,70.6,70.6,1,No,0
CUST-03391,3,Loyal Low-Spend Long-Termers,56,19.95,1126.75,20.120535714285715,1,No,0
CUST-03392,1,New Low-Spend Basic Customers,4,19.0,73.45,18.3625,1,No,0
CUST-03393,3,Loyal Low-Spend Long-Termers,58,44.1,2413.05,41.60431034482759,1,No,0
CUST-03394,0,High-Value Long-Term Power Users,62,107.6,6912.7,111.49516129032257,6,No,0
CUST-03395,2,High-Spend At-Risk Onboarders,26,61.55,1581.95,60.84423076923077,4,No,0
CUST-03396,0,High-Value Long-Term Power Users,62,90.7,5586.45,90.1040322580645,5,No,0
CUST-03397,0,High-Value Long-Term Power Users,58,99.25,5846.65,100.80431034482758,5,No,0
CUST-03398,0,High-Value Long-Term Power Users,68,91.7,6424.7,94.48088235294118,8,No,0
CUST-03399,0,High-Value Long-Term Power Users,61,100.7,6018.65,98.66639344262295,6,No,0
CUST-03400,0,High-Value Long-Term Power Users,42,78.45,3373.4,80.31904761904762,6,No,0
CUST-03401,2,High-Spend At-Risk Onboarders,18,84.3,1537.9,85.4388888888889,3,No,0
CUST-03402,3,Loyal Low-Spend Long-Termers,56,19.55,1080.55,19.295535714285712,1,No,0
CUST-03403,2,High-Spend At-Risk Onboarders,4,88.95,355.2,88.8,4,Yes,1
CUST-03404,1,New Low-Spend Basic Customers,4,20.45,82.85,20.7125,1,No,0
CUST-03405,2,High-Spend At-Risk Onboarders,35,55.6,2016.45,57.612857142857145,3,No,0
CUST-03406,0,High-Value Long-Term Power Users,64,86.8,5327.25,83.23828125,4,No,0
CUST-03407,1,New Low-Spend Basic Customers,31,20.95,683.25,22.04032258064516,1,No,0
CUST-03408,3,Loyal Low-Spend Long-Termers,67,20.05,1263.05,18.851492537313433,1,No,0
CUST-03409,1,New Low-Spend Basic Customers,4,50.7,151.3,37.825,2,Yes,1
CUST-03410,0,High-Value Long-Term Power Users,70,113.65,7714.65,110.20928571428571,8,No,0
CUST-03411,2,High-Spend At-Risk Onboarders,3,53.4,188.7,62.9,2,Yes,1
CUST-03412,0,High-Value Long-Term Power Users,53,101.9,5549.4,104.70566037735848,5,Yes,1
CUST-03413,2,High-Spend At-Risk Onboarders,2,59.5,130.5,65.25,4,No,0
CUST-03414,2,High-Spend At-Risk Onboarders,29,87.8,2621.75,90.40517241379311,3,No,0
CUST-03415,3,Loyal Low-Spend Long-Termers,47,41.9,1875.25,39.898936170212764,3,No,0
CUST-03416,0,High-Value Long-Term Power Users,68,83.0,5685.8,83.61470588235295,3,Yes,1
CUST-03417,2,High-Spend At-Risk Onboarders,12,69.85,837.5,69.79166666666667,4,No,0
CUST-03418,2,High-Spend At-Risk Onboarders,8,56.3,401.5,50.1875,3,No,0
CUST-03419,0,High-Value Long-Term Power Users,54,109.55,6118.95,113.31388888888888,7,No,0
CUST-03420,0,High-Value Long-Term Power Users,69,92.15,6480.9,93.92608695652173,4,No,0
CUST-03421,2,High-Spend At-Risk Onboarders,26,69.5,1800.05,69.2326923076923,5,No,0
CUST-03422,0,High-Value Long-Term Power Users,72,97.0,7104.2,98.66944444444444,6,No,0
CUST-03423,0,High-Value Long-Term Power Users,70,58.35,4214.25,60.20357142857143,5,No,0
CUST-03424,1,New Low-Spend Basic Customers,1,50.6,50.6,50.6,2,Yes,1
CUST-03425,2,High-Spend At-Risk Onboarders,10,89.5,863.1,86.31,3,Yes,1
CUST-03426,2,High-Spend At-Risk Onboarders,28,70.4,1992.2,71.15,1,No,0
CUST-03427,2,High-Spend At-Risk Onboarders,1,69.8,69.8,69.8,1,Yes,1
CUST-03428,2,High-Spend At-Risk Onboarders,21,94.3,1948.35,92.77857142857142,4,No,0
CUST-03429,0,High-Value Long-Term Power Users,51,93.8,4750.95,93.15588235294118,5,Yes,1
CUST-03430,3,Loyal Low-Spend Long-Termers,53,19.55,1007.9,19.016981132075472,1,No,0
CUST-03431,0,High-Value Long-Term Power Users,53,95.95,5036.9,95.03584905660377,5,No,0
CUST-03432,2,High-Spend At-Risk Onboarders,24,101.05,2391.8,99.65833333333335,5,Yes,1
CUST-03433,0,High-Value Long-Term Power Users,70,94.8,6859.05,97.98642857142858,8,No,0
CUST-03434,0,High-Value Long-Term Power Users,61,107.75,6521.9,106.91639344262295,7,No,0
CUST-03435,2,High-Spend At-Risk Onboarders,11,54.6,617.85,56.16818181818182,3,No,0
CUST-03436,2,High-Spend At-Risk Onboarders,2,71.3,157.75,78.875,1,No,0
CUST-03437,1,New Low-Spend Basic Customers,25,19.5,516.3,20.651999999999997,1,No,0
CUST-03438,3,Loyal Low-Spend Long-Termers,41,56.3,2364.0,57.65853658536585,3,No,0
CUST-03439,2,High-Spend At-Risk Onboarders,18,94.7,1687.95,93.775,4,Yes,1
CUST-03440,0,High-Value Long-Term Power Users,72,104.15,7689.95,106.80486111111111,6,Yes,1
CUST-03441,0,High-Value Long-Term Power Users,71,90.55,6239.05,87.87394366197184,8,No,0
CUST-03442,2,High-Spend At-Risk Onboarders,34,60.8,2042.05,60.06029411764706,4,No,0
CUST-03443,2,High-Spend At-Risk Onboarders,29,98.8,2807.1,96.79655172413793,5,No,0
CUST-03444,0,High-Value Long-Term Power Users,40,98.15,4116.8,102.92,6,No,0
CUST-03445,3,Loyal Low-Spend Long-Termers,36,35.35,1317.95,36.609722222222224,2,No,0
CUST-03446,0,High-Value Long-Term Power Users,46,103.15,4594.65,99.8836956521739,6,No,0
CUST-03447,0,High-Value Long-Term Power Users,58,107.75,6332.75,109.1853448275862,7,No,0
CUST-03448,2,High-Spend At-Risk Onboarders,39,81.4,3213.75,82.40384615384616,3,No,0
CUST-03449,2,High-Spend At-Risk Onboarders,4,61.45,229.55,57.3875,3,Yes,1
CUST-03450,0,High-Value Long-Term Power Users,52,95.7,4976.15,95.6951923076923,5,No,0
CUST-03451,0,High-Value Long-Term Power Users,70,104.8,7308.95,104.41357142857143,6,No,0
CUST-03452,3,Loyal Low-Spend Long-Termers,65,70.95,4555.2,70.08,1,No,0
CUST-03453,1,New Low-Spend Basic Customers,1,44.95,44.95,44.95,1,No,0
CUST-03454,0,High-Value Long-Term Power Users,70,97.65,6982.5,99.75,5,No,0
CUST-03455,1,New Low-Spend Basic Customers,29,35.65,1025.15,35.35,2,No,0
CUST-03456,2,High-Spend At-Risk Onboarders,1,90.55,90.55,90.55,3,Yes,1
CUST-03457,0,High-Value Long-Term Power Users,67,85.25,5714.2,85.2865671641791,7,No,0
CUST-03458,1,New Low-Spend Basic Customers,1,19.5,19.5,19.5,1,No,0
CUST-03459,2,High-Spend At-Risk Onboarders,26,88.8,2274.35,87.475,3,Yes,1
CUST-03460,1,New Low-Spend Basic Customers,30,25.1,789.55,26.31833333333333,2,No,0
CUST-03461,0,High-Value Long-Term Power Users,48,100.05,4834.0,100.70833333333333,5,No,0
CUST-03462,3,Loyal Low-Spend Long-Termers,55,55.7,3131.8,56.941818181818185,3,No,0
CUST-03463,2,High-Spend At-Risk Onboarders,7,85.2,602.55,86.07857142857142,3,Yes,1
CUST-03464,2,High-Spend At-Risk Onboarders,37,91.15,3369.25,91.0608108108108,4,No,0
CUST-03465,2,High-Spend At-Risk Onboarders,31,83.85,2674.15,86.26290322580645,3,No,0
CUST-03466,1,New Low-Spend Basic Customers,4,45.9,199.75,49.9375,1,No,0
CUST-03467,3,Loyal Low-Spend Long-Termers,72,25.1,1790.8,24.87222222222222,2,No,0
CUST-03468,2,High-Spend At-Risk Onboarders,5,91.4,449.75,89.95,3,Yes,1
CUST-03469,1,New Low-Spend Basic Customers,1,19.7,19.7,19.7,1,No,0
CUST-03470,2,High-Spend At-Risk Onboarders,15,91.5,1400.3,93.35333333333332,3,No,0
CUST-03471,1,New Low-Spend Basic Customers,8,51.3,411.6,51.45,2,No,0
CUST-03472,1,New Low-Spend Basic Customers,35,21.1,741.0,21.17142857142857,1,No,0
CUST-03473,0,High-Value Long-Term Power Users,56,104.75,5841.35,104.30982142857144,6,No,0
CUST-03474,0,High-Value Long-Term Power Users,42,106.15,4512.7,107.4452380952381,6,Yes,1
CUST-03475,0,High-Value Long-Term Power Users,65,85.75,5688.45,87.51461538461538,4,No,0
CUST-03476,1,New Low-Spend Basic Customers,2,20.3,31.9,15.95,1,No,0
CUST-03477,0,High-Value Long-Term Power Users,65,100.75,6674.65,102.68692307692307,5,No,0
CUST-03478,2,High-Spend At-Risk Onboarders,18,74.15,1345.75,74.76388888888889,2,No,0
CUST-03479,2,High-Spend At-Risk Onboarders,23,78.55,1843.05,80.13260869565217,6,No,0
CUST-03480,1,New Low-Spend Basic Customers,4,45.3,196.95,49.2375,1,Yes,1
CUST-03481,3,Loyal Low-Spend Long-Termers,70,19.85,1433.8,20.482857142857142,1,No,0
CUST-03482,1,New Low-Spend Basic Customers,4,50.7,214.55,53.6375,2,No,0
CUST-03483,1,New Low-Spend Basic Customers,19,45.0,865.85,45.57105263157895,1,No,0
CUST-03484,2,High-Spend At-Risk Onboarders,18,77.8,1358.6,75.47777777777777,3,No,0
CUST-03485,2,High-Spend At-Risk Onboarders,38,83.45,3147.15,82.81973684210527,3,No,0
CUST-03486,2,High-Spend At-Risk Onboarders,2,73.25,131.05,65.525,2,Yes,1
CUST-03487,0,High-Value Long-Term Power Users,47,94.8,4535.85,96.50744680851065,5,No,0
CUST-03488,3,Loyal Low-Spend Long-Termers,52,20.1,1078.75,20.745192307692307,1,No,0
CUST-03489,2,High-Spend At-Risk Onboarders,9,59.9,542.4,60.266666666666666,3,No,0
CUST-03490,0,High-Value Long-Term Power Users,26,90.1,2312.55,88.94423076923077,8,No,0
CUST-03491,1,New Low-Spend Basic Customers,8,51.05,415.05,51.88125,2,Yes,1
CUST-03492,0,High-Value Long-Term Power Users,44,70.95,3250.45,73.87386363636364,5,No,0
CUST-03493,1,New Low-Spend Basic Customers,3,29.2,98.5,32.833333333333336,1,No,0
CUST-03494,1,New Low-Spend Basic Customers,2,46.6,87.9,43.95,1,No,0
CUST-03495,2,High-Spend At-Risk Onboarders,9,85.35,754.65,83.85,3,Yes,1
CUST-03496,2,High-Spend At-Risk Onboarders,1,75.35,75.35,75.35,2,Yes,1
CUST-03497,2,High-Spend At-Risk Onboarders,25,74.3,1952.25,78.09,2,No,0
CUST-03498,2,High-Spend At-Risk Onboarders,2,69.3,153.8,76.9,1,No,0
CUST-03499,2,High-Spend At-Risk Onboarders,43,75.2,3198.6,74.38604651162791,2,Yes,1
CUST-03500,1,New Low-Spend Basic Customers,1,20.9,20.9,20.9,1,Yes,1
CUST-03501,0,High-Value Long-Term Power Users,58,94.3,5610.15,96.72672413793103,5,No,0
CUST-03502,0,High-Value Long-Term Power Users,59,76.45,4519.5,76.60169491525424,6,No,0
CUST-03503,3,Loyal Low-Spend Long-Termers,44,54.0,2440.25,55.46022727272727,4,No,0
CUST-03504,0,High-Value Long-Term Power Users,66,104.25,6860.6,103.94848484848485,6,No,0
CUST-03505,3,Loyal Low-Spend Long-Termers,68,19.95,1377.7,20.26029411764706,1,No,0
CUST-03506,1,New Low-Spend Basic Customers,9,24.95,190.25,21.13888888888889,0,No,0
CUST-03507,2,High-Spend At-Risk Onboarders,19,84.75,1651.95,86.94473684210527,4,No,0
CUST-03508,1,New Low-Spend Basic Customers,4,19.75,78.3,19.575,1,No,0
CUST-03509,0,High-Value Long-Term Power Users,70,113.65,7939.25,113.41785714285714,8,No,0
CUST-03510,1,New Low-Spend Basic Customers,1,44.9,44.9,44.9,1,No,0
CUST-03511,2,High-Spend At-Risk Onboarders,8,75.25,576.7,72.0875,2,No,0
CUST-03512,3,Loyal Low-Spend Long-Termers,53,24.6,1279.0,24.132075471698112,2,No,0
CUST-03513,3,Loyal Low-Spend Long-Termers,51,25.0,1260.7,24.719607843137254,2,No,0
CUST-03514,1,New Low-Spend Basic Customers,11,20.95,267.35,24.30454545454546,1,No,0
CUST-03515,0,High-Value Long-Term Power Users,60,110.6,6586.85,109.78083333333333,7,No,0
CUST-03516,2,High-Spend At-Risk Onboarders,17,55.5,934.15,54.949999999999996,3,No,0
CUST-03517,1,New Low-Spend Basic Customers,3,43.3,123.65,41.21666666666667,1,Yes,1
CUST-03518,0,High-Value Long-Term Power Users,70,109.5,7534.65,107.63785714285714,7,Yes,1
CUST-03519,1,New Low-Spend Basic Customers,1,19.45,19.45,19.45,1,No,0
CUST-03520,2,High-Spend At-Risk Onboarders,43,84.85,3645.6,84.78139534883721,3,No,0
CUST-03521,1,New Low-Spend Basic Customers,16,19.6,314.45,19.653125,1,No,0
CUST-03522,3,Loyal Low-Spend Long-Termers,57,53.45,3053.0,53.56140350877193,3,No,0
CUST-03523,3,Loyal Low-Spend Long-Termers,37,19.8,677.05,18.298648648648648,1,No,0
CUST-03524,0,High-Value Long-Term Power Users,72,112.1,7965.95,110.63819444444444,8,No,0
CUST-03525,2,High-Spend At-Risk Onboarders,11,84.8,906.85,82.44090909090909,3,Yes,1
CUST-03526,0,High-Value Long-Term Power Users,50,95.05,4888.7,97.774,5,Yes,1
CUST-03527,1,New Low-Spend Basic Customers,5,50.35,237.25,47.45,2,Yes,1
CUST-03528,2,High-Spend At-Risk Onboarders,1,74.6,74.6,74.6,2,Yes,1
CUST-03529,1,New Low-Spend Basic Customers,16,19.7,342.4,21.4,1,Yes,1
CUST-03530,2,High-Spend At-Risk Onboarders,2,74.2,140.1,70.05,2,No,0
CUST-03531,2,High-Spend At-Risk Onboarders,17,69.0,1108.0,65.17647058823529,5,No,0
CUST-03532,1,New Low-Spend Basic Customers,16,19.35,295.55,18.471875,1,No,0
CUST-03533,2,High-Spend At-Risk Onboarders,15,59.45,892.65,59.51,3,Yes,1
CUST-03534,1,New Low-Spend Basic Customers,10,19.8,198.25,19.825,1,No,0
CUST-03535,0,High-Value Long-Term Power Users,46,105.2,4822.85,104.8445652173913,6,Yes,1
CUST-03536,0,High-Value Long-Term Power Users,64,109.2,6741.15,105.33046875,7,No,0
CUST-03537,2,High-Spend At-Risk Onboarders,1,79.15,79.15,79.15,3,No,0
CUST-03538,2,High-Spend At-Risk Onboarders,25,53.65,1355.45,54.218,3,No,0
CUST-03539,0,High-Value Long-Term Power Users,71,100.2,7209.0,101.53521126760563,6,No,0
CUST-03540,1,New Low-Spend Basic Customers,8,45.15,438.4,54.8,1,Yes,1
CUST-03541,0,High-Value Long-Term Power Users,72,108.65,7726.35,107.31041666666667,7,No,0
CUST-03542,3,Loyal Low-Spend Long-Termers,49,40.65,2070.75,42.26020408163265,2,No,0
CUST-03543,2,High-Spend At-Risk Onboarders,29,55.35,1636.95,56.44655172413793,5,No,0
CUST-03544,0,High-Value Long-Term Power Users,72,105.6,7581.5,105.29861111111111,7,No,0
CUST-03545,2,High-Spend At-Risk Onboarders,31,93.8,3019.5,97.40322580645162,5,Yes,1
CUST-03546,0,High-Value Long-Term Power Users,50,95.7,4729.75,94.595,4,No,0
CUST-03547,0,High-Value Long-Term Power Users,71,83.2,6126.1,86.2830985915493,7,No,0
CUST-03548,0,High-Value Long-Term Power Users,70,90.05,6333.4,90.47714285714285,8,No,0
CUST-03549,0,High-Value Long-Term Power Users,71,97.65,6687.85,94.19507042253521,5,No,0
CUST-03550,0,High-Value Long-Term Power Users,61,68.05,4158.25,68.16803278688525,5,No,0
CUST-03551,2,High-Spend At-Risk Onboarders,32,96.2,3183.4,99.48125,4,Yes,1
CUST-03552,2,High-Spend At-Risk Onboarders,1,79.6,79.6,79.6,2,Yes,1
CUST-03553,0,High-Value Long-Term Power Users,68,102.1,7149.35,105.1375,6,No,0
CUST-03554,3,Loyal Low-Spend Long-Termers,62,23.4,1429.65,23.058870967741935,2,No,0
CUST-03555,2,High-Spend At-Risk Onboarders,7,71.05,472.65,67.52142857142857,1,No,0
CUST-03556,2,High-Spend At-Risk Onboarders,20,85.25,1734.5,86.725,3,Yes,1
CUST-03557,1,New Low-Spend Basic Customers,6,19.45,113.5,18.916666666666668,1,No,0
CUST-03558,2,High-Spend At-Risk Onboarders,33,59.45,1884.65,57.11060606060607,5,No,0
CUST-03559,2,High-Spend At-Risk Onboarders,28,92.2,2568.15,91.71964285714286,4,No,0
CUST-03560,1,New Low-Spend Basic Customers,27,19.85,470.0,17.40740740740741,1,No,0
CUST-03561,1,New Low-Spend Basic Customers,7,43.9,278.4,39.771428571428565,1,No,0
CUST-03562,2,High-Spend At-Risk Onboarders,26,80.5,2088.8,80.33846153846154,3,Yes,1
CUST-03563,2,High-Spend At-Risk Onboarders,5,89.8,502.6,100.52000000000001,4,Yes,1
CUST-03564,2,High-Spend At-Risk Onboarders,30,90.5,2595.85,86.52833333333334,4,No,0
CUST-03565,0,High-Value Long-Term Power Users,63,90.45,5825.5,92.46825396825396,4,No,0
CUST-03566,1,New Low-Spend Basic Customers,1,50.75,50.75,50.75,2,Yes,1
CUST-03567,0,High-Value Long-Term Power Users,53,84.6,4449.75,83.95754716981132,7,No,0
CUST-03568,2,High-Spend At-Risk Onboarders,14,89.65,1208.35,86.31071428571428,4,Yes,1
CUST-03569,2,High-Spend At-Risk Onboarders,21,99.15,1956.4,93.16190476190476,5,No,0
CUST-03570,1,New Low-Spend Basic Customers,17,19.95,310.6,18.27058823529412,1,No,0
CUST-03571,1,New Low-Spend Basic Customers,16,20.5,290.55,18.159375,1,No,0
CUST-03572,2,High-Spend At-Risk Onboarders,35,62.1,2096.1,59.888571428571424,3,No,0
CUST-03573,2,High-Spend At-Risk Onboarders,32,79.5,2665.0,83.28125,2,No,0
CUST-03574,1,New Low-Spend Basic Customers,28,19.55,543.8,19.42142857142857,1,No,0
CUST-03575,1,New Low-Spend Basic Customers,1,20.35,20.35,20.35,1,No,0
CUST-03576,3,Loyal Low-Spend Long-Termers,59,51.7,3005.8,50.94576271186441,3,No,0
CUST-03577,3,Loyal Low-Spend Long-Termers,72,23.3,1623.15,22.543750000000003,2,No,0
CUST-03578,2,High-Spend At-Risk Onboarders,36,65.4,2498.4,69.4,4,Yes,1
CUST-03579,2,High-Spend At-Risk Onboarders,40,65.1,2586.0,64.65,4,No,0
CUST-03580,2,High-Spend At-Risk Onboarders,40,81.2,3292.3,82.3075,3,No,0
CUST-03581,2,High-Spend At-Risk Onboarders,9,72.9,651.4,72.37777777777778,5,Yes,1
CUST-03582,0,High-Value Long-Term Power Users,63,74.5,4674.55,74.19920634920635,6,No,0
CUST-03583,2,High-Spend At-Risk Onboarders,3,80.5,232.35,77.45,2,No,0
CUST-03584,2,High-Spend At-Risk Onboarders,40,60.3,2448.5,61.2125,5,No,0
CUST-03585,2,High-Spend At-Risk Onboarders,8,75.0,658.1,82.2625,2,No,0
CUST-03586,2,High-Spend At-Risk Onboarders,34,90.15,3128.8,92.02352941176471,4,No,0
CUST-03587,1,New Low-Spend Basic Customers,5,40.0,223.45,44.69,3,Yes,1
CUST-03588,2,High-Spend At-Risk Onboarders,9,99.45,919.4,102.15555555555555,5,Yes,1
CUST-03589,2,High-Spend At-Risk Onboarders,9,69.05,653.95,72.66111111111111,5,No,0
CUST-03590,2,High-Spend At-Risk Onboarders,31,59.7,1825.5,58.88709677419355,3,No,0
CUST-03591,3,Loyal Low-Spend Long-Termers,50,19.85,943.1,18.862000000000002,1,No,0
CUST-03592,2,High-Spend At-Risk Onboarders,2,86.25,181.65,90.825,4,Yes,1
CUST-03593,1,New Low-Spend Basic Customers,1,45.65,45.65,45.65,1,Yes,1
CUST-03594,2,High-Spend At-Risk Onboarders,8,70.1,551.35,68.91875,1,Yes,1
CUST-03595,1,New Low-Spend Basic Customers,9,40.75,359.4,39.93333333333333,2,No,0
CUST-03596,2,High-Spend At-Risk Onboarders,2,70.2,115.95,57.975,1,Yes,1
CUST-03597,2,High-Spend At-Risk Onboarders,3,55.35,165.2,55.06666666666666,3,Yes,1
CUST-03598,2,High-Spend At-Risk Onboarders,25,95.7,2338.35,93.53399999999999,4,No,0
CUST-03599,1,New Low-Spend Basic Customers,1,46.3,46.3,46.3,1,No,0
CUST-03600,0,High-Value Long-Term Power Users,45,81.3,3541.1,78.69111111111111,7,No,0
CUST-03601,0,High-Value Long-Term Power Users,51,84.2,4146.05,81.29509803921569,4,Yes,1
CUST-03602,3,Loyal Low-Spend Long-Termers,55,20.0,1087.25,19.76818181818182,1,No,0
CUST-03603,2,High-Spend At-Risk Onboarders,38,66.15,2522.4,66.37894736842105,5,No,0
CUST-03604,1,New Low-Spend Basic Customers,2,45.85,81.0,40.5,1,Yes,1
CUST-03605,3,Loyal Low-Spend Long-Termers,38,19.6,717.3,18.876315789473683,1,No,0
CUST-03606,3,Loyal Low-Spend Long-Termers,34,49.8,1734.2,51.00588235294118,2,No,0
CUST-03607,0,High-Value Long-Term Power Users,70,101.75,7069.3,100.99000000000001,5,No,0
CUST-03608,2,High-Spend At-Risk Onboarders,13,55.15,742.9,57.146153846153844,3,No,0
CUST-03609,2,High-Spend At-Risk Onboarders,39,75.25,3017.65,77.37564102564103,2,Yes,1
CUST-03610,0,High-Value Long-Term Power Users,61,103.95,6423.0,105.29508196721312,6,No,0
CUST-03611,2,High-Spend At-Risk Onboarders,12,100.15,1164.3,97.02499999999999,5,Yes,1
CUST-03612,0,High-Value Long-Term Power Users,41,99.65,4220.35,102.93536585365854,5,No,0
CUST-03613,2,High-Spend At-Risk Onboarders,21,73.7,1558.7,74.22380952380952,2,No,0
CUST-03614,3,Loyal Low-Spend Long-Termers,55,50.05,2743.45,49.880909090909086,3,No,0
CUST-03615,0,High-Value Long-Term Power Users,69,60.25,4055.5,58.77536231884058,5,No,0
CUST-03616,0,High-Value Long-Term Power Users,26,105.75,2710.25,104.24038461538461,6,Yes,1
CUST-03617,0,High-Value Long-Term Power Users,69,87.3,6055.55,87.76159420289855,4,No,0
CUST-03618,1,New Low-Spend Basic Customers,18,48.35,810.7,45.03888888888889,3,Yes,1
CUST-03619,3,Loyal Low-Spend Long-Termers,47,54.25,2538.2,54.00425531914893,3,No,0
CUST-03620,0,High-Value Long-Term Power Users,72,85.3,6129.2,85.12777777777778,7,No,0
CUST-03621,2,High-Spend At-Risk Onboarders,33,50.0,1750.85,53.056060606060605,4,No,0
CUST-03622,1,New Low-Spend Basic Customers,2,24.4,36.55,18.275,0,Yes,1
CUST-03623,0,High-Value Long-Term Power Users,72,90.95,6652.45,92.39513888888888,8,No,0
CUST-03624,2,High-Spend At-Risk Onboarders,37,72.25,2575.45,69.60675675675675,1,No,0
CUST-03625,0,High-Value Long-Term Power Users,62,96.1,6019.35,97.08629032258065,5,No,0
CUST-03626,3,Loyal Low-Spend Long-Termers,71,19.85,1379.6,19.430985915492958,1,No,0
CUST-03627,2,High-Spend At-Risk Onboarders,23,55.3,1284.2,55.834782608695654,3,No,0
CUST-03628,1,New Low-Spend Basic Customers,16,20.1,296.15,18.509375,1,No,0
CUST-03629,2,High-Spend At-Risk Onboarders,9,69.5,653.25,72.58333333333333,5,No,0
CUST-03630,1,New Low-Spend Basic Customers,17,25.15,412.6,24.27058823529412,2,No,0
CUST-03631,1,New Low-Spend Basic Customers,4,20.95,85.5,21.375,1,Yes,1
CUST-03632,1,New Low-Spend Basic Customers,1,49.55,49.55,49.55,2,Yes,1
CUST-03633,2,High-Spend At-Risk Onboarders,24,79.65,1928.7,80.3625,3,No,0
CUST-03634,2,High-Spend At-Risk Onboarders,1,71.25,71.25,71.25,1,No,0
CUST-03635,0,High-Value Long-Term Power Users,72,113.8,7845.8,108.96944444444445,8,No,0
CUST-03636,3,Loyal Low-Spend Long-Termers,72,24.55,1750.7,24.31527777777778,2,No,0
CUST-03637,1,New Low-Spend Basic Customers,11,19.7,216.2,19.654545454545453,1,No,0
CUST-03638,1,New Low-Spend Basic Customers,9,20.25,178.5,19.833333333333332,1,Yes,1
CUST-03639,1,New Low-Spend Basic Customers,2,50.15,115.1,57.55,2,Yes,1
CUST-03640,0,High-Value Long-Term Power Users,60,100.5,6029.0,100.48333333333333,5,No,0
CUST-03641,2,High-Spend At-Risk Onboarders,29,95.9,2745.2,94.66206896551724,5,Yes,1
CUST-03642,0,High-Value Long-Term Power Users,49,74.45,3721.9,75.95714285714286,5,No,0
CUST-03643,0,High-Value Long-Term Power Users,30,104.1,3121.1,104.03666666666666,6,No,0
CUST-03644,3,Loyal Low-Spend Long-Termers,53,19.05,990.45,18.687735849056605,1,No,0
CUST-03645,3,Loyal Low-Spend Long-Termers,39,25.0,1004.35,25.752564102564104,2,No,0
CUST-03646,1,New Low-Spend Basic Customers,9,19.05,157.65,17.516666666666666,1,No,0
CUST-03647,2,High-Spend At-Risk Onboarders,39,81.9,3219.75,82.5576923076923,3,No,0
CUST-03648,2,High-Spend At-Risk Onboarders,8,69.7,572.85,71.60625,1,No,0
CUST-03649,0,High-Value Long-Term Power Users,51,90.15,4554.85,89.31078431372549,4,No,0
CUST-03650,3,Loyal Low-Spend Long-Termers,71,25.35,1847.55,26.021830985915493,2,No,0
CUST-03651,3,Loyal Low-Spend Long-Termers,71,24.65,1766.75,24.883802816901408,2,No,0
CUST-03652,3,Loyal Low-Spend Long-Termers,70,19.55,1462.05,20.88642857142857,1,No,0
CUST-03653,1,New Low-Spend Basic Customers,1,25.25,25.25,25.25,0,Yes,1
CUST-03654,2,High-Spend At-Risk Onboarders,38,60.0,2193.2,57.715789473684204,5,No,0
CUST-03655,2,High-Spend At-Risk Onboarders,28,89.9,2433.5,86.91071428571429,4,No,0
CUST-03656,1,New Low-Spend Basic Customers,32,19.4,641.15,20.0359375,1,No,0
CUST-03657,3,Loyal Low-Spend Long-Termers,49,49.8,2398.4,48.946938775510205,2,No,0
CUST-03658,3,Loyal Low-Spend Long-Termers,37,24.1,861.85,23.293243243243243,2,No,0
CUST-03659,2,High-Spend At-Risk Onboarders,10,54.25,583.0,58.3,3,No,0
CUST-03660,0,High-Value Long-Term Power Users,67,109.9,7332.4,109.43880597014925,7,No,0
CUST-03661,1,New Low-Spend Basic Customers,7,35.5,249.55,35.65,2,No,0
CUST-03662,0,High-Value Long-Term Power Users,51,87.55,4475.9,87.7627450980392,3,No,0
CUST-03663,1,New Low-Spend Basic Customers,9,45.15,416.45,46.27222222222222,1,Yes,1
CUST-03664,2,High-Spend At-Risk Onboarders,9,88.4,788.6,87.62222222222222,3,No,0
CUST-03665,1,New Low-Spend Basic Customers,4,50.8,202.3,50.575,2,No,0
CUST-03666,0,High-Value Long-Term Power Users,71,99.0,6994.6,98.51549295774649,6,No,0
CUST-03667,0,High-Value Long-Term Power Users,50,84.4,4116.15,82.323,3,Yes,1
CUST-03668,2,High-Spend At-Risk Onboarders,24,96.55,2263.45,94.31041666666665,4,No,0
CUST-03669,2,High-Spend At-Risk Onboarders,22,59.75,1374.35,62.470454545454544,3,No,0
CUST-03670,0,High-Value Long-Term Power Users,44,111.5,4915.15,111.70795454545454,7,No,0
CUST-03671,1,New Low-Spend Basic Customers,33,24.25,838.5,25.40909090909091,2,No,0
CUST-03672,2,High-Spend At-Risk Onboarders,1,75.1,75.1,75.1,2,Yes,1
CUST-03673,0,High-Value Long-Term Power Users,54,70.15,3715.65,68.80833333333334,4,Yes,1
CUST-03674,0,High-Value Long-Term Power Users,42,101.75,4273.45,101.74880952380951,5,Yes,1
CUST-03675,1,New Low-Spend Basic Customers,1,45.8,45.8,45.8,1,Yes,1
CUST-03676,1,New Low-Spend Basic Customers,1,20.5,20.5,20.5,1,No,0
CUST-03677,2,High-Spend At-Risk Onboarders,30,70.4,2044.75,68.15833333333333,5,No,0
CUST-03678,1,New Low-Spend Basic Customers,1,30.55,30.55,30.55,1,No,0
CUST-03679,2,High-Spend At-Risk Onboarders,16,84.9,1398.25,87.390625,7,No,0
CUST-03680,1,New Low-Spend Basic Customers,1,20.1,20.1,20.1,1,Yes,1
CUST-03681,1,New Low-Spend Basic Customers,9,40.65,328.95,36.55,2,Yes,1
CUST-03682,0,High-Value Long-Term Power Users,46,101.0,4680.05,101.74021739130436,5,Yes,1
CUST-03683,2,High-Spend At-Risk Onboarders,1,69.1,69.1,69.1,1,Yes,1
CUST-03684,3,Loyal Low-Spend Long-Termers,71,54.5,3778.2,53.21408450704225,3,No,0
CUST-03685,2,High-Spend At-Risk Onboarders,43,75.35,3161.4,73.52093023255814,2,No,0
CUST-03686,3,Loyal Low-Spend Long-Termers,50,44.45,2188.45,43.769,3,No,0
CUST-03687,2,High-Spend At-Risk Onboarders,13,75.0,999.45,76.88076923076923,2,Yes,1
CUST-03688,2,High-Spend At-Risk Onboarders,19,100.0,1888.65,99.40263157894738,5,Yes,1
CUST-03689,0,High-Value Long-Term Power Users,41,98.05,3990.6,97.33170731707317,5,No,0
CUST-03690,2,High-Spend At-Risk Onboarders,1,71.15,71.15,71.15,1,Yes,1
CUST-03691,2,High-Spend At-Risk Onboarders,24,54.15,1240.25,51.677083333333336,4,Yes,1
CUST-03692,2,High-Spend At-Risk Onboarders,40,63.9,2635.0,65.875,4,No,0
CUST-03693,2,High-Spend At-Risk Onboarders,3,69.15,235.0,78.33333333333333,5,No,0
CUST-03694,2,High-Spend At-Risk Onboarders,37,64.65,2347.85,63.4554054054054,4,No,0
CUST-03695,0,High-Value Long-Term Power Users,67,108.75,7156.2,106.80895522388059,7,Yes,1
CUST-03696,0,High-Value Long-Term Power Users,32,98.85,3089.6,96.55,5,No,0
CUST-03697,1,New Low-Spend Basic Customers,6,49.15,270.8,45.13333333333333,2,Yes,1
CUST-03698,2,High-Spend At-Risk Onboarders,32,89.6,2901.8,90.68125,4,No,0
CUST-03699,0,High-Value Long-Term Power Users,59,83.25,4949.1,83.88305084745764,4,No,0
CUST-03700,2,High-Spend At-Risk Onboarders,30,70.25,2198.9,73.29666666666667,5,No,0
CUST-03701,1,New Low-Spend Basic Customers,20,19.4,374.5,18.725,1,Yes,1
CUST-03702,1,New Low-Spend Basic Customers,27,24.5,761.95,28.22037037037037,2,No,0
CUST-03703,2,High-Spend At-Risk Onboarders,20,79.15,1520.9,76.045,3,Yes,1
CUST-03704,1,New Low-Spend Basic Customers,9,20.1,190.25,21.13888888888889,1,No,0
CUST-03705,0,High-Value Long-Term Power Users,68,73.0,5163.0,75.92647058823529,6,No,0
CUST-03706,0,High-Value Long-Term Power Users,69,61.4,4059.85,58.83840579710145,4,No,0
CUST-03707,2,High-Spend At-Risk Onboarders,26,84.3,2281.6,87.75384615384615,4,No,0
CUST-03708,3,Loyal Low-Spend Long-Termers,69,19.9,1356.7,19.66231884057971,1,No,0
CUST-03709,1,New Low-Spend Basic Customers,11,20.4,231.45,21.04090909090909,1,No,0
CUST-03710,1,New Low-Spend Basic Customers,1,50.75,50.75,50.75,2,No,0
CUST-03711,1,New Low-Spend Basic Customers,10,20.45,242.4,24.240000000000002,1,No,0
CUST-03712,0,High-Value Long-Term Power Users,55,75.75,4264.25,77.53181818181818,6,No,0
CUST-03713,2,High-Spend At-Risk Onboarders,44,65.4,2774.55,63.05795454545455,4,No,0
CUST-03714,2,High-Spend At-Risk Onboarders,46,80.4,3605.2,78.37391304347825,2,Yes,1
CUST-03715,0,High-Value Long-Term Power Users,69,59.75,4069.9,58.984057971014494,4,No,0
CUST-03716,2,High-Spend At-Risk Onboarders,11,78.5,874.2,79.47272727272728,2,No,0
CUST-03717,2,High-Spend At-Risk Onboarders,11,102.0,1145.35,104.12272727272726,5,Yes,1
CUST-03718,1,New Low-Spend Basic Customers,29,48.95,1323.7,45.6448275862069,2,No,0
CUST-03719,0,High-Value Long-Term Power Users,57,99.65,5497.05,96.43947368421053,5,No,0
CUST-03720,1,New Low-Spend Basic Customers,28,18.25,534.7,19.09642857142857,1,No,0
CUST-03721,3,Loyal Low-Spend Long-Termers,42,54.55,2455.05,58.453571428571436,3,No,0
CUST-03722,1,New Low-Spend Basic Customers,2,20.65,38.7,19.35,1,Yes,1
CUST-03723,1,New Low-Spend Basic Customers,23,40.65,947.4,41.19130434782608,3,No,0
CUST-03724,1,New Low-Spend Basic Customers,18,20.45,357.0,19.833333333333332,1,No,0
CUST-03725,3,Loyal Low-Spend Long-Termers,62,24.8,1476.25,23.81048387096774,2,No,0
CUST-03726,2,High-Spend At-Risk Onboarders,1,70.8,70.8,70.8,1,Yes,1
CUST-03727,2,High-Spend At-Risk Onboarders,16,89.05,1448.6,90.5375,4,Yes,1
CUST-03728,2,High-Spend At-Risk Onboarders,3,96.6,291.9,97.3,4,Yes,1
CUST-03729,0,High-Value Long-Term Power Users,67,88.8,5903.15,88.10671641791045,8,No,0
CUST-03730,3,Loyal Low-Spend Long-Termers,62,20.05,1201.65,19.381451612903227,1,No,0
CUST-03731,0,High-Value Long-Term Power Users,57,104.5,5921.35,103.88333333333334,6,Yes,1
CUST-03732,2,High-Spend At-Risk Onboarders,2,69.8,146.65,73.325,1,No,0
CUST-03733,2,High-Spend At-Risk Onboarders,23,77.15,1759.4,76.49565217391304,6,No,0
CUST-03734,1,New Low-Spend Basic Customers,25,35.05,844.45,33.778,2,No,0
CUST-03735,0,High-Value Long-Term Power Users,72,108.1,7774.05,107.97291666666666,7,No,0
CUST-03736,2,High-Spend At-Risk Onboarders,2,84.05,134.05,67.025,3,No,0
CUST-03737,1,New Low-Spend Basic Customers,8,20.2,140.95,17.61875,1,No,0
CUST-03738,1,New Low-Spend Basic Customers,5,50.6,249.95,49.989999999999995,2,Yes,1
CUST-03739,3,Loyal Low-Spend Long-Termers,35,49.2,1701.65,48.61857142857143,3,No,0
CUST-03740,1,New Low-Spend Basic Customers,24,24.6,592.65,24.693749999999998,2,No,0
CUST-03741,2,High-Spend At-Risk Onboarders,2,71.65,135.75,67.875,1,No,0
CUST-03742,0,High-Value Long-Term Power Users,72,104.9,7732.65,107.39791666666666,7,No,0
CUST-03743,0,High-Value Long-Term Power Users,41,106.5,4282.4,104.44878048780487,7,No,0
CUST-03744,1,New Low-Spend Basic Customers,4,49.35,219.65,54.9125,2,Yes,1
CUST-03745,2,High-Spend At-Risk Onboarders,26,75.5,2018.1,77.61923076923077,2,No,0
CUST-03746,2,High-Spend At-Risk Onboarders,7,94.25,669.0,95.57142857142857,4,Yes,1
CUST-03747,2,High-Spend At-Risk Onboarders,1,68.95,68.95,68.95,1,Yes,1
CUST-03748,2,High-Spend At-Risk Onboarders,4,58.5,224.85,56.2125,4,No,0
CUST-03749,0,High-Value Long-Term Power Users,48,78.9,3771.5,78.57291666666667,6,No,0
CUST-03750,2,High-Spend At-Risk Onboarders,2,93.85,196.75,98.375,4,Yes,1
CUST-03751,2,High-Spend At-Risk Onboarders,12,79.2,943.85,78.65416666666667,6,No,0
CUST-03752,0,High-Value Long-Term Power Users,60,109.45,6572.85,109.5475,7,No,0
CUST-03753,3,Loyal Low-Spend Long-Termers,55,59.2,3175.85,57.74272727272727,4,No,0
CUST-03754,1,New Low-Spend Basic Customers,1,29.15,29.15,29.15,1,No,0
CUST-03755,1,New Low-Spend Basic Customers,1,20.05,20.05,20.05,1,No,0
CUST-03756,2,High-Spend At-Risk Onboarders,4,76.05,318.9,79.725,2,Yes,1
CUST-03757,1,New Low-Spend Basic Customers,1,24.45,24.45,24.45,0,Yes,1
CUST-03758,2,High-Spend At-Risk Onboarders,42,66.5,2762.75,65.7797619047619,4,No,0
CUST-03759,1,New Low-Spend Basic Customers,1,49.55,49.55,49.55,2,No,0
CUST-03760,2,High-Spend At-Risk Onboarders,7,89.35,631.85,90.26428571428572,4,Yes,1
CUST-03761,2,High-Spend At-Risk Onboarders,3,73.6,232.5,77.5,2,No,0
CUST-03762,0,High-Value Long-Term Power Users,72,82.65,5919.35,82.21319444444445,7,No,0
CUST-03763,1,New Low-Spend Basic Customers,15,49.0,749.25,49.95,2,No,0
CUST-03764,2,High-Spend At-Risk Onboarders,4,80.35,307.4,76.85,2,Yes,1
CUST-03765,1,New Low-Spend Basic Customers,11,25.2,245.15,22.286363636363635,2,No,0
CUST-03766,1,New Low-Spend Basic Customers,5,25.45,134.75,26.95,2,No,0
CUST-03767,2,High-Spend At-Risk Onboarders,1,55.8,55.8,55.8,3,Yes,1
CUST-03768,0,High-Value Long-Term Power Users,72,110.9,8240.85,114.45625000000001,7,No,0
CUST-03769,0,High-Value Long-Term Power Users,55,77.75,4266.4,77.57090909090908,3,No,0
CUST-03770,3,Loyal Low-Spend Long-Termers,40,26.2,1077.5,26.9375,2,No,0
CUST-03771,3,Loyal Low-Spend Long-Termers,57,19.9,1115.6,19.5719298245614,1,No,0
CUST-03772,2,High-Spend At-Risk Onboarders,1,79.05,79.05,79.05,2,Yes,1
CUST-03773,2,High-Spend At-Risk Onboarders,1,95.0,95.0,95.0,4,Yes,1
CUST-03774,1,New Low-Spend Basic Customers,1,25.2,25.2,25.2,0,Yes,1
CUST-03775,0,High-Value Long-Term Power Users,52,80.85,4079.55,78.45288461538462,6,No,0
CUST-03776,0,High-Value Long-Term Power Users,41,98.4,4187.75,102.14024390243902,5,Yes,1
CUST-03777,3,Loyal Low-Spend Long-Termers,43,56.35,2391.15,55.608139534883726,2,No,0
CUST-03778,3,Loyal Low-Spend Long-Termers,47,19.3,890.5,18.9468085106383,1,No,0
CUST-03779,1,New Low-Spend Basic Customers,3,50.4,137.25,45.75,2,No,0
CUST-03780,0,High-Value Long-Term Power Users,66,79.4,5154.6,78.10000000000001,7,Yes,1
CUST-03781,3,Loyal Low-Spend Long-Termers,55,55.25,3119.9,56.72545454545455,3,No,0
CUST-03782,1,New Low-Spend Basic Customers,29,19.1,529.5,18.25862068965517,1,No,0
CUST-03783,2,High-Spend At-Risk Onboarders,12,84.05,966.55,80.54583333333333,3,No,0
CUST-03784,0,High-Value Long-Term Power Users,66,105.2,6936.85,105.10378787878788,6,No,0
CUST-03785,0,High-Value Long-Term Power Users,35,101.4,3496.3,99.89428571428572,5,Yes,1
CUST-03786,2,High-Spend At-Risk Onboarders,10,89.8,914.3,91.42999999999999,4,Yes,1
CUST-03787,2,High-Spend At-Risk Onboarders,27,75.75,1929.0,71.44444444444444,2,No,0
CUST-03788,0,High-Value Long-Term Power Users,58,95.3,5817.7,100.3051724137931,4,No,0
CUST-03789,0,High-Value Long-Term Power Users,54,109.75,6110.2,113.15185185185184,7,Yes,1
CUST-03790,1,New Low-Spend Basic Customers,9,19.85,178.8,19.866666666666667,1,No,0
CUST-03791,1,New Low-Spend Basic Customers,2,19.3,28.3,14.15,1,Yes,1
CUST-03792,2,High-Spend At-Risk Onboarders,6,69.1,435.0,72.5,1,No,0
CUST-03793,2,High-Spend At-Risk Onboarders,26,91.25,2351.8,90.45384615384616,3,Yes,1
CUST-03794,1,New Low-Spend Basic Customers,9,20.25,186.15,20.683333333333334,1,No,0
CUST-03795,2,High-Spend At-Risk Onboarders,8,54.75,445.85,55.73125,3,No,0
CUST-03796,2,High-Spend At-Risk Onboarders,12,81.45,912.0,76.0,2,No,0
CUST-03797,1,New Low-Spend Basic Customers,15,49.1,679.55,45.30333333333333,2,Yes,1
CUST-03798,0,High-Value Long-Term Power Users,43,80.2,3581.6,83.29302325581395,6,No,0
CUST-03799,0,High-Value Long-Term Power Users,42,100.3,4222.95,100.54642857142856,5,No,0
CUST-03800,2,High-Spend At-Risk Onboarders,31,65.25,1994.3,64.33225806451613,5,Yes,1
CUST-03801,0,High-Value Long-Term Power Users,66,90.95,5930.05,89.84924242424243,5,No,0
CUST-03802,2,High-Spend At-Risk Onboarders,18,85.45,1505.85,83.65833333333333,4,Yes,1
CUST-03803,1,New Low-Spend Basic Customers,1,20.0,20.0,20.0,1,No,0
CUST-03804,0,High-Value Long-Term Power Users,61,94.1,5638.3,92.43114754098362,5,Yes,1
CUST-03805,2,High-Spend At-Risk Onboarders,10,79.85,797.25,79.725,3,No,0
CUST-03806,2,High-Spend At-Risk Onboarders,1,71.65,71.65,71.65,1,Yes,1
CUST-03807,2,High-Spend At-Risk Onboarders,18,73.55,1359.45,75.525,2,No,0
CUST-03808,2,High-Spend At-Risk Onboarders,24,104.65,2542.45,105.93541666666665,6,Yes,1
CUST-03809,1,New Low-Spend Basic Customers,3,19.3,54.7,18.233333333333334,1,No,0
CUST-03810,3,Loyal Low-Spend Long-Termers,50,20.15,989.05,19.781,1,No,0
CUST-03811,1,New Low-Spend Basic Customers,1,44.55,44.55,44.55,1,No,0
CUST-03812,1,New Low-Spend Basic Customers,2,54.45,87.3,43.65,3,No,0
CUST-03813,1,New Low-Spend Basic Customers,17,19.65,351.55,20.679411764705883,1,No,0
CUST-03814,0,High-Value Long-Term Power Users,69,105.0,7297.75,105.76449275362319,6,No,0
CUST-03815,0,High-Value Long-Term Power Users,72,88.7,6301.7,87.52361111111111,8,No,0
CUST-03816,2,High-Spend At-Risk Onboarders,3,74.25,210.3,70.10000000000001,2,Yes,1
CUST-03817,0,High-Value Long-Term Power Users,50,75.15,3822.45,76.449,6,No,0
CUST-03818,3,Loyal Low-Spend Long-Termers,53,20.25,1048.45,19.782075471698114,1,No,0
CUST-03819,0,High-Value Long-Term Power Users,58,109.1,6393.65,110.2353448275862,7,No,0
CUST-03820,3,Loyal Low-Spend Long-Termers,46,30.75,1489.3,32.37608695652174,1,No,0
CUST-03821,0,High-Value Long-Term Power Users,72,112.9,8061.5,111.96527777777777,8,No,0
CUST-03822,2,High-Spend At-Risk Onboarders,1,74.2,74.2,74.2,2,Yes,1
CUST-03823,2,High-Spend At-Risk Onboarders,6,94.05,518.75,86.45833333333333,5,No,0
CUST-03824,0,High-Value Long-Term Power Users,72,78.85,5763.15,80.04374999999999,7,No,0
CUST-03825,2,High-Spend At-Risk Onboarders,4,55.3,238.5,59.625,2,No,0
CUST-03826,3,Loyal Low-Spend Long-Termers,52,19.35,1031.7,19.840384615384615,1,No,0
CUST-03827,1,New Low-Spend Basic Customers,0,25.35,0.0,25.35,2,No,0
CUST-03828,1,New Low-Spend Basic Customers,2,20.45,34.8,17.4,1,No,0
CUST-03829,3,Loyal Low-Spend Long-Termers,65,19.35,1319.95,20.306923076923077,1,No,0
CUST-03830,0,High-Value Long-Term Power Users,43,101.0,4388.4,102.05581395348837,5,Yes,1
CUST-03831,2,High-Spend At-Risk Onboarders,4,100.2,420.2,105.05,5,Yes,1
CUST-03832,2,High-Spend At-Risk Onboarders,25,89.05,2177.45,87.098,4,Yes,1
CUST-03833,0,High-Value Long-Term Power Users,51,78.65,3950.85,77.46764705882353,6,No,0
CUST-03834,2,High-Spend At-Risk Onboarders,12,74.75,827.05,68.92083333333333,5,No,0
CUST-03835,0,High-Value Long-Term Power Users,57,70.1,3913.3,68.65438596491228,4,Yes,1
CUST-03836,1,New Low-Spend Basic Customers,24,19.9,533.5,22.229166666666668,1,No,0
CUST-03837,3,Loyal Low-Spend Long-Termers,64,58.35,3756.45,58.69453125,4,No,0
CUST-03838,2,High-Spend At-Risk Onboarders,4,105.65,443.9,110.975,6,Yes,1
CUST-03839,2,High-Spend At-Risk Onboarders,26,100.5,2599.95,99.99807692307692,5,No,0
CUST-03840,1,New Low-Spend Basic Customers,15,20.05,284.3,18.953333333333333,1,No,0
CUST-03841,3,Loyal Low-Spend Long-Termers,64,25.65,1740.8,27.2,2,No,0
CUST-03842,0,High-Value Long-Term Power Users,36,96.5,3436.1,95.44722222222222,5,Yes,1
CUST-03843,2,High-Spend At-Risk Onboarders,27,95.0,2462.55,91.20555555555556,4,No,0
CUST-03844,2,High-Spend At-Risk Onboarders,1,70.85,70.85,70.85,1,Yes,1
CUST-03845,0,High-Value Long-Term Power Users,35,85.95,3110.1,88.86,7,Yes,1
CUST-03846,2,High-Spend At-Risk Onboarders,4,73.9,280.85,70.2125,2,Yes,1
CUST-03847,1,New Low-Spend Basic Customers,8,45.45,411.75,51.46875,1,No,0
CUST-03848,1,New Low-Spend Basic Customers,10,20.0,198.6,19.86,1,No,0
CUST-03849,1,New Low-Spend Basic Customers,2,49.2,103.7,51.85,2,No,0
CUST-03850,0,High-Value Long-Term Power Users,58,109.45,6144.55,105.94051724137931,7,Yes,1
CUST-03851,0,High-Value Long-Term Power Users,51,83.25,4089.45,80.18529411764706,7,No,0
CUST-03852,3,Loyal Low-Spend Long-Termers,46,19.25,864.2,18.786956521739132,1,No,0
CUST-03853,1,New Low-Spend Basic Customers,1,19.65,19.65,19.65,1,No,0
CUST-03854,2,High-Spend At-Risk Onboarders,46,72.8,3249.4,70.63913043478261,2,No,0
CUST-03855,0,High-Value Long-Term Power Users,50,109.65,5405.8,108.116,7,No,0
CUST-03856,0,High-Value Long-Term Power Users,53,65.0,3363.8,63.46792452830189,4,No,0
CUST-03857,0,High-Value Long-Term Power Users,61,114.1,7132.15,116.92049180327868,7,No,0
CUST-03858,1,New Low-Spend Basic Customers,5,20.65,93.55,18.71,1,No,0
CUST-03859,0,High-Value Long-Term Power Users,47,86.95,4138.9,88.06170212765957,7,No,0
CUST-03860,0,High-Value Long-Term Power Users,54,94.75,5121.75,94.84722222222223,5,No,0
CUST-03861,1,New Low-Spend Basic Customers,19,25.35,566.1,29.794736842105266,0,No,0
CUST-03862,0,High-Value Long-Term Power Users,26,105.45,2715.3,104.4346153846154,6,No,0
CUST-03863,3,Loyal Low-Spend Long-Termers,70,25.4,1782.05,25.457857142857144,2,No,0
CUST-03864,2,High-Spend At-Risk Onboarders,17,102.55,1742.5,102.5,6,No,0
CUST-03865,2,High-Spend At-Risk Onboarders,30,100.2,2983.8,99.46000000000001,5,Yes,1
CUST-03866,1,New Low-Spend Basic Customers,1,24.0,24.0,24.0,2,No,0
CUST-03867,1,New Low-Spend Basic Customers,19,25.6,485.9,25.573684210526313,2,No,0
CUST-03868,2,High-Spend At-Risk Onboarders,26,73.5,1905.7,73.29615384615384,5,No,0
CUST-03869,2,High-Spend At-Risk Onboarders,21,74.05,1565.7,74.55714285714286,2,Yes,1
CUST-03870,0,High-Value Long-Term Power Users,50,98.25,4858.7,97.17399999999999,5,No,0
CUST-03871,3,Loyal Low-Spend Long-Termers,68,54.4,3723.65,54.75955882352941,4,No,0
CUST-03872,2,High-Spend At-Risk Onboarders,3,101.55,298.35,99.45,5,Yes,1
CUST-03873,2,High-Spend At-Risk Onboarders,9,103.1,970.45,107.82777777777778,5,No,0
CUST-03874,3,Loyal Low-Spend Long-Termers,51,34.2,1782.0,34.94117647058823,2,No,0
CUST-03875,1,New Low-Spend Basic Customers,9,43.75,405.7,45.077777777777776,1,No,0
CUST-03876,0,High-Value Long-Term Power Users,41,111.95,4534.9,110.60731707317072,7,Yes,1
CUST-03877,2,High-Spend At-Risk Onboarders,22,100.65,2415.95,109.81590909090909,5,No,0
CUST-03878,2,High-Spend At-Risk Onboarders,21,55.95,1157.05,55.09761904761905,4,Yes,1
CUST-03879,0,High-Value Long-Term Power Users,71,116.05,8297.5,116.86619718309859,8,No,0
CUST-03880,1,New Low-Spend Basic Customers,1,45.75,45.75,45.75,1,Yes,1
CUST-03881,2,High-Spend At-Risk Onboarders,26,82.0,2083.1,80.11923076923077,6,No,0
CUST-03882,0,High-Value Long-Term Power Users,71,65.15,4681.75,65.94014084507042,5,No,0
CUST-03883,1,New Low-Spend Basic Customers,4,44.8,176.2,44.05,1,No,0
CUST-03884,2,High-Spend At-Risk Onboarders,12,79.8,1001.2,83.43333333333334,3,No,0
CUST-03885,2,High-Spend At-Risk Onboarders,18,88.85,1594.75,88.59722222222223,4,No,0
CUST-03886,2,High-Spend At-Risk Onboarders,3,74.95,212.4,70.8,2,No,0
CUST-03887,0,High-Value Long-Term Power Users,72,106.85,7677.4,106.63055555555555,6,No,0
CUST-03888,2,High-Spend At-Risk Onboarders,11,74.95,815.5,74.13636363636364,2,Yes,1
CUST-03889,2,High-Spend At-Risk Onboarders,1,80.15,80.15,80.15,2,Yes,1
CUST-03890,1,New Low-Spend Basic Customers,13,19.3,259.65,19.97307692307692,1,No,0
CUST-03891,0,High-Value Long-Term Power Users,72,109.25,8109.8,112.63611111111112,7,Yes,1
CUST-03892,3,Loyal Low-Spend Long-Termers,42,56.1,2386.85,56.8297619047619,3,No,0
CUST-03893,1,New Low-Spend Basic Customers,17,19.7,340.35,20.02058823529412,1,No,0
CUST-03894,1,New Low-Spend Basic Customers,7,51.3,419.35,59.90714285714286,2,No,0
CUST-03895,0,High-Value Long-Term Power Users,68,118.6,7990.05,117.50073529411765,8,No,0
CUST-03896,3,Loyal Low-Spend Long-Termers,56,24.15,1402.25,25.040178571428573,2,No,0
CUST-03897,3,Loyal Low-Spend Long-Termers,38,20.3,749.35,19.719736842105263,1,No,0
CUST-03898,0,High-Value Long-Term Power Users,72,115.5,8425.15,117.01597222222222,8,No,0
CUST-03899,3,Loyal Low-Spend Long-Termers,48,25.05,1171.5,24.40625,2,No,0
CUST-03900,0,High-Value Long-Term Power Users,52,109.1,5647.95,108.61442307692307,7,No,0
CUST-03901,1,New Low-Spend Basic Customers,35,19.65,708.8,20.25142857142857,1,No,0
CUST-03902,0,High-Value Long-Term Power Users,67,111.3,7567.2,112.94328358208955,7,No,0
CUST-03903,1,New Low-Spend Basic Customers,1,29.9,29.9,29.9,1,No,0
CUST-03904,0,High-Value Long-Term Power Users,53,80.6,4348.1,82.03962264150944,3,No,0
CUST-03905,1,New Low-Spend Basic Customers,34,20.8,635.9,18.70294117647059,1,No,0
CUST-03906,1,New Low-Spend Basic Customers,3,35.2,108.95,36.31666666666667,1,Yes,1
CUST-03907,2,High-Spend At-Risk Onboarders,1,78.8,78.8,78.8,2,Yes,1
CUST-03908,2,High-Spend At-Risk Onboarders,19,89.95,1682.4,88.54736842105264,4,No,0
CUST-03909,0,High-Value Long-Term Power Users,60,116.05,6925.9,115.43166666666666,8,No,0
CUST-03910,1,New Low-Spend Basic Customers,11,19.55,223.15,20.286363636363635,1,No,0
CUST-03911,0,High-Value Long-Term Power Users,47,106.4,5127.95,109.10531914893616,6,Yes,1
CUST-03912,1,New Low-Spend Basic Customers,18,49.4,874.8,48.599999999999994,2,Yes,1
CUST-03913,0,High-Value Long-Term Power Users,60,115.25,6758.45,112.64083333333333,8,No,0
CUST-03914,3,Loyal Low-Spend Long-Termers,72,24.8,1874.3,26.031944444444445,2,No,0
CUST-03915,3,Loyal Low-Spend Long-Termers,39,19.9,791.15,20.285897435897436,1,No,0
CUST-03916,0,High-Value Long-Term Power Users,59,81.25,4639.45,78.63474576271186,3,No,0
CUST-03917,2,High-Spend At-Risk Onboarders,2,69.95,143.9,71.95,1,No,0
CUST-03918,2,High-Spend At-Risk Onboarders,1,69.1,69.1,69.1,1,Yes,1
CUST-03919,2,High-Spend At-Risk Onboarders,20,90.2,1776.55,88.8275,3,Yes,1
CUST-03920,2,High-Spend At-Risk Onboarders,6,93.55,536.4,89.39999999999999,4,Yes,1
CUST-03921,0,High-Value Long-Term Power Users,71,86.4,6172.0,86.92957746478874,4,No,0
CUST-03922,2,High-Spend At-Risk Onboarders,24,66.3,1559.45,64.97708333333334,5,No,0
CUST-03923,0,High-Value Long-Term Power Users,67,94.65,6079.0,90.73134328358209,4,No,0
CUST-03924,2,High-Spend At-Risk Onboarders,1,80.85,80.85,80.85,2,Yes,1
CUST-03925,0,High-Value Long-Term Power Users,48,82.05,4029.95,83.95729166666666,3,Yes,1
CUST-03926,2,High-Spend At-Risk Onboarders,37,72.1,2658.4,71.84864864864865,5,No,0
CUST-03927,1,New Low-Spend Basic Customers,11,34.7,383.55,34.86818181818182,2,No,0
CUST-03928,1,New Low-Spend Basic Customers,3,20.55,51.15,17.05,1,Yes,1
CUST-03929,2,High-Spend At-Risk Onboarders,18,95.95,1745.5,96.97222222222223,4,No,0
CUST-03930,3,Loyal Low-Spend Long-Termers,50,44.8,2230.85,44.617,1,No,0
CUST-03931,0,High-Value Long-Term Power Users,67,109.4,7281.6,108.68059701492538,7,No,0
CUST-03932,2,High-Spend At-Risk Onboarders,25,71.05,1837.7,73.508,5,No,0
CUST-03933,2,High-Spend At-Risk Onboarders,2,78.55,149.55,74.775,3,Yes,1
CUST-03934,1,New Low-Spend Basic Customers,9,19.7,180.7,20.077777777777776,1,No,0
CUST-03935,1,New Low-Spend Basic Customers,10,40.25,411.45,41.144999999999996,3,No,0
CUST-03936,3,Loyal Low-Spend Long-Termers,70,19.85,1328.35,18.97642857142857,1,No,0
CUST-03937,2,High-Spend At-Risk Onboarders,9,68.25,576.95,64.10555555555555,5,No,0
CUST-03938,1,New Low-Spend Basic Customers,4,20.15,68.45,17.1125,1,No,0
CUST-03939,1,New Low-Spend Basic Customers,2,50.95,123.05,61.525,2,No,0
CUST-03940,2,High-Spend At-Risk Onboarders,1,78.65,78.65,78.65,2,Yes,1
CUST-03941,1,New Low-Spend Basic Customers,19,25.15,468.35,24.650000000000002,0,No,0
CUST-03942,1,New Low-Spend Basic Customers,7,20.25,174.7,24.957142857142856,1,No,0
CUST-03943,1,New Low-Spend Basic Customers,1,42.9,42.9,42.9,1,Yes,1
CUST-03944,1,New Low-Spend Basic Customers,1,44.0,44.0,44.0,1,No,0
CUST-03945,1,New Low-Spend Basic Customers,9,20.25,172.35,19.15,1,No,0
CUST-03946,1,New Low-Spend Basic Customers,3,34.25,139.35,46.449999999999996,2,Yes,1
CUST-03947,2,High-Spend At-Risk Onboarders,9,58.5,539.85,59.983333333333334,5,Yes,1
CUST-03948,2,High-Spend At-Risk Onboarders,5,55.8,300.4,60.08,3,No,0
CUST-03949,0,High-Value Long-Term Power Users,56,88.9,4968.0,88.71428571428571,3,No,0
CUST-03950,2,High-Spend At-Risk Onboarders,18,57.65,992.7,55.150000000000006,3,No,0
CUST-03951,0,High-Value Long-Term Power Users,49,96.2,4718.25,96.29081632653062,4,Yes,1
CUST-03952,0,High-Value Long-Term Power Users,70,79.15,5536.5,79.09285714285714,7,No,0
CUST-03953,0,High-Value Long-Term Power Users,72,108.05,7806.6,108.42500000000001,7,No,0
CUST-03954,2,High-Spend At-Risk Onboarders,6,74.4,434.1,72.35000000000001,2,Yes,1
CUST-03955,2,High-Spend At-Risk Onboarders,17,94.8,1563.9,91.99411764705883,4,No,0
CUST-03956,1,New Low-Spend Basic Customers,29,45.9,1332.4,45.9448275862069,2,No,0
CUST-03957,2,High-Spend At-Risk Onboarders,6,105.3,545.2,90.86666666666667,6,Yes,1
CUST-03958,0,High-Value Long-Term Power Users,63,102.6,6296.75,99.9484126984127,5,No,0
CUST-03959,2,High-Spend At-Risk Onboarders,16,73.85,1284.2,80.2625,2,Yes,1
CUST-03960,3,Loyal Low-Spend Long-Termers,59,61.35,3645.5,61.78813559322034,3,No,0
CUST-03961,2,High-Spend At-Risk Onboarders,3,57.55,161.45,53.81666666666666,3,No,0
CUST-03962,1,New Low-Spend Basic Customers,8,29.25,226.95,28.36875,1,No,0
CUST-03963,2,High-Spend At-Risk Onboarders,7,84.55,646.85,92.40714285714286,3,Yes,1
CUST-03964,3,Loyal Low-Spend Long-Termers,68,19.6,1441.65,21.20073529411765,1,No,0
CUST-03965,0,High-Value Long-Term Power Users,68,111.75,7511.3,110.46029411764707,7,No,0
CUST-03966,0,High-Value Long-Term Power Users,52,106.5,5621.85,108.11250000000001,6,No,0
CUST-03967,0,High-Value Long-Term Power Users,72,107.7,7919.8,109.99722222222222,7,No,0
CUST-03968,1,New Low-Spend Basic Customers,32,19.3,593.2,18.5375,1,No,0
CUST-03969,3,Loyal Low-Spend Long-Termers,72,20.05,1423.65,19.772916666666667,1,No,0
CUST-03970,2,High-Spend At-Risk Onboarders,1,69.95,69.95,69.95,1,No,0
CUST-03971,2,High-Spend At-Risk Onboarders,42,63.7,2763.35,65.79404761904762,4,No,0
CUST-03972,1,New Low-Spend Basic Customers,25,24.75,692.1,27.684,2,Yes,1
CUST-03973,3,Loyal Low-Spend Long-Termers,45,50.9,2298.55,51.07888888888889,2,No,0
CUST-03974,2,High-Spend At-Risk Onboarders,43,60.4,2640.55,61.40813953488372,5,No,0
CUST-03975,0,High-Value Long-Term Power Users,37,79.25,2911.8,78.6972972972973,6,No,0
CUST-03976,2,High-Spend At-Risk Onboarders,20,85.8,1727.5,86.375,3,Yes,1
CUST-03977,1,New Low-Spend Basic Customers,4,24.45,86.6,21.65,0,Yes,1
CUST-03978,0,High-Value Long-Term Power Users,63,110.1,6705.7,106.43968253968254,7,No,0
CUST-03979,2,High-Spend At-Risk Onboarders,3,90.7,237.65,79.21666666666667,3,No,0
CUST-03980,3,Loyal Low-Spend Long-Termers,66,25.3,1672.35,25.33863636363636,2,No,0
CUST-03981,0,High-Value Long-Term Power Users,28,105.7,2979.5,106.41071428571429,6,Yes,1
CUST-03982,2,High-Spend At-Risk Onboarders,8,85.2,695.75,86.96875,3,No,0
CUST-03983,3,Loyal Low-Spend Long-Termers,71,24.35,1654.6,23.304225352112674,2,No,0
CUST-03984,1,New Low-Spend Basic Customers,1,24.25,24.25,24.25,0,Yes,1
CUST-03985,3,Loyal Low-Spend Long-Termers,72,25.1,1857.85,25.803472222222222,2,No,0
CUST-03986,2,High-Spend At-Risk Onboarders,16,54.55,825.1,51.56875,3,No,0
CUST-03987,0,High-Value Long-Term Power Users,66,96.6,6424.25,97.33712121212122,6,No,0
CUST-03988,2,High-Spend At-Risk Onboarders,11,76.5,837.95,76.17727272727274,2,Yes,1
CUST-03989,0,High-Value Long-Term Power Users,51,81.15,4126.2,80.90588235294118,7,No,0
CUST-03990,1,New Low-Spend Basic Customers,8,38.5,330.8,41.35,2,No,0
CUST-03991,2,High-Spend At-Risk Onboarders,14,92.9,1337.45,95.53214285714286,3,No,0
CUST-03992,2,High-Spend At-Risk Onboarders,4,93.5,362.2,90.55,5,Yes,1
CUST-03993,0,High-Value Long-Term Power Users,70,84.7,5991.05,85.58642857142857,7,No,0
CUST-03994,0,High-Value Long-Term Power Users,70,66.0,4891.5,69.87857142857143,5,No,0
CUST-03995,0,High-Value Long-Term Power Users,54,101.5,5373.1,99.50185185185185,5,Yes,1
CUST-03996,2,High-Spend At-Risk Onboarders,28,74.9,2068.55,73.87678571428572,2,Yes,1
CUST-03997,1,New Low-Spend Basic Customers,24,20.75,487.05,20.29375,1,No,0
CUST-03998,3,Loyal Low-Spend Long-Termers,69,61.45,4131.2,59.87246376811594,3,No,0
CUST-03999,3,Loyal Low-Spend Long-Termers,42,54.5,2301.15,54.78928571428572,3,No,0
CUST-04000,2,High-Spend At-Risk Onboarders,2,69.6,131.65,65.825,1,Yes,1
CUST-04001,0,High-Value Long-Term Power Users,39,99.75,4036.0,103.48717948717949,5,No,0
CUST-04002,0,High-Value Long-Term Power Users,45,109.75,4900.65,108.90333333333332,7,No,0
CUST-04003,0,High-Value Long-Term Power Users,72,80.85,5727.45,79.54791666666667,7,No,0
CUST-04004,3,Loyal Low-Spend Long-Termers,38,20.3,743.05,19.553947368421053,1,No,0
CUST-04005,0,High-Value Long-Term Power Users,72,67.8,4804.65,66.73124999999999,6,No,0
CUST-04006,1,New Low-Spend Basic Customers,1,24.05,24.05,24.05,2,Yes,1
CUST-04007,3,Loyal Low-Spend Long-Termers,72,19.8,1414.65,19.647916666666667,1,No,0
CUST-04008,3,Loyal Low-Spend Long-Termers,55,25.7,1443.65,26.24818181818182,2,No,0
CUST-04009,3,Loyal Low-Spend Long-Termers,51,56.15,2898.95,56.84215686274509,4,No,0
CUST-04010,0,High-Value Long-Term Power Users,63,86.7,5309.5,84.27777777777777,7,No,0
CUST-04011,1,New Low-Spend Basic Customers,1,20.4,20.4,20.4,1,No,0
CUST-04012,1,New Low-Spend Basic Customers,23,19.65,451.55,19.632608695652173,1,No,0
CUST-04013,1,New Low-Spend Basic Customers,1,50.55,50.55,50.55,2,Yes,1
CUST-04014,2,High-Spend At-Risk Onboarders,2,54.35,117.05,58.525,3,No,0
CUST-04015,0,High-Value Long-Term Power Users,52,108.1,5839.3,112.29423076923078,7,No,0
CUST-04016,3,Loyal Low-Spend Long-Termers,36,54.45,1893.5,52.59722222222222,3,No,0
CUST-04017,1,New Low-Spend Basic Customers,1,45.35,45.35,45.35,1,No,0
CUST-04018,2,High-Spend At-Risk Onboarders,28,59.0,1654.45,59.0875,4,No,0
CUST-04019,2,High-Spend At-Risk Onboarders,7,69.45,477.05,68.15,5,No,0
CUST-04020,2,High-Spend At-Risk Onboarders,14,100.55,1415.55,101.11071428571428,5,Yes,1
CUST-04021,0,High-Value Long-Term Power Users,72,64.95,4546.0,63.138888888888886,6,No,0
CUST-04022,1,New Low-Spend Basic Customers,1,20.5,20.5,20.5,1,Yes,1
CUST-04023,1,New Low-Spend Basic Customers,10,18.85,163.2,16.32,1,No,0
CUST-04024,3,Loyal Low-Spend Long-Termers,42,19.8,849.9,20.235714285714284,1,No,0
CUST-04025,1,New Low-Spend Basic Customers,7,25.05,189.95,27.135714285714283,0,No,0
CUST-04026,2,High-Spend At-Risk Onboarders,4,74.8,321.9,80.475,2,Yes,1
CUST-04027,0,High-Value Long-Term Power Users,72,114.3,8058.55,111.92430555555556,8,No,0
CUST-04028,1,New Low-Spend Basic Customers,20,24.45,482.8,24.14,0,Yes,1
CUST-04029,0,High-Value Long-Term Power Users,63,109.2,7049.75,111.90079365079364,7,No,0
CUST-04030,3,Loyal Low-Spend Long-Termers,56,45.05,2560.1,45.716071428571425,4,No,0
CUST-04031,1,New Low-Spend Basic Customers,5,51.0,286.8,57.36,2,No,0
CUST-04032,0,High-Value Long-Term Power Users,72,110.45,7982.5,110.86805555555556,7,No,0
CUST-04033,0,High-Value Long-Term Power Users,68,84.65,5683.6,83.58235294117648,4,No,0
CUST-04034,0,High-Value Long-Term Power Users,67,60.05,3994.05,59.61268656716418,4,No,0
CUST-04035,1,New Low-Spend Basic Customers,8,44.65,369.15,46.14375,1,No,0
CUST-04036,0,High-Value Long-Term Power Users,52,93.25,4631.7,89.07115384615385,5,No,0
CUST-04037,1,New Low-Spend Basic Customers,18,20.25,401.95,22.330555555555556,1,No,0
CUST-04038,3,Loyal Low-Spend Long-Termers,59,25.45,1534.05,26.000847457627117,2,No,0
CUST-04039,3,Loyal Low-Spend Long-Termers,60,20.6,1093.0,18.216666666666665,1,No,0
CUST-04040,2,High-Spend At-Risk Onboarders,7,94.1,701.3,100.18571428571428,4,No,0
CUST-04041,3,Loyal Low-Spend Long-Termers,59,34.8,1980.3,33.56440677966101,2,No,0
CUST-04042,2,High-Spend At-Risk Onboarders,46,60.75,2893.4,62.9,5,No,0
CUST-04043,1,New Low-Spend Basic Customers,5,51.35,262.3,52.46,2,No,0
CUST-04044,0,High-Value Long-Term Power Users,59,64.05,3886.85,65.87881355932203,5,No,0
CUST-04045,0,High-Value Long-Term Power Users,70,84.8,5917.55,84.53642857142857,7,No,0
CUST-04046,2,High-Spend At-Risk Onboarders,14,71.0,914.0,65.28571428571429,1,Yes,1
CUST-04047,3,Loyal Low-Spend Long-Termers,44,50.15,2139.1,48.61590909090909,2,No,0
CUST-04048,0,High-Value Long-Term Power Users,64,94.6,5948.7,92.9484375,5,No,0
CUST-04049,0,High-Value Long-Term Power Users,58,59.75,3624.35,62.48879310344827,5,No,0
CUST-04050,0,High-Value Long-Term Power Users,46,100.25,4753.85,103.3445652173913,5,No,0
CUST-04051,0,High-Value Long-Term Power Users,58,98.9,5780.7,99.66724137931034,5,No,0
CUST-04052,0,High-Value Long-Term Power Users,72,97.7,6869.7,95.4125,5,No,0
CUST-04053,1,New Low-Spend Basic Customers,30,40.3,1172.95,39.098333333333336,2,Yes,1
CUST-04054,2,High-Spend At-Risk Onboarders,11,60.25,662.95,60.26818181818182,4,No,0
CUST-04055,2,High-Spend At-Risk Onboarders,34,56.25,1765.95,51.93970588235294,4,No,0
CUST-04056,3,Loyal Low-Spend Long-Termers,54,46.2,2431.95,45.036111111111104,3,No,0
CUST-04057,1,New Low-Spend Basic Customers,3,50.6,155.35,51.78333333333333,3,Yes,1
CUST-04058,3,Loyal Low-Spend Long-Termers,72,24.9,1859.2,25.822222222222223,2,No,0
CUST-04059,2,High-Spend At-Risk Onboarders,40,84.85,3303.05,82.57625,4,Yes,1
CUST-04060,2,High-Spend At-Risk Onboarders,2,65.7,134.35,67.175,3,Yes,1
CUST-04061,0,High-Value Long-Term Power Users,54,63.35,3409.1,63.13148148148148,4,No,0
CUST-04062,1,New Low-Spend Basic Customers,14,50.1,709.5,50.67857142857143,2,No,0
CUST-04063,2,High-Spend At-Risk Onboarders,1,70.5,70.5,70.5,1,Yes,1
CUST-04064,2,High-Spend At-Risk Onboarders,10,94.85,953.45,95.345,5,Yes,1
CUST-04065,1,New Low-Spend Basic Customers,1,50.15,50.15,50.15,2,No,0
CUST-04066,1,New Low-Spend Basic Customers,1,19.75,19.75,19.75,1,Yes,1
CUST-04067,0,High-Value Long-Term Power Users,56,64.65,3665.55,65.45625,5,No,0
CUST-04068,0,High-Value Long-Term Power Users,68,79.6,5515.8,81.11470588235295,6,No,0
CUST-04069,1,New Low-Spend Basic Customers,14,19.5,272.0,19.428571428571427,1,No,0
CUST-04070,0,High-Value Long-Term Power Users,68,99.55,6668.0,98.05882352941177,5,No,0
CUST-04071,0,High-Value Long-Term Power Users,55,74.0,4052.4,73.68,2,No,0
CUST-04072,1,New Low-Spend Basic Customers,16,38.9,664.4,41.525,2,No,0
CUST-04073,2,High-Spend At-Risk Onboarders,9,79.55,718.55,79.83888888888889,2,No,0
CUST-04074,2,High-Spend At-Risk Onboarders,14,65.45,937.6,66.97142857142858,4,Yes,1
CUST-04075,0,High-Value Long-Term Power Users,58,98.7,5812.6,100.21724137931035,5,Yes,1
CUST-04076,3,Loyal Low-Spend Long-Termers,53,46.3,2546.85,48.053773584905656,3,No,0
CUST-04077,0,High-Value Long-Term Power Users,70,99.35,6944.5,99.20714285714286,6,No,0
CUST-04078,2,High-Spend At-Risk Onboarders,14,95.8,1346.3,96.16428571428571,4,No,0
CUST-04079,2,High-Spend At-Risk Onboarders,22,67.5,1544.05,70.18409090909091,5,Yes,1
CUST-04080,2,High-Spend At-Risk Onboarders,10,78.15,765.15,76.515,3,No,0
CUST-04081,1,New Low-Spend Basic Customers,29,26.1,692.55,23.88103448275862,2,No,0
CUST-04082,2,High-Spend At-Risk Onboarders,1,69.6,69.6,69.6,1,Yes,1
CUST-04083,0,High-Value Long-Term Power Users,49,84.35,4059.35,82.84387755102041,7,Yes,1
CUST-04084,0,High-Value Long-Term Power Users,68,100.2,6851.65,100.7595588235294,5,Yes,1
CUST-04085,2,High-Spend At-Risk Onboarders,1,78.05,78.05,78.05,2,Yes,1
CUST-04086,1,New Low-Spend Basic Customers,30,40.35,1187.05,39.568333333333335,2,No,0
CUST-04087,0,High-Value Long-Term Power Users,72,79.2,5401.9,75.02638888888889,7,No,0
CUST-04088,1,New Low-Spend Basic Customers,10,20.9,247.0,24.7,1,No,0
CUST-04089,2,High-Spend At-Risk Onboarders,7,73.6,520.0,74.28571428571429,2,Yes,1
CUST-04090,2,High-Spend At-Risk Onboarders,9,74.75,706.6,78.51111111111112,2,Yes,1
CUST-04091,1,New Low-Spend Basic Customers,1,49.9,49.9,49.9,2,No,0
CUST-04092,2,High-Spend At-Risk Onboarders,20,68.9,1370.35,68.5175,5,No,0
CUST-04093,1,New Low-Spend Basic Customers,1,20.25,20.25,20.25,1,No,0
CUST-04094,2,High-Spend At-Risk Onboarders,29,76.0,2215.25,76.38793103448276,2,No,0
CUST-04095,2,High-Spend At-Risk Onboarders,1,74.0,74.0,74.0,2,No,0
CUST-04096,2,High-Spend At-Risk Onboarders,3,82.3,214.4,71.46666666666667,3,No,0
CUST-04097,2,High-Spend At-Risk Onboarders,20,89.4,1871.15,93.5575,4,No,0
CUST-04098,0,High-Value Long-Term Power Users,64,99.15,6171.2,96.425,5,No,0
CUST-04099,1,New Low-Spend Basic Customers,1,20.2,20.2,20.2,1,Yes,1
CUST-04100,1,New Low-Spend Basic Customers,6,29.45,161.45,26.90833333333333,1,No,0
CUST-04101,3,Loyal Low-Spend Long-Termers,50,19.8,1013.2,20.264,1,No,0
CUST-04102,2,High-Spend At-Risk Onboarders,6,59.15,336.7,56.11666666666667,3,No,0
CUST-04103,1,New Low-Spend Basic Customers,7,44.75,333.65,47.66428571428571,1,No,0
CUST-04104,0,High-Value Long-Term Power Users,72,90.8,6511.8,90.44166666666666,4,No,0
CUST-04105,1,New Low-Spend Basic Customers,8,49.55,393.45,49.18125,2,No,0
CUST-04106,0,High-Value Long-Term Power Users,67,106.7,7009.5,104.61940298507463,6,No,0
CUST-04107,2,High-Spend At-Risk Onboarders,24,93.55,2264.05,94.33541666666667,4,Yes,1
CUST-04108,0,High-Value Long-Term Power Users,72,94.45,6921.7,96.13472222222222,5,No,0
CUST-04109,1,New Low-Spend Basic Customers,33,19.45,600.25,18.189393939393938,1,No,0
CUST-04110,1,New Low-Spend Basic Customers,2,25.05,56.35,28.175,0,Yes,1
CUST-04111,0,High-Value Long-Term Power Users,70,67.95,4664.15,66.63071428571428,5,No,0
CUST-04112,2,High-Spend At-Risk Onboarders,22,65.25,1441.8,65.53636363636363,4,No,0
CUST-04113,0,High-Value Long-Term Power Users,59,99.45,5623.7,95.31694915254236,6,No,0
CUST-04114,1,New Low-Spend Basic Customers,36,20.35,695.85,19.329166666666666,1,No,0
CUST-04115,3,Loyal Low-Spend Long-Termers,51,19.95,1028.75,20.17156862745098,1,No,0
CUST-04116,0,High-Value Long-Term Power Users,53,77.4,4155.95,78.41415094339622,6,No,0
CUST-04117,1,New Low-Spend Basic Customers,20,19.7,395.6,19.78,1,No,0
CUST-04118,0,High-Value Long-Term Power Users,63,99.7,6330.4,100.48253968253968,5,No,0
CUST-04119,2,High-Spend At-Risk Onboarders,40,74.8,2971.7,74.29249999999999,2,No,0
CUST-04120,1,New Low-Spend Basic Customers,35,19.15,638.0,18.228571428571428,1,No,0
CUST-04121,2,High-Spend At-Risk Onboarders,26,78.95,2034.25,78.24038461538461,2,No,0
CUST-04122,2,High-Spend At-Risk Onboarders,27,95.55,2510.2,92.97037037037036,5,Yes,1
CUST-04123,0,High-Value Long-Term Power Users,53,62.85,3419.5,64.51886792452831,4,No,0
CUST-04124,2,High-Spend At-Risk Onboarders,34,71.55,2427.35,71.39264705882353,1,No,0
CUST-04125,2,High-Spend At-Risk Onboarders,19,94.95,1760.25,92.64473684210526,4,No,0
CUST-04126,0,High-Value Long-Term Power Users,43,86.1,3551.65,82.59651162790698,4,No,0
CUST-04127,1,New Low-Spend Basic Customers,6,19.55,122.9,20.483333333333334,1,No,0
CUST-04128,3,Loyal Low-Spend Long-Termers,56,24.8,1424.2,25.432142857142857,2,No,0
CUST-04129,3,Loyal Low-Spend Long-Termers,57,39.3,2111.45,37.04298245614035,2,Yes,1
CUST-04130,2,High-Spend At-Risk Onboarders,34,84.05,2909.95,85.58676470588235,3,No,0
CUST-04131,1,New Low-Spend Basic Customers,10,36.25,374.0,37.4,2,No,0
CUST-04132,1,New Low-Spend Basic Customers,1,20.25,20.25,20.25,1,Yes,1
CUST-04133,1,New Low-Spend Basic Customers,13,23.9,300.8,23.138461538461538,0,Yes,1
CUST-04134,0,High-Value Long-Term Power Users,56,98.6,5581.05,99.66160714285715,5,No,0
CUST-04135,0,High-Value Long-Term Power Users,55,103.65,5676.65,103.21181818181817,6,No,0
CUST-04136,0,High-Value Long-Term Power Users,36,92.9,3379.25,93.86805555555556,8,No,0
CUST-04137,3,Loyal Low-Spend Long-Termers,47,19.9,942.95,20.06276595744681,1,No,0
CUST-04138,1,New Low-Spend Basic Customers,12,20.1,232.4,19.366666666666667,1,No,0
CUST-04139,2,High-Spend At-Risk Onboarders,1,85.45,85.45,85.45,3,Yes,1
CUST-04140,2,High-Spend At-Risk Onboarders,24,80.5,2088.45,87.01875,3,No,0
CUST-04141,0,High-Value Long-Term Power Users,63,99.9,6137.0,97.41269841269842,5,Yes,1
CUST-04142,3,Loyal Low-Spend Long-Termers,35,39.85,1434.6,40.988571428571426,2,No,0
CUST-04143,3,Loyal Low-Spend Long-Termers,67,60.5,3870.0,57.76119402985075,4,No,0
CUST-04144,2,High-Spend At-Risk Onboarders,25,84.8,2043.45,81.738,3,Yes,1
CUST-04145,2,High-Spend At-Risk Onboarders,21,103.85,2215.0,105.47619047619048,6,No,0
CUST-04146,2,High-Spend At-Risk Onboarders,13,67.8,842.25,64.78846153846153,5,No,0
CUST-04147,2,High-Spend At-Risk Onboarders,35,75.2,2576.2,73.60571428571428,2,Yes,1
CUST-04148,3,Loyal Low-Spend Long-Termers,71,24.85,1901.0,26.774647887323944,2,No,0
CUST-04149,1,New Low-Spend Basic Customers,29,19.35,601.6,20.7448275862069,1,No,0
CUST-04150,3,Loyal Low-Spend Long-Termers,71,49.35,3515.25,49.51056338028169,3,Yes,1
CUST-04151,2,High-Spend At-Risk Onboarders,7,89.0,605.45,86.49285714285715,3,No,0
CUST-04152,3,Loyal Low-Spend Long-Termers,57,55.0,3094.05,54.28157894736842,4,No,0
CUST-04153,0,High-Value Long-Term Power Users,65,76.15,4929.55,75.83923076923077,6,No,0
CUST-04154,1,New Low-Spend Basic Customers,27,20.3,595.05,22.038888888888888,1,No,0
CUST-04155,2,High-Spend At-Risk Onboarders,6,74.9,469.8,78.3,2,Yes,1
CUST-04156,0,High-Value Long-Term Power Users,72,117.35,8436.25,117.17013888888889,8,No,0
CUST-04157,1,New Low-Spend Basic Customers,1,19.75,19.75,19.75,1,No,0
CUST-04158,1,New Low-Spend Basic Customers,11,45.2,492.0,44.72727272727273,1,No,0
CUST-04159,3,Loyal Low-Spend Long-Termers,39,25.2,987.95,25.33205128205128,2,No,0
CUST-04160,0,High-Value Long-Term Power Users,59,89.75,5496.9,93.16779661016949,5,No,0
CUST-04161,2,High-Spend At-Risk Onboarders,26,75.0,1908.35,73.39807692307691,5,No,0
CUST-04162,1,New Low-Spend Basic Customers,2,49.95,107.1,53.55,2,No,0
CUST-04163,0,High-Value Long-Term Power Users,72,65.7,4575.35,63.54652777777778,6,No,0
CUST-04164,0,High-Value Long-Term Power Users,65,67.05,4309.55,66.30076923076923,5,No,0
CUST-04165,0,High-Value Long-Term Power Users,72,110.9,7922.75,110.03819444444444,7,No,0
CUST-04166,2,High-Spend At-Risk Onboarders,6,87.95,522.35,87.05833333333334,4,No,0
CUST-04167,1,New Low-Spend Basic Customers,32,19.8,587.7,18.365625,1,No,0
CUST-04168,0,High-Value Long-Term Power Users,50,75.7,3876.2,77.524,5,No,0
CUST-04169,0,High-Value Long-Term Power Users,61,62.15,3778.85,61.9483606557377,5,No,0
CUST-04170,2,High-Spend At-Risk Onboarders,15,101.25,1457.25,97.15,5,Yes,1
CUST-04171,0,High-Value Long-Term Power Users,72,115.15,8349.45,115.96458333333334,8,No,0
CUST-04172,1,New Low-Spend Basic Customers,9,18.95,185.6,20.62222222222222,1,Yes,1
CUST-04173,1,New Low-Spend Basic Customers,1,19.5,19.5,19.5,1,No,0
CUST-04174,2,High-Spend At-Risk Onboarders,12,86.55,1066.9,88.90833333333335,3,No,0
CUST-04175,3,Loyal Low-Spend Long-Termers,37,28.6,973.55,26.31216216216216,1,Yes,1
CUST-04176,3,Loyal Low-Spend Long-Termers,61,20.4,1226.45,20.105737704918035,1,No,0
CUST-04177,1,New Low-Spend Basic Customers,18,19.8,342.3,19.016666666666666,1,No,0
CUST-04178,1,New Low-Spend Basic Customers,21,45.65,985.05,46.90714285714286,1,No,0
CUST-04179,0,High-Value Long-Term Power Users,68,56.4,3948.45,58.065441176470586,5,No,0
CUST-04180,2,High-Spend At-Risk Onboarders,12,73.3,828.05,69.00416666666666,2,No,0
CUST-04181,1,New Low-Spend Basic Customers,2,24.35,41.85,20.925,0,Yes,1
CUST-04182,0,High-Value Long-Term Power Users,62,101.35,6164.7,99.43064516129031,5,No,0
CUST-04183,2,High-Spend At-Risk Onboarders,29,98.65,2862.75,98.71551724137932,5,Yes,1
CUST-04184,1,New Low-Spend Basic Customers,1,33.6,33.6,33.6,2,No,0
CUST-04185,2,High-Spend At-Risk Onboarders,5,79.9,343.95,68.78999999999999,3,Yes,1
CUST-04186,1,New Low-Spend Basic Customers,1,20.7,20.7,20.7,1,No,0
CUST-04187,0,High-Value Long-Term Power Users,62,104.05,6590.5,106.29838709677419,6,No,0
CUST-04188,1,New Low-Spend Basic Customers,36,20.25,717.95,19.943055555555556,1,No,0
CUST-04189,0,High-Value Long-Term Power Users,28,103.3,2890.65,103.2375,6,Yes,1
CUST-04190,0,High-Value Long-Term Power Users,69,73.7,4885.85,70.80942028985508,6,No,0
CUST-04191,2,High-Spend At-Risk Onboarders,11,96.2,1222.05,111.09545454545454,5,Yes,1
CUST-04192,0,High-Value Long-Term Power Users,63,108.75,6871.7,109.07460317460317,7,No,0
CUST-04193,1,New Low-Spend Basic Customers,23,20.15,405.6,17.63478260869565,1,No,0
CUST-04194,1,New Low-Spend Basic Customers,10,19.75,208.25,20.825,1,No,0
CUST-04195,3,Loyal Low-Spend Long-Termers,71,25.95,1801.9,25.378873239436622,2,No,0
CUST-04196,0,High-Value Long-Term Power Users,45,70.05,3062.45,68.05444444444444,5,No,0
CUST-04197,3,Loyal Low-Spend Long-Termers,70,24.05,1764.75,25.210714285714285,2,No,0
CUST-04198,2,High-Spend At-Risk Onboarders,22,84.75,1816.75,82.57954545454545,3,No,0
CUST-04199,3,Loyal Low-Spend Long-Termers,52,23.05,1255.1,24.13653846153846,2,No,0
CUST-04200,0,High-Value Long-Term Power Users,55,104.15,5743.05,104.41909090909091,6,Yes,1
CUST-04201,0,High-Value Long-Term Power Users,65,59.95,3921.1,60.324615384615385,5,No,0
CUST-04202,3,Loyal Low-Spend Long-Termers,72,19.55,1463.45,20.325694444444444,1,No,0
CUST-04203,1,New Low-Spend Basic Customers,10,19.6,189.45,18.945,1,No,0
CUST-04204,1,New Low-Spend Basic Customers,7,20.05,96.8,13.828571428571427,1,No,0
CUST-04205,2,High-Spend At-Risk Onboarders,5,85.55,408.5,81.7,3,No,0
CUST-04206,2,High-Spend At-Risk Onboarders,24,78.6,1846.65,76.94375000000001,6,No,0
CUST-04207,0,High-Value Long-Term Power Users,72,116.8,8456.75,117.45486111111111,8,No,0
CUST-04208,1,New Low-Spend Basic Customers,21,43.55,1011.5,48.166666666666664,3,No,0
CUST-04209,0,High-Value Long-Term Power Users,69,60.8,4263.4,61.78840579710145,5,No,0
CUST-04210,3,Loyal Low-Spend Long-Termers,44,54.9,2549.1,57.934090909090905,3,No,0
CUST-04211,0,High-Value Long-Term Power Users,61,65.2,3965.05,65.00081967213114,4,No,0
CUST-04212,2,High-Spend At-Risk Onboarders,24,102.95,2496.7,104.02916666666665,6,Yes,1
CUST-04213,2,High-Spend At-Risk Onboarders,1,90.6,90.6,90.6,3,Yes,1
CUST-04214,1,New Low-Spend Basic Customers,6,50.8,288.05,48.00833333333333,2,Yes,1
CUST-04215,2,High-Spend At-Risk Onboarders,4,90.05,368.1,92.025,4,Yes,1
CUST-04216,0,High-Value Long-Term Power Users,72,108.2,7840.6,108.89722222222223,7,No,0
CUST-04217,0,High-Value Long-Term Power Users,72,92.0,6632.75,92.12152777777777,8,No,0
CUST-04218,2,High-Spend At-Risk Onboarders,14,75.1,1013.35,72.38214285714285,2,No,0
CUST-04219,1,New Low-Spend Basic Customers,7,25.05,152.95,21.849999999999998,2,No,0
CUST-04220,2,High-Spend At-Risk Onboarders,48,75.15,3772.65,78.596875,2,No,0
CUST-04221,3,Loyal Low-Spend Long-Termers,55,19.5,1026.35,18.66090909090909,1,No,0
CUST-04222,1,New Low-Spend Basic Customers,1,19.3,19.3,19.3,1,No,0
CUST-04223,0,High-Value Long-Term Power Users,45,112.2,5031.85,111.81888888888889,7,No,0
CUST-04224,2,High-Spend At-Risk Onboarders,3,70.3,220.4,73.46666666666667,1,No,0
CUST-04225,3,Loyal Low-Spend Long-Termers,71,19.6,1416.5,19.950704225352112,1,No,0
CUST-04226,1,New Low-Spend Basic Customers,8,20.25,158.35,19.79375,1,No,0
CUST-04227,2,High-Spend At-Risk Onboarders,3,75.85,256.6,85.53333333333335,2,Yes,1
CUST-04228,0,High-Value Long-Term Power Users,69,80.65,5542.55,80.3268115942029,6,No,0
CUST-04229,2,High-Spend At-Risk Onboarders,1,68.5,68.5,68.5,1,Yes,1
CUST-04230,0,High-Value Long-Term Power Users,72,115.75,8443.7,117.27361111111112,8,No,0
CUST-04231,2,High-Spend At-Risk Onboarders,11,73.5,791.75,71.97727272727273,2,Yes,1
CUST-04232,0,High-Value Long-Term Power Users,71,80.6,5708.2,80.39718309859154,7,No,0
CUST-04233,2,High-Spend At-Risk Onboarders,1,69.95,69.95,69.95,1,Yes,1
CUST-04234,2,High-Spend At-Risk Onboarders,33,59.55,2016.3,61.1,5,No,0
CUST-04235,1,New Low-Spend Basic Customers,16,19.05,326.65,20.415625,1,No,0
CUST-04236,0,High-Value Long-Term Power Users,56,95.65,5471.75,97.70982142857143,6,No,0
CUST-04237,1,New Low-Spend Basic Customers,1,19.95,19.95,19.95,1,No,0
CUST-04238,2,High-Spend At-Risk Onboarders,5,70.05,346.4,69.28,4,Yes,1
CUST-04239,3,Loyal Low-Spend Long-Termers,57,19.4,1061.6,18.62456140350877,1,No,0
CUST-04240,3,Loyal Low-Spend Long-Termers,56,36.1,1971.5,35.205357142857146,2,No,0
CUST-04241,2,High-Spend At-Risk Onboarders,8,94.0,773.65,96.70625,5,Yes,1
CUST-04242,2,High-Spend At-Risk Onboarders,22,61.15,1422.05,64.63863636363637,4,Yes,1
CUST-04243,1,New Low-Spend Basic Customers,1,19.75,19.75,19.75,1,No,0
CUST-04244,2,High-Spend At-Risk Onboarders,40,64.1,2460.35,61.50875,4,No,0
CUST-04245,3,Loyal Low-Spend Long-Termers,46,19.75,856.5,18.619565217391305,1,No,0
CUST-04246,3,Loyal Low-Spend Long-Termers,63,19.7,1275.85,20.2515873015873,1,No,0
CUST-04247,0,High-Value Long-Term Power Users,68,110.2,7467.5,109.81617647058823,7,No,0
CUST-04248,0,High-Value Long-Term Power Users,69,106.35,7261.75,105.2427536231884,6,No,0
CUST-04249,0,High-Value Long-Term Power Users,56,90.55,5116.6,91.36785714285715,5,No,0
CUST-04250,2,High-Spend At-Risk Onboarders,10,65.9,660.05,66.005,4,No,0
CUST-04251,0,High-Value Long-Term Power Users,63,104.5,6590.8,104.61587301587302,7,No,0
CUST-04252,2,High-Spend At-Risk Onboarders,24,52.5,1208.15,50.33958333333334,5,No,0
CUST-04253,2,High-Spend At-Risk Onboarders,19,56.1,1033.9,54.415789473684214,3,No,0
CUST-04254,2,High-Spend At-Risk Onboarders,22,88.75,1885.15,85.68863636363636,4,No,0
CUST-04255,2,High-Spend At-Risk Onboarders,29,84.45,2467.1,85.07241379310345,4,Yes,1
CUST-04256,2,High-Spend At-Risk Onboarders,13,75.3,989.45,76.11153846153846,5,Yes,1
CUST-04257,3,Loyal Low-Spend Long-Termers,70,26.0,2006.95,28.670714285714286,2,No,0
CUST-04258,0,High-Value Long-Term Power Users,49,99.4,5025.0,102.55102040816327,5,No,0
CUST-04259,0,High-Value Long-Term Power Users,43,109.55,4830.25,112.3313953488372,7,Yes,1
CUST-04260,1,New Low-Spend Basic Customers,3,19.6,59.75,19.916666666666668,1,Yes,1
CUST-04261,0,High-Value Long-Term Power Users,42,73.15,3088.25,73.5297619047619,5,No,0
CUST-04262,3,Loyal Low-Spend Long-Termers,57,54.65,3134.7,54.99473684210526,3,No,0
CUST-04263,2,High-Spend At-Risk Onboarders,2,66.4,94.55,47.275,4,Yes,1
CUST-04264,0,High-Value Long-Term Power Users,72,115.55,8312.4,115.44999999999999,8,No,0
CUST-04265,0,High-Value Long-Term Power Users,46,104.45,4863.85,105.7358695652174,6,No,0
CUST-04266,0,High-Value Long-Term Power Users,66,100.05,6871.9,104.11969696969696,5,Yes,1
CUST-04267,0,High-Value Long-Term Power Users,62,102.0,6529.25,105.31048387096774,6,Yes,1
CUST-04268,0,High-Value Long-Term Power Users,72,91.15,6637.9,92.19305555555555,8,No,0
CUST-04269,2,High-Spend At-Risk Onboarders,35,89.7,3165.6,90.44571428571429,4,No,0
CUST-04270,2,High-Spend At-Risk Onboarders,17,90.2,1454.15,85.53823529411765,5,Yes,1
CUST-04271,0,High-Value Long-Term Power Users,72,92.4,6786.1,94.2513888888889,8,No,0
CUST-04272,1,New Low-Spend Basic Customers,28,19.9,543.0,19.392857142857142,1,No,0
CUST-04273,3,Loyal Low-Spend Long-Termers,56,25.15,1327.15,23.699107142857144,2,Yes,1
CUST-04274,2,High-Spend At-Risk Onboarders,31,79.85,2404.15,77.55322580645162,3,Yes,1
CUST-04275,3,Loyal Low-Spend Long-Termers,45,18.85,867.3,19.273333333333333,1,No,0
CUST-04276,1,New Low-Spend Basic Customers,1,25.75,25.75,25.75,2,No,0
CUST-04277,1,New Low-Spend Basic Customers,2,49.6,114.7,57.35,2,Yes,1
CUST-04278,1,New Low-Spend Basic Customers,6,20.95,109.5,18.25,1,No,0
CUST-04279,0,High-Value Long-Term Power Users,48,97.05,4692.95,97.76979166666666,5,No,0
CUST-04280,1,New Low-Spend Basic Customers,25,25.4,546.85,21.874000000000002,2,No,0
CUST-04281,3,Loyal Low-Spend Long-Termers,64,19.7,1274.05,19.90703125,1,No,0
CUST-04282,3,Loyal Low-Spend Long-Termers,50,35.0,1782.4,35.648,2,No,0
CUST-04283,0,High-Value Long-Term Power Users,52,101.25,5301.1,101.94423076923077,5,No,0
CUST-04284,2,High-Spend At-Risk Onboarders,4,70.2,280.35,70.0875,1,No,0
CUST-04285,2,High-Spend At-Risk Onboarders,32,90.95,2897.95,90.5609375,3,No,0
CUST-04286,0,High-Value Long-Term Power Users,45,73.85,3371.0,74.91111111111111,6,No,0
CUST-04287,2,High-Spend At-Risk Onboarders,9,88.05,801.3,89.03333333333333,4,No,0
CUST-04288,0,High-Value Long-Term Power Users,66,105.95,6975.25,105.68560606060606,6,Yes,1
CUST-04289,2,High-Spend At-Risk Onboarders,3,91.85,257.05,85.68333333333334,4,Yes,1
CUST-04290,3,Loyal Low-Spend Long-Termers,54,20.1,1079.45,19.989814814814817,1,No,0
CUST-04291,1,New Low-Spend Basic Customers,1,40.1,40.1,40.1,2,Yes,1
CUST-04292,0,High-Value Long-Term Power Users,64,110.3,6997.3,109.3328125,7,No,0
CUST-04293,2,High-Spend At-Risk Onboarders,31,73.9,2217.15,71.5209677419355,2,Yes,1
CUST-04294,2,High-Spend At-Risk Onboarders,14,89.8,1129.1,80.64999999999999,3,Yes,1
CUST-04295,2,High-Spend At-Risk Onboarders,12,85.15,979.05,81.58749999999999,3,No,0
CUST-04296,0,High-Value Long-Term Power Users,67,60.95,4119.4,61.483582089552236,4,No,0
CUST-04297,2,High-Spend At-Risk Onboarders,35,72.25,2568.55,73.38714285714286,6,Yes,1
CUST-04298,0,High-Value Long-Term Power Users,45,73.55,3349.1,74.42444444444445,5,No,0
CUST-04299,1,New Low-Spend Basic Customers,10,46.0,492.1,49.21,1,No,0
CUST-04300,2,High-Spend At-Risk Onboarders,29,58.55,1718.95,59.27413793103448,4,No,0
CUST-04301,1,New Low-Spend Basic Customers,24,24.6,605.25,25.21875,2,No,0
CUST-04302,3,Loyal Low-Spend Long-Termers,66,19.75,1344.5,20.37121212121212,1,No,0
CUST-04303,0,High-Value Long-Term Power Users,51,86.35,4267.15,83.66960784313724,3,No,0
CUST-04304,3,Loyal Low-Spend Long-Termers,45,25.5,1121.05,24.912222222222223,2,No,0
CUST-04305,3,Loyal Low-Spend Long-Termers,49,19.0,918.7,18.748979591836736,1,No,0
CUST-04306,1,New Low-Spend Basic Customers,29,19.55,521.8,17.99310344827586,1,No,0
CUST-04307,0,High-Value Long-Term Power Users,40,110.1,4469.1,111.7275,7,No,0
CUST-04308,0,High-Value Long-Term Power Users,37,96.55,3580.3,96.76486486486488,4,Yes,1
CUST-04309,2,High-Spend At-Risk Onboarders,25,69.75,1729.35,69.17399999999999,1,No,0
CUST-04310,1,New Low-Spend Basic Customers,22,50.6,1073.3,48.78636363636363,3,No,0
CUST-04311,0,High-Value Long-Term Power Users,72,65.6,4566.5,63.423611111111114,6,No,0
CUST-04312,1,New Low-Spend Basic Customers,7,40.1,293.3,41.9,2,Yes,1
CUST-04313,2,High-Spend At-Risk Onboarders,33,82.1,2603.1,78.88181818181818,6,No,0
CUST-04314,2,High-Spend At-Risk Onboarders,23,79.1,1783.75,77.55434782608695,3,No,0
CUST-04315,2,High-Spend At-Risk Onboarders,24,101.25,2440.15,101.67291666666667,5,Yes,1
CUST-04316,2,High-Spend At-Risk Onboarders,1,79.55,79.55,79.55,2,Yes,1
CUST-04317,0,High-Value Long-Term Power Users,69,90.65,6322.1,91.62463768115943,8,No,0
CUST-04318,1,New Low-Spend Basic Customers,3,20.55,57.4,19.133333333333333,1,No,0
CUST-04319,0,High-Value Long-Term Power Users,56,75.75,4284.65,76.51160714285713,5,No,0
CUST-04320,0,High-Value Long-Term Power Users,65,110.0,7138.65,109.8253846153846,7,No,0
CUST-04321,3,Loyal Low-Spend Long-Termers,71,20.85,1539.75,21.68661971830986,1,No,0
CUST-04322,2,High-Spend At-Risk Onboarders,14,80.35,1058.1,75.57857142857142,3,No,0
CUST-04323,2,High-Spend At-Risk Onboarders,2,70.15,123.8,61.9,1,No,0
CUST-04324,2,High-Spend At-Risk Onboarders,32,84.05,2781.85,86.9328125,3,Yes,1
CUST-04325,2,High-Spend At-Risk Onboarders,40,67.45,2731.0,68.275,4,No,0
CUST-04326,1,New Low-Spend Basic Customers,1,20.75,20.75,20.75,1,No,0
CUST-04327,2,High-Spend At-Risk Onboarders,1,89.1,89.1,89.1,3,Yes,1
CUST-04328,2,High-Spend At-Risk Onboarders,7,69.9,497.3,71.04285714285714,1,No,0
CUST-04329,1,New Low-Spend Basic Customers,15,51.1,711.15,47.41,2,No,0
CUST-04330,2,High-Spend At-Risk Onboarders,17,94.4,1607.2,94.54117647058824,5,Yes,1
CUST-04331,2,High-Spend At-Risk Onboarders,19,78.25,1490.95,78.47105263157896,3,Yes,1
CUST-04332,3,Loyal Low-Spend Long-Termers,71,25.55,1898.1,26.733802816901406,2,No,0
CUST-04333,3,Loyal Low-Spend Long-Termers,54,60.0,3273.95,60.6287037037037,4,No,0
CUST-04334,2,High-Spend At-Risk Onboarders,31,90.55,2929.75,94.50806451612904,5,No,0
CUST-04335,2,High-Spend At-Risk Onboarders,11,76.4,838.7,76.24545454545455,2,No,0
CUST-04336,2,High-Spend At-Risk Onboarders,18,84.95,1443.65,80.20277777777778,3,No,0
CUST-04337,0,High-Value Long-Term Power Users,72,110.1,7746.7,107.59305555555555,7,No,0
CUST-04338,0,High-Value Long-Term Power Users,71,99.65,6951.15,97.90352112676055,5,No,0
CUST-04339,1,New Low-Spend Basic Customers,5,45.4,214.75,42.95,3,No,0
CUST-04340,2,High-Spend At-Risk Onboarders,38,69.0,2669.45,70.2486842105263,5,No,0
CUST-04341,1,New Low-Spend Basic Customers,5,48.65,235.2,47.04,2,No,0
CUST-04342,1,New Low-Spend Basic Customers,2,44.15,92.65,46.325,1,Yes,1
CUST-04343,3,Loyal Low-Spend Long-Termers,52,59.85,3103.25,59.67788461538461,4,No,0
CUST-04344,2,High-Spend At-Risk Onboarders,8,75.75,606.25,75.78125,2,Yes,1
CUST-04345,0,High-Value Long-Term Power Users,68,80.65,5330.2,78.38529411764705,6,No,0
CUST-04346,3,Loyal Low-Spend Long-Termers,69,20.55,1403.1,20.33478260869565,1,No,0
CUST-04347,2,High-Spend At-Risk Onboarders,42,66.4,2727.8,64.94761904761906,5,No,0
CUST-04348,0,High-Value Long-Term Power Users,50,100.2,5038.45,100.76899999999999,5,No,0
CUST-04349,1,New Low-Spend Basic Customers,1,19.1,19.1,19.1,1,Yes,1
CUST-04350,2,High-Spend At-Risk Onboarders,1,80.3,80.3,80.3,3,Yes,1
CUST-04351,3,Loyal Low-Spend Long-Termers,33,44.55,1462.6,44.32121212121212,1,No,0
CUST-04352,1,New Low-Spend Basic Customers,7,20.35,150.6,21.514285714285712,1,No,0
CUST-04353,0,High-Value Long-Term Power Users,64,91.8,5960.5,93.1328125,5,No,0
CUST-04354,2,High-Spend At-Risk Onboarders,1,74.9,74.9,74.9,2,Yes,1
CUST-04355,3,Loyal Low-Spend Long-Termers,59,20.2,1192.3,20.208474576271186,1,No,0
CUST-04356,1,New Low-Spend Basic Customers,6,50.35,314.55,52.425000000000004,2,No,0
CUST-04357,1,New Low-Spend Basic Customers,3,18.8,56.0,18.666666666666668,1,No,0
CUST-04358,1,New Low-Spend Basic Customers,15,20.45,330.8,22.053333333333335,1,No,0
CUST-04359,2,High-Spend At-Risk Onboarders,13,64.75,877.35,67.48846153846154,3,No,0
CUST-04360,2,High-Spend At-Risk Onboarders,23,98.7,2249.1,97.78695652173913,5,No,0
CUST-04361,2,High-Spend At-Risk Onboarders,31,89.45,2807.65,90.56935483870969,4,No,0
CUST-04362,2,High-Spend At-Risk Onboarders,29,58.75,1696.2,58.4896551724138,4,No,0
CUST-04363,3,Loyal Low-Spend Long-Termers,49,20.7,1032.05,21.062244897959182,1,No,0
CUST-04364,0,High-Value Long-Term Power Users,56,85.6,4902.8,87.55,3,No,0
CUST-04365,0,High-Value Long-Term Power Users,63,80.3,4995.35,79.29126984126985,7,No,0
CUST-04366,0,High-Value Long-Term Power Users,63,79.8,5034.05,79.90555555555555,6,No,0
CUST-04367,2,High-Spend At-Risk Onboarders,24,79.85,1857.75,77.40625,3,No,0
CUST-04368,3,Loyal Low-Spend Long-Termers,36,54.1,1992.85,55.356944444444444,3,No,0
CUST-04369,2,High-Spend At-Risk Onboarders,9,80.85,751.65,83.51666666666667,2,Yes,1
CUST-04370,1,New Low-Spend Basic Customers,3,24.75,66.95,22.316666666666666,0,Yes,1
CUST-04371,2,High-Spend At-Risk Onboarders,21,80.9,1714.95,81.66428571428571,6,No,0
CUST-04372,1,New Low-Spend Basic Customers,13,24.5,343.6,26.430769230769233,2,No,0
CUST-04373,1,New Low-Spend Basic Customers,1,20.15,20.15,20.15,1,No,0
CUST-04374,1,New Low-Spend Basic Customers,25,20.05,520.1,20.804000000000002,1,No,0
CUST-04375,3,Loyal Low-Spend Long-Termers,71,19.6,1387.45,19.541549295774647,1,No,0
CUST-04376,0,High-Value Long-Term Power Users,66,114.3,7383.7,111.87424242424242,8,No,0
CUST-04377,0,High-Value Long-Term Power Users,45,100.3,4483.95,99.64333333333333,5,No,0
CUST-04378,2,High-Spend At-Risk Onboarders,22,80.0,1706.45,77.56590909090909,2,No,0
CUST-04379,3,Loyal Low-Spend Long-Termers,67,20.85,1327.4,19.811940298507466,1,No,0
CUST-04380,0,High-Value Long-Term Power Users,68,89.95,5974.3,87.85735294117647,4,No,0
CUST-04381,1,New Low-Spend Basic Customers,0,20.0,0.0,20.0,1,No,0
CUST-04382,0,High-Value Long-Term Power Users,49,90.85,4515.85,92.16020408163266,4,Yes,1
CUST-04383,1,New Low-Spend Basic Customers,4,48.75,179.85,44.9625,2,No,0
CUST-04384,0,High-Value Long-Term Power Users,63,80.0,5040.2,80.0031746031746,7,No,0
CUST-04385,2,High-Spend At-Risk Onboarders,2,79.7,165.0,82.5,3,Yes,1
CUST-04386,1,New Low-Spend Basic Customers,21,20.35,422.7,20.128571428571426,1,No,0
CUST-04387,3,Loyal Low-Spend Long-Termers,55,57.55,3046.4,55.38909090909091,4,Yes,1
CUST-04388,1,New Low-Spend Basic Customers,1,20.25,20.25,20.25,1,No,0
CUST-04389,1,New Low-Spend Basic Customers,17,19.4,358.05,21.061764705882354,1,No,0
CUST-04390,2,High-Spend At-Risk Onboarders,30,100.4,2936.25,97.875,5,No,0
CUST-04391,2,High-Spend At-Risk Onboarders,22,57.95,1271.8,57.809090909090905,4,No,0
CUST-04392,2,High-Spend At-Risk Onboarders,9,59.5,530.05,58.89444444444444,3,No,0
CUST-04393,1,New Low-Spend Basic Customers,1,19.2,19.2,19.2,1,No,0
CUST-04394,2,High-Spend At-Risk Onboarders,21,86.5,1808.7,86.12857142857143,3,Yes,1
CUST-04395,2,High-Spend At-Risk Onboarders,19,59.55,1144.6,60.24210526315789,4,No,0
CUST-04396,0,High-Value Long-Term Power Users,69,103.95,7446.9,107.92608695652173,6,Yes,1
CUST-04397,1,New Low-Spend Basic Customers,1,25.1,25.1,25.1,0,Yes,1
CUST-04398,0,High-Value Long-Term Power Users,72,103.95,7556.9,104.95694444444445,7,No,0
CUST-04399,0,High-Value Long-Term Power Users,70,68.95,4858.7,69.41,5,No,0
CUST-04400,0,High-Value Long-Term Power Users,66,103.1,6595.0,99.92424242424242,7,No,0
CUST-04401,1,New Low-Spend Basic Customers,7,24.7,149.05,21.292857142857144,0,No,0
CUST-04402,0,High-Value Long-Term Power Users,46,110.2,4972.1,108.08913043478262,7,No,0
CUST-04403,3,Loyal Low-Spend Long-Termers,39,48.95,1880.85,48.22692307692307,4,Yes,1
CUST-04404,2,High-Spend At-Risk Onboarders,32,62.45,2045.55,63.9234375,4,No,0
CUST-04405,2,High-Spend At-Risk Onboarders,24,89.55,2187.15,91.13125000000001,4,No,0
CUST-04406,2,High-Spend At-Risk Onboarders,6,83.55,477.55,79.59166666666667,3,Yes,1
CUST-04407,0,High-Value Long-Term Power Users,37,78.9,2976.95,80.4581081081081,7,No,0
CUST-04408,1,New Low-Spend Basic Customers,8,20.35,178.7,22.3375,1,No,0
CUST-04409,0,High-Value Long-Term Power Users,72,71.45,5025.85,69.80347222222223,5,No,0
CUST-04410,3,Loyal Low-Spend Long-Termers,71,46.35,3353.4,47.23098591549296,4,No,0
CUST-04411,2,High-Spend At-Risk Onboarders,16,94.65,1461.15,91.321875,4,No,0
CUST-04412,3,Loyal Low-Spend Long-Termers,57,49.9,2782.4,48.8140350877193,4,No,0
CUST-04413,3,Loyal Low-Spend Long-Termers,66,25.45,1699.15,25.74469696969697,2,No,0
CUST-04414,2,High-Spend At-Risk Onboarders,17,89.15,1496.9,88.0529411764706,4,Yes,1
CUST-04415,1,New Low-Spend Basic Customers,21,20.75,452.2,21.53333333333333,1,No,0
CUST-04416,0,High-Value Long-Term Power Users,66,66.1,4428.45,67.09772727272727,5,No,0
CUST-04417,2,High-Spend At-Risk Onboarders,17,75.4,1322.55,77.79705882352941,5,No,0
CUST-04418,2,High-Spend At-Risk Onboarders,1,70.45,70.45,70.45,1,Yes,1
CUST-04419,3,Loyal Low-Spend Long-Termers,58,60.3,3563.8,61.4448275862069,4,Yes,1
CUST-04420,1,New Low-Spend Basic Customers,8,21.05,139.75,17.46875,1,No,0
CUST-04421,2,High-Spend At-Risk Onboarders,27,69.35,1927.3,71.38148148148149,5,No,0
CUST-04422,2,High-Spend At-Risk Onboarders,34,88.85,3000.25,88.24264705882354,4,No,0
CUST-04423,2,High-Spend At-Risk Onboarders,30,97.0,3021.3,100.71000000000001,4,No,0
CUST-04424,2,High-Spend At-Risk Onboarders,33,66.4,2245.4,68.04242424242425,4,No,0
CUST-04425,1,New Low-Spend Basic Customers,1,24.75,24.75,24.75,0,Yes,1
CUST-04426,2,High-Spend At-Risk Onboarders,14,69.2,944.65,67.475,5,No,0
CUST-04427,2,High-Spend At-Risk Onboarders,16,79.5,1264.2,79.0125,3,No,0
CUST-04428,0,High-Value Long-Term Power Users,49,100.65,4917.75,100.36224489795919,5,No,0
CUST-04429,2,High-Spend At-Risk Onboarders,19,103.3,2012.7,105.93157894736842,6,Yes,1
CUST-04430,0,High-Value Long-Term Power Users,70,79.7,5743.3,82.04714285714286,7,No,0
CUST-04431,2,High-Spend At-Risk Onboarders,32,61.4,1864.65,58.2703125,4,No,0
CUST-04432,2,High-Spend At-Risk Onboarders,18,69.8,1221.65,67.86944444444445,1,No,0
CUST-04433,3,Loyal Low-Spend Long-Termers,37,40.55,1390.85,37.59054054054054,3,No,0
CUST-04434,2,High-Spend At-Risk Onboarders,4,75.65,302.35,75.5875,2,No,0
CUST-04435,2,High-Spend At-Risk Onboarders,16,90.7,1374.9,85.93125,5,No,0
CUST-04436,2,High-Spend At-Risk Onboarders,17,80.5,1336.9,78.64117647058823,3,No,0
CUST-04437,2,High-Spend At-Risk Onboarders,19,60.6,1297.8,68.30526315789473,4,No,0
CUST-04438,0,High-Value Long-Term Power Users,60,101.15,6067.4,101.12333333333332,5,No,0
CUST-04439,3,Loyal Low-Spend Long-Termers,51,24.95,1222.25,23.965686274509803,2,No,0
CUST-04440,1,New Low-Spend Basic Customers,28,20.3,487.95,17.426785714285714,1,No,0
CUST-04441,3,Loyal Low-Spend Long-Termers,43,60.0,2548.55,59.268604651162796,3,No,0
CUST-04442,3,Loyal Low-Spend Long-Termers,42,20.25,835.5,19.892857142857142,1,No,0
CUST-04443,2,High-Spend At-Risk Onboarders,3,78.5,242.05,80.68333333333334,2,Yes,1
CUST-04444,1,New Low-Spend Basic Customers,1,44.75,44.75,44.75,1,No,0
CUST-04445,1,New Low-Spend Basic Customers,3,19.85,63.75,21.25,1,Yes,1
CUST-04446,0,High-Value Long-Term Power Users,63,98.0,6218.45,98.70555555555555,6,No,0
CUST-04447,2,High-Spend At-Risk Onboarders,3,79.9,260.9,86.96666666666665,2,Yes,1
CUST-04448,0,High-Value Long-Term Power Users,68,107.7,7320.9,107.66029411764706,7,No,0
CUST-04449,2,High-Spend At-Risk Onboarders,30,99.7,2967.35,98.91166666666666,5,Yes,1
CUST-04450,0,High-Value Long-Term Power Users,60,104.7,6333.8,105.56333333333333,6,No,0
CUST-04451,2,High-Spend At-Risk Onboarders,15,58.6,939.7,62.64666666666667,4,Yes,1
CUST-04452,0,High-Value Long-Term Power Users,45,93.9,4200.25,93.33888888888889,4,No,0
CUST-04453,0,High-Value Long-Term Power Users,70,86.45,5950.2,85.00285714285714,7,No,0
CUST-04454,2,High-Spend At-Risk Onboarders,10,98.5,1037.75,103.775,5,Yes,1
CUST-04455,1,New Low-Spend Basic Customers,4,19.4,93.4,23.35,1,No,0
CUST-04456,1,New Low-Spend Basic Customers,1,50.45,50.45,50.45,2,Yes,1
CUST-04457,3,Loyal Low-Spend Long-Termers,68,24.95,1614.9,23.748529411764707,2,No,0
CUST-04458,2,High-Spend At-Risk Onboarders,22,75.0,1573.95,71.54318181818182,2,No,0
CUST-04459,0,High-Value Long-Term Power Users,38,94.65,3624.3,95.3763157894737,5,Yes,1
CUST-04460,2,High-Spend At-Risk Onboarders,1,100.25,100.25,100.25,5,Yes,1
CUST-04461,2,High-Spend At-Risk Onboarders,18,78.2,1468.75,81.59722222222223,3,No,0
CUST-04462,2,High-Spend At-Risk Onboarders,29,94.2,2607.6,89.91724137931034,4,No,0
CUST-04463,2,High-Spend At-Risk Onboarders,16,88.45,1422.1,88.88125,4,Yes,1
CUST-04464,2,High-Spend At-Risk Onboarders,1,69.85,69.85,69.85,1,Yes,1
CUST-04465,2,High-Spend At-Risk Onboarders,12,81.7,858.6,71.55,3,Yes,1
CUST-04466,3,Loyal Low-Spend Long-Termers,31,50.05,1523.4,49.141935483870974,3,No,0
CUST-04467,2,High-Spend At-Risk Onboarders,4,79.9,324.3,81.075,2,Yes,1
CUST-04468,0,High-Value Long-Term Power Users,48,69.55,3435.6,71.575,5,No,0
CUST-04469,1,New Low-Spend Basic Customers,15,25.4,399.6,26.64,2,Yes,1
CUST-04470,0,High-Value Long-Term Power Users,50,90.1,4549.45,90.98899999999999,5,No,0
CUST-04471,1,New Low-Spend Basic Customers,7,44.65,322.5,46.07142857142857,1,No,0
CUST-04472,2,High-Spend At-Risk Onboarders,41,83.75,3273.55,79.84268292682927,4,Yes,1
CUST-04473,0,High-Value Long-Term Power Users,68,80.35,5375.15,79.04632352941177,3,No,0
CUST-04474,2,High-Spend At-Risk Onboarders,26,98.1,2510.7,96.5653846153846,5,No,0
CUST-04475,3,Loyal Low-Spend Long-Termers,57,53.35,3090.05,54.21140350877193,4,No,0
CUST-04476,1,New Low-Spend Basic Customers,3,19.55,61.05,20.349999999999998,1,No,0
CUST-04477,1,New Low-Spend Basic Customers,1,20.9,20.9,20.9,1,Yes,1
CUST-04478,1,New Low-Spend Basic Customers,19,48.95,955.6,50.294736842105266,2,No,0
CUST-04479,1,New Low-Spend Basic Customers,3,54.2,140.4,46.800000000000004,2,No,0
CUST-04480,3,Loyal Low-Spend Long-Termers,59,24.45,1493.1,25.306779661016947,2,No,0
CUST-04481,2,High-Spend At-Risk Onboarders,1,69.4,69.4,69.4,1,Yes,1
CUST-04482,3,Loyal Low-Spend Long-Termers,42,40.15,1626.05,38.71547619047619,2,No,0
CUST-04483,2,High-Spend At-Risk Onboarders,7,74.9,541.15,77.30714285714285,2,Yes,1
CUST-04484,3,Loyal Low-Spend Long-Termers,67,25.6,1784.9,26.64029850746269,2,No,0
CUST-04485,2,High-Spend At-Risk Onboarders,1,70.35,70.35,70.35,1,No,0
CUST-04486,0,High-Value Long-Term Power Users,66,91.7,6075.9,92.0590909090909,8,No,0
CUST-04487,0,High-Value Long-Term Power Users,61,89.2,5500.6,90.17377049180328,4,No,0
CUST-04488,1,New Low-Spend Basic Customers,4,24.1,73.1,18.275,2,No,0
CUST-04489,2,High-Spend At-Risk Onboarders,42,74.15,3229.4,76.89047619047619,2,Yes,1
CUST-04490,3,Loyal Low-Spend Long-Termers,64,53.85,3399.85,53.12265625,3,No,0
CUST-04491,0,High-Value Long-Term Power Users,54,115.6,6431.05,119.09351851851852,8,No,0
CUST-04492,1,New Low-Spend Basic Customers,1,19.75,19.75,19.75,1,No,0
CUST-04493,3,Loyal Low-Spend Long-Termers,54,24.05,1230.9,22.794444444444448,2,No,0
CUST-04494,1,New Low-Spend Basic Customers,18,25.3,454.65,25.258333333333333,2,No,0
CUST-04495,2,High-Spend At-Risk Onboarders,3,84.3,235.05,78.35000000000001,3,No,0
CUST-04496,2,High-Spend At-Risk Onboarders,1,70.1,70.1,70.1,1,Yes,1
CUST-04497,0,High-Value Long-Term Power Users,72,89.75,6595.9,91.60972222222222,8,No,0
CUST-04498,0,High-Value Long-Term Power Users,60,97.95,5867.0,97.78333333333333,5,No,0
CUST-04499,1,New Low-Spend Basic Customers,11,20.0,196.35,17.849999999999998,1,No,0
CUST-04500,2,High-Spend At-Risk Onboarders,12,78.3,909.25,75.77083333333333,3,Yes,1
CUST-04501,0,High-Value Long-Term Power Users,61,103.9,6449.15,105.72377049180328,6,No,0
CUST-04502,3,Loyal Low-Spend Long-Termers,39,20.7,762.45,19.55,1,No,0
CUST-04503,0,High-Value Long-Term Power Users,55,96.8,5283.95,96.07181818181817,4,Yes,1
CUST-04504,2,High-Spend At-Risk Onboarders,17,94.4,1617.5,95.1470588235294,5,Yes,1
CUST-04505,3,Loyal Low-Spend Long-Termers,37,20.15,785.75,21.236486486486488,1,No,0
CUST-04506,3,Loyal Low-Spend Long-Termers,72,26.0,1776.0,24.666666666666668,2,No,0
CUST-04507,0,High-Value Long-Term Power Users,72,77.35,5396.25,74.94791666666667,6,No,0
CUST-04508,2,High-Spend At-Risk Onboarders,8,66.05,574.5,71.8125,4,No,0
CUST-04509,1,New Low-Spend Basic Customers,22,19.9,400.3,18.195454545454545,1,No,0
CUST-04510,2,High-Spend At-Risk Onboarders,1,84.3,84.3,84.3,3,Yes,1
CUST-04511,2,High-Spend At-Risk Onboarders,38,68.15,2656.3,69.90263157894738,5,No,0
CUST-04512,2,High-Spend At-Risk Onboarders,17,80.85,1445.95,85.05588235294118,6,No,0
CUST-04513,0,High-Value Long-Term Power Users,70,75.5,5212.65,74.46642857142857,6,No,0
CUST-04514,0,High-Value Long-Term Power Users,72,92.45,6440.25,89.44791666666667,8,Yes,1
CUST-04515,2,High-Spend At-Risk Onboarders,28,80.6,2244.95,80.17678571428571,2,No,0
CUST-04516,2,High-Spend At-Risk Onboarders,15,83.2,1130.0,75.33333333333333,3,No,0
CUST-04517,0,High-Value Long-Term Power Users,72,87.55,6463.15,89.76597222222222,8,No,0
CUST-04518,2,High-Spend At-Risk Onboarders,11,99.55,1131.2,102.83636363636364,5,Yes,1
CUST-04519,2,High-Spend At-Risk Onboarders,8,81.25,585.95,73.24375,3,Yes,1
CUST-04520,0,High-Value Long-Term Power Users,57,109.4,6252.7,109.69649122807017,7,No,0
CUST-04521,1,New Low-Spend Basic Customers,1,19.95,19.95,19.95,1,Yes,1
CUST-04522,3,Loyal Low-Spend Long-Termers,46,45.55,2062.15,44.82934782608696,3,No,0
CUST-04523,1,New Low-Spend Basic Customers,30,20.7,587.1,19.57,1,No,0
CUST-04524,2,High-Spend At-Risk Onboarders,10,75.3,720.45,72.045,2,No,0
CUST-04525,2,High-Spend At-Risk Onboarders,23,99.25,2186.4,95.0608695652174,6,Yes,1
CUST-04526,2,High-Spend At-Risk Onboarders,32,93.4,2979.3,93.103125,5,No,0
CUST-04527,2,High-Spend At-Risk Onboarders,13,73.75,956.65,73.58846153846153,2,No,0
CUST-04528,2,High-Spend At-Risk Onboarders,39,80.45,3201.55,82.09102564102565,3,Yes,1
CUST-04529,0,High-Value Long-Term Power Users,44,88.15,3973.2,90.3,4,No,0
CUST-04530,1,New Low-Spend Basic Customers,9,49.2,447.9,49.766666666666666,2,No,0
CUST-04531,3,Loyal Low-Spend Long-Termers,67,19.65,1335.2,19.928358208955224,1,No,0
CUST-04532,2,High-Spend At-Risk Onboarders,9,79.35,661.25,73.47222222222223,3,Yes,1
CUST-04533,2,High-Spend At-Risk Onboarders,15,79.75,1111.85,74.12333333333332,3,Yes,1
CUST-04534,0,High-Value Long-Term Power Users,71,105.15,7555.0,106.40845070422536,6,No,0
CUST-04535,1,New Low-Spend Basic Customers,1,49.0,49.0,49.0,2,No,0
CUST-04536,0,High-Value Long-Term Power Users,30,100.05,3046.15,101.53833333333334,5,Yes,1
CUST-04537,2,High-Spend At-Risk Onboarders,1,69.35,69.35,69.35,1,Yes,1
CUST-04538,1,New Low-Spend Basic Customers,17,49.8,836.35,49.19705882352941,3,No,0
CUST-04539,2,High-Spend At-Risk Onboarders,3,85.8,272.2,90.73333333333333,3,Yes,1
CUST-04540,0,High-Value Long-Term Power Users,67,79.7,5293.4,79.00597014925373,6,Yes,1
CUST-04541,1,New Low-Spend Basic Customers,1,20.95,20.95,20.95,1,No,0
CUST-04542,1,New Low-Spend Basic Customers,1,50.55,50.55,50.55,2,Yes,1
CUST-04543,2,High-Spend At-Risk Onboarders,32,79.3,2570.0,80.3125,3,No,0
CUST-04544,3,Loyal Low-Spend Long-Termers,41,19.5,798.2,19.46829268292683,1,No,0
CUST-04545,2,High-Spend At-Risk Onboarders,1,80.55,80.55,80.55,2,Yes,1
CUST-04546,1,New Low-Spend Basic Customers,1,44.15,44.15,44.15,1,No,0
CUST-04547,2,High-Spend At-Risk Onboarders,12,84.5,916.9,76.40833333333333,4,Yes,1
CUST-04548,0,High-Value Long-Term Power Users,62,105.5,6487.2,104.63225806451612,6,No,0
CUST-04549,2,High-Spend At-Risk Onboarders,22,84.3,1855.65,84.34772727272728,3,Yes,1
CUST-04550,2,High-Spend At-Risk Onboarders,17,92.7,1556.85,91.57941176470588,5,No,0
CUST-04551,3,Loyal Low-Spend Long-Termers,72,26.25,1988.05,27.611805555555556,2,No,0
CUST-04552,0,High-Value Long-Term Power Users,56,96.95,5432.2,97.00357142857142,5,No,0
CUST-04553,1,New Low-Spend Basic Customers,9,20.45,147.55,16.394444444444446,1,No,0
CUST-04554,0,High-Value Long-Term Power Users,72,115.8,8424.9,117.01249999999999,8,No,0
CUST-04555,0,High-Value Long-Term Power Users,20,108.2,2203.7,110.18499999999999,7,No,0
CUST-04556,1,New Low-Spend Basic Customers,19,20.2,387.4,20.389473684210525,1,No,0
CUST-04557,2,High-Spend At-Risk Onboarders,2,67.75,116.65,58.325,1,Yes,1
CUST-04558,3,Loyal Low-Spend Long-Termers,53,54.9,3045.75,57.466981132075475,4,No,0
CUST-04559,2,High-Spend At-Risk Onboarders,27,85.25,2287.25,84.71296296296296,3,Yes,1
CUST-04560,1,New Low-Spend Basic Customers,6,20.15,130.5,21.75,1,No,0
CUST-04561,2,High-Spend At-Risk Onboarders,9,90.35,767.9,85.32222222222222,4,No,0
CUST-04562,2,High-Spend At-Risk Onboarders,8,55.75,446.8,55.85,3,No,0
CUST-04563,0,High-Value Long-Term Power Users,71,114.6,8100.25,114.08802816901408,8,No,0
CUST-04564,2,High-Spend At-Risk Onboarders,10,80.05,830.7,83.07000000000001,3,Yes,1
CUST-04565,1,New Low-Spend Basic Customers,1,20.0,20.0,20.0,1,Yes,1
CUST-04566,0,High-Value Long-Term Power Users,71,66.8,4689.15,66.0443661971831,6,No,0
CUST-04567,0,High-Value Long-Term Power Users,68,100.3,6754.35,99.32867647058823,5,No,0
CUST-04568,0,High-Value Long-Term Power Users,34,105.35,3540.65,104.13676470588236,6,No,0
CUST-04569,2,High-Spend At-Risk Onboarders,26,85.2,2184.6,84.02307692307691,4,No,0
CUST-04570,1,New Low-Spend Basic Customers,22,48.8,1054.6,47.93636363636363,2,Yes,1
CUST-04571,1,New Low-Spend Basic Customers,7,18.95,130.55,18.650000000000002,1,No,0
CUST-04572,2,High-Spend At-Risk Onboarders,20,69.8,1540.35,77.0175,1,No,0
CUST-04573,0,High-Value Long-Term Power Users,60,106.15,6411.25,106.85416666666667,6,No,0
CUST-04574,3,Loyal Low-Spend Long-Termers,72,20.55,1432.55,19.896527777777777,1,No,0
CUST-04575,0,High-Value Long-Term Power Users,72,105.75,7629.85,105.9701388888889,6,No,0
CUST-04576,1,New Low-Spend Basic Customers,4,25.25,101.9,25.475,2,No,0
CUST-04577,1,New Low-Spend Basic Customers,16,19.75,313.4,19.5875,1,No,0
CUST-04578,0,High-Value Long-Term Power Users,62,104.85,6312.9,101.82096774193548,6,No,0
CUST-04579,2,High-Spend At-Risk Onboarders,10,60.95,629.55,62.955,3,No,0
CUST-04580,2,High-Spend At-Risk Onboarders,31,81.15,2640.55,85.17903225806452,3,No,0
CUST-04581,3,Loyal Low-Spend Long-Termers,71,19.1,1372.45,19.330281690140847,1,No,0
CUST-04582,3,Loyal Low-Spend Long-Termers,58,20.8,1212.25,20.900862068965516,1,No,0
CUST-04583,0,High-Value Long-Term Power Users,70,90.15,6237.05,89.10071428571429,8,No,0
CUST-04584,0,High-Value Long-Term Power Users,71,90.1,6310.9,88.88591549295774,8,No,0
CUST-04585,0,High-Value Long-Term Power Users,69,74.1,5031.0,72.91304347826087,6,No,0
CUST-04586,2,High-Spend At-Risk Onboarders,1,85.05,85.05,85.05,3,Yes,1
CUST-04587,0,High-Value Long-Term Power Users,72,118.75,8672.45,120.45069444444445,8,No,0
CUST-04588,2,High-Spend At-Risk Onboarders,26,85.9,2196.45,84.47884615384615,3,No,0
CUST-04589,2,High-Spend At-Risk Onboarders,33,95.0,3008.15,91.1560606060606,5,No,0
CUST-04590,1,New Low-Spend Basic Customers,10,20.15,220.8,22.080000000000002,1,No,0
CUST-04591,0,High-Value Long-Term Power Users,57,101.3,5779.6,101.39649122807018,6,No,0
CUST-04592,1,New Low-Spend Basic Customers,10,21.2,222.65,22.265,1,No,0
CUST-04593,3,Loyal Low-Spend Long-Termers,39,24.2,914.6,23.451282051282053,2,No,0
CUST-04594,1,New Low-Spend Basic Customers,11,20.3,246.3,22.39090909090909,1,No,0
CUST-04595,2,High-Spend At-Risk Onboarders,21,102.8,2110.15,100.48333333333333,6,Yes,1
CUST-04596,0,High-Value Long-Term Power Users,68,85.3,5560.0,81.76470588235294,7,No,0
CUST-04597,2,High-Spend At-Risk Onboarders,18,89.6,1633.0,90.72222222222223,4,No,0
CUST-04598,2,High-Spend At-Risk Onboarders,6,99.95,547.65,91.27499999999999,5,Yes,1
CUST-04599,2,High-Spend At-Risk Onboarders,18,56.25,969.85,53.88055555555556,3,No,0
CUST-04600,3,Loyal Low-Spend Long-Termers,52,50.95,2610.65,50.204807692307696,2,No,0
CUST-04601,0,High-Value Long-Term Power Users,56,115.85,6567.9,117.28392857142856,8,No,0
CUST-04602,0,High-Value Long-Term Power Users,45,103.65,4747.85,105.50777777777779,6,No,0
CUST-04603,3,Loyal Low-Spend Long-Termers,67,26.1,1759.55,26.26194029850746,2,No,0
CUST-04604,1,New Low-Spend Basic Customers,3,35.1,101.1,33.699999999999996,2,No,0
CUST-04605,0,High-Value Long-Term Power Users,65,99.1,6496.15,99.94076923076922,5,No,0
CUST-04606,0,High-Value Long-Term Power Users,63,67.25,4234.15,67.20873015873015,5,No,0
CUST-04607,1,New Low-Spend Basic Customers,11,25.0,300.7,27.336363636363636,2,No,0
CUST-04608,2,High-Spend At-Risk Onboarders,1,59.55,59.55,59.55,3,No,0
CUST-04609,0,High-Value Long-Term Power Users,55,77.8,4323.35,78.60636363636364,5,No,0
CUST-04610,2,High-Spend At-Risk Onboarders,25,55.1,1466.1,58.644,3,No,0
CUST-04611,0,High-Value Long-Term Power Users,72,117.8,8684.8,120.6222222222222,8,Yes,1
CUST-04612,3,Loyal Low-Spend Long-Termers,72,24.15,1776.45,24.672916666666666,2,No,0
CUST-04613,3,Loyal Low-Spend Long-Termers,65,45.25,2933.95,45.137692307692305,3,No,0
CUST-04614,0,High-Value Long-Term Power Users,54,79.5,4370.25,80.93055555555556,3,Yes,1
CUST-04615,1,New Low-Spend Basic Customers,7,20.25,144.35,20.62142857142857,1,No,0
CUST-04616,0,High-Value Long-Term Power Users,72,64.75,4804.75,66.73263888888889,5,No,0
CUST-04617,1,New Low-Spend Basic Customers,21,54.6,1125.2,53.58095238095238,2,No,0
CUST-04618,1,New Low-Spend Basic Customers,2,20.7,39.85,19.925,1,No,0
CUST-04619,2,High-Spend At-Risk Onboarders,4,94.75,422.4,105.6,4,No,0
CUST-04620,2,High-Spend At-Risk Onboarders,3,79.65,251.75,83.91666666666667,3,Yes,1
CUST-04621,0,High-Value Long-Term Power Users,72,115.8,8332.15,115.72430555555555,8,No,0
CUST-04622,1,New Low-Spend Basic Customers,6,49.45,314.6,52.43333333333334,2,No,0
CUST-04623,0,High-Value Long-Term Power Users,52,83.8,4331.4,83.29615384615384,3,No,0
CUST-04624,0,High-Value Long-Term Power Users,69,95.35,6382.0,92.4927536231884,5,No,0
CUST-04625,2,High-Spend At-Risk Onboarders,8,94.7,740.3,92.5375,4,Yes,1
CUST-04626,2,High-Spend At-Risk Onboarders,8,74.05,600.15,75.01875,2,No,0
CUST-04627,0,High-Value Long-Term Power Users,63,89.6,5538.8,87.91746031746032,4,No,0
CUST-04628,0,High-Value Long-Term Power Users,60,116.6,7049.5,117.49166666666666,8,No,0
CUST-04629,2,High-Spend At-Risk Onboarders,12,54.2,690.5,57.541666666666664,3,No,0
CUST-04630,1,New Low-Spend Basic Customers,13,19.3,279.3,21.484615384615385,1,No,0
CUST-04631,2,High-Spend At-Risk Onboarders,22,65.05,1427.55,64.88863636363637,5,No,0
CUST-04632,2,High-Spend At-Risk Onboarders,5,92.5,452.7,90.53999999999999,4,Yes,1
CUST-04633,1,New Low-Spend Basic Customers,1,19.45,19.45,19.45,1,Yes,1
CUST-04634,3,Loyal Low-Spend Long-Termers,72,24.05,1709.15,23.738194444444446,2,No,0
CUST-04635,1,New Low-Spend Basic Customers,2,18.75,53.15,26.575,1,No,0
CUST-04636,3,Loyal Low-Spend Long-Termers,40,20.15,777.35,19.43375,1,No,0
CUST-04637,3,Loyal Low-Spend Long-Termers,44,20.0,860.85,19.56477272727273,1,No,0
CUST-04638,0,High-Value Long-Term Power Users,71,71.0,5012.1,70.59295774647887,5,No,0
CUST-04639,2,High-Spend At-Risk Onboarders,2,75.55,166.3,83.15,2,Yes,1
CUST-04640,2,High-Spend At-Risk Onboarders,26,93.6,2404.1,92.46538461538461,4,No,0
CUST-04641,2,High-Spend At-Risk Onboarders,1,70.0,70.0,70.0,1,Yes,1
CUST-04642,1,New Low-Spend Basic Customers,1,24.4,24.4,24.4,0,No,0
CUST-04643,0,High-Value Long-Term Power Users,65,74.8,4820.15,74.15615384615384,5,Yes,1
CUST-04644,2,High-Spend At-Risk Onboarders,3,65.25,209.9,69.96666666666667,4,No,0
CUST-04645,1,New Low-Spend Basic Customers,13,50.55,610.75,46.98076923076923,2,No,0
CUST-04646,0,High-Value Long-Term Power Users,33,104.4,3409.6,103.32121212121211,6,Yes,1
CUST-04647,2,High-Spend At-Risk Onboarders,1,70.7,70.7,70.7,1,No,0
CUST-04648,1,New Low-Spend Basic Customers,4,45.25,155.35,38.8375,1,No,0
CUST-04649,2,High-Spend At-Risk Onboarders,2,70.3,144.0,72.0,1,No,0
CUST-04650,0,High-Value Long-Term Power Users,72,108.95,7875.0,109.375,7,No,0
CUST-04651,3,Loyal Low-Spend Long-Termers,37,26.45,911.6,24.63783783783784,2,No,0
CUST-04652,2,High-Spend At-Risk Onboarders,15,86.2,1270.2,84.68,3,Yes,1
CUST-04653,1,New Low-Spend Basic Customers,23,19.65,478.1,20.786956521739132,1,No,0
CUST-04654,2,High-Spend At-Risk Onboarders,30,51.2,1561.5,52.05,3,Yes,1
CUST-04655,3,Loyal Low-Spend Long-Termers,42,19.05,761.85,18.139285714285716,1,No,0
CUST-04656,2,High-Spend At-Risk Onboarders,32,74.75,2282.95,71.3421875,5,No,0
CUST-04657,2,High-Spend At-Risk Onboarders,22,75.8,1615.1,73.41363636363636,2,No,0
CUST-04658,3,Loyal Low-Spend Long-Termers,42,25.1,1097.15,26.12261904761905,0,No,0
CUST-04659,1,New Low-Spend Basic Customers,8,44.45,369.3,46.1625,1,No,0
CUST-04660,0,High-Value Long-Term Power Users,65,104.3,6725.3,103.46615384615384,6,No,0
CUST-04661,1,New Low-Spend Basic Customers,2,19.5,31.55,15.775,1,Yes,1
CUST-04662,0,High-Value Long-Term Power Users,70,89.0,6293.2,89.90285714285714,8,No,0
CUST-04663,1,New Low-Spend Basic Customers,22,20.15,432.5,19.65909090909091,1,No,0
CUST-04664,2,High-Spend At-Risk Onboarders,4,74.9,321.75,80.4375,2,Yes,1
CUST-04665,2,High-Spend At-Risk Onboarders,2,74.9,147.15,73.575,2,Yes,1
CUST-04666,3,Loyal Low-Spend Long-Termers,67,36.15,2434.45,36.33507462686567,2,No,0
CUST-04667,1,New Low-Spend Basic Customers,25,19.2,532.1,21.284000000000002,1,No,0
CUST-04668,1,New Low-Spend Basic Customers,20,19.25,375.25,18.7625,1,No,0
CUST-04669,2,High-Spend At-Risk Onboarders,2,61.2,125.95,62.975,3,No,0
CUST-04670,3,Loyal Low-Spend Long-Termers,51,20.45,1042.65,20.444117647058825,1,No,0
CUST-04671,3,Loyal Low-Spend Long-Termers,46,35.05,1620.25,35.22282608695652,2,No,0
CUST-04672,2,High-Spend At-Risk Onboarders,25,100.25,2387.75,95.51,5,Yes,1
CUST-04673,1,New Low-Spend Basic Customers,13,44.0,659.35,50.71923076923077,1,No,0
CUST-04674,0,High-Value Long-Term Power Users,25,102.8,2660.2,106.40799999999999,6,Yes,1
CUST-04675,1,New Low-Spend Basic Customers,26,50.35,1285.8,49.45384615384615,2,No,0
CUST-04676,0,High-Value Long-Term Power Users,43,100.0,4211.55,97.94302325581396,5,Yes,1
CUST-04677,1,New Low-Spend Basic Customers,19,20.0,377.55,19.871052631578948,1,No,0
CUST-04678,2,High-Spend At-Risk Onboarders,10,99.85,990.9,99.09,5,Yes,1
CUST-04679,2,High-Spend At-Risk Onboarders,2,94.2,193.8,96.9,4,Yes,1
CUST-04680,0,High-Value Long-Term Power Users,72,86.4,6058.95,84.15208333333334,7,No,0
CUST-04681,2,High-Spend At-Risk Onboarders,18,58.4,964.9,53.605555555555554,4,No,0
CUST-04682,2,High-Spend At-Risk Onboarders,9,83.85,790.15,87.79444444444444,3,Yes,1
CUST-04683,2,High-Spend At-Risk Onboarders,27,88.3,2467.75,91.39814814814815,4,Yes,1
CUST-04684,2,High-Spend At-Risk Onboarders,24,94.1,2322.85,96.78541666666666,4,No,0
CUST-04685,0,High-Value Long-Term Power Users,69,104.05,7262.0,105.2463768115942,6,Yes,1
CUST-04686,0,High-Value Long-Term Power Users,46,108.9,4854.3,105.52826086956522,7,No,0
CUST-04687,0,High-Value Long-Term Power Users,72,107.4,7748.75,107.62152777777777,7,No,0
CUST-04688,2,High-Spend At-Risk Onboarders,22,94.7,1914.9,87.0409090909091,4,Yes,1
CUST-04689,0,High-Value Long-Term Power Users,70,90.85,6470.1,92.43,4,No,0
CUST-04690,1,New Low-Spend Basic Customers,2,19.9,57.4,28.7,1,No,0
CUST-04691,2,High-Spend At-Risk Onboarders,31,66.4,2019.8,65.15483870967742,4,No,0
CUST-04692,0,High-Value Long-Term Power Users,56,100.65,5688.05,101.57232142857143,5,Yes,1
CUST-04693,2,High-Spend At-Risk Onboarders,16,100.7,1522.7,95.16875,5,No,0
CUST-04694,3,Loyal Low-Spend Long-Termers,52,25.6,1334.5,25.66346153846154,2,No,0
CUST-04695,1,New Low-Spend Basic Customers,13,19.85,252.0,19.384615384615383,1,No,0
CUST-04696,1,New Low-Spend Basic Customers,35,20.75,700.45,20.012857142857143,1,No,0
CUST-04697,0,High-Value Long-Term Power Users,59,95.8,5655.45,95.85508474576271,4,No,0
CUST-04698,0,High-Value Long-Term Power Users,72,94.65,6747.35,93.71319444444445,4,No,0
CUST-04699,0,High-Value Long-Term Power Users,66,80.55,5265.1,79.77424242424243,6,Yes,1
CUST-04700,0,High-Value Long-Term Power Users,49,106.65,5174.35,105.59897959183674,7,No,0
CUST-04701,1,New Low-Spend Basic Customers,2,45.85,105.6,52.8,1,No,0
CUST-04702,2,High-Spend At-Risk Onboarders,21,104.35,2271.85,108.18333333333332,6,No,0
CUST-04703,3,Loyal Low-Spend Long-Termers,54,55.45,2966.95,54.943518518518516,4,No,0
CUST-04704,2,High-Spend At-Risk Onboarders,24,78.85,1772.25,73.84375,3,Yes,1
CUST-04705,2,High-Spend At-Risk Onboarders,1,61.15,61.15,61.15,4,No,0
CUST-04706,2,High-Spend At-Risk Onboarders,6,78.95,494.95,82.49166666666666,3,No,0
CUST-04707,1,New Low-Spend Basic Customers,1,44.45,44.45,44.45,1,Yes,1
CUST-04708,0,High-Value Long-Term Power Users,49,109.2,5290.45,107.96836734693878,7,No,0
CUST-04709,3,Loyal Low-Spend Long-Termers,56,61.3,3346.8,59.76428571428572,4,No,0
CUST-04710,0,High-Value Long-Term Power Users,56,96.85,5219.65,93.20803571428571,5,No,0
CUST-04711,1,New Low-Spend Basic Customers,6,40.55,217.5,36.25,3,No,0
CUST-04712,1,New Low-Spend Basic Customers,32,19.8,607.7,18.990625,1,No,0
CUST-04713,0,High-Value Long-Term Power Users,50,108.25,5431.4,108.62799999999999,7,No,0
CUST-04714,0,High-Value Long-Term Power Users,58,105.05,6004.85,103.53189655172415,6,No,0
CUST-04715,0,High-Value Long-Term Power Users,65,90.45,5957.9,91.66,8,No,0
CUST-04716,0,High-Value Long-Term Power Users,64,86.4,5442.05,85.03203125,8,No,0
CUST-04717,0,High-Value Long-Term Power Users,66,66.9,4370.25,66.2159090909091,5,No,0
CUST-04718,0,High-Value Long-Term Power Users,38,110.7,4428.6,116.54210526315791,7,No,0
CUST-04719,1,New Low-Spend Basic Customers,20,20.0,416.45,20.822499999999998,1,No,0
CUST-04720,2,High-Spend At-Risk Onboarders,36,84.9,3067.2,85.19999999999999,3,Yes,1
CUST-04721,0,High-Value Long-Term Power Users,64,102.1,6688.1,104.5015625,6,No,0
CUST-04722,1,New Low-Spend Basic Customers,1,20.25,20.25,20.25,1,Yes,1
CUST-04723,0,High-Value Long-Term Power Users,60,70.15,4224.7,70.41166666666666,5,No,0
CUST-04724,2,High-Spend At-Risk Onboarders,1,74.35,74.35,74.35,2,Yes,1
CUST-04725,0,High-Value Long-Term Power Users,50,80.05,4042.2,80.844,7,No,0
CUST-04726,2,High-Spend At-Risk Onboarders,1,62.05,62.05,62.05,4,Yes,1
CUST-04727,3,Loyal Low-Spend Long-Termers,72,49.2,3580.95,49.735416666666666,4,No,0
CUST-04728,3,Loyal Low-Spend Long-Termers,60,20.5,1198.8,19.98,1,No,0
CUST-04729,3,Loyal Low-Spend Long-Termers,46,38.25,1755.35,38.15978260869565,3,No,0
CUST-04730,3,Loyal Low-Spend Long-Termers,69,54.95,3772.5,54.67391304347826,4,No,0
CUST-04731,2,High-Spend At-Risk Onboarders,31,96.6,2877.95,92.83709677419354,5,No,0
CUST-04732,1,New Low-Spend Basic Customers,19,19.9,357.7,18.826315789473682,1,No,0
CUST-04733,3,Loyal Low-Spend Long-Termers,71,19.9,1397.3,19.680281690140845,1,No,0
CUST-04734,2,High-Spend At-Risk Onboarders,12,84.6,959.9,79.99166666666666,4,No,0
CUST-04735,0,High-Value Long-Term Power Users,39,80.0,3182.95,81.61410256410257,6,Yes,1
CUST-04736,0,High-Value Long-Term Power Users,44,85.25,3704.15,84.18522727272727,7,No,0
CUST-04737,0,High-Value Long-Term Power Users,56,81.25,4620.4,82.50714285714285,7,No,0
CUST-04738,0,High-Value Long-Term Power Users,72,115.5,8312.75,115.45486111111111,8,No,0
CUST-04739,2,High-Spend At-Risk Onboarders,5,104.1,541.9,108.38,6,Yes,1
CUST-04740,2,High-Spend At-Risk Onboarders,11,79.0,929.3,84.48181818181818,3,No,0
CUST-04741,1,New Low-Spend Basic Customers,24,39.1,971.3,40.47083333333333,2,Yes,1
CUST-04742,2,High-Spend At-Risk Onboarders,15,94.65,1285.05,85.67,4,No,0
CUST-04743,3,Loyal Low-Spend Long-Termers,72,20.8,1521.2,21.12777777777778,1,No,0
CUST-04744,3,Loyal Low-Spend Long-Termers,56,59.5,3389.25,60.52232142857143,4,No,0
CUST-04745,3,Loyal Low-Spend Long-Termers,64,20.05,1198.05,18.71953125,1,No,0
CUST-04746,0,High-Value Long-Term Power Users,34,100.45,3414.65,100.43088235294118,5,No,0
CUST-04747,2,High-Spend At-Risk Onboarders,2,76.5,162.45,81.225,2,Yes,1
CUST-04748,1,New Low-Spend Basic Customers,35,20.6,754.0,21.542857142857144,1,No,0
CUST-04749,1,New Low-Spend Basic Customers,22,20.3,467.15,21.23409090909091,1,No,0
CUST-04750,1,New Low-Spend Basic Customers,5,49.2,216.9,43.38,2,Yes,1
CUST-04751,1,New Low-Spend Basic Customers,9,39.55,373.0,41.44444444444444,3,No,0
CUST-04752,1,New Low-Spend Basic Customers,11,23.15,245.2,22.29090909090909,2,Yes,1
CUST-04753,1,New Low-Spend Basic Customers,23,20.45,481.1,20.917391304347827,1,No,0
CUST-04754,2,High-Spend At-Risk Onboarders,4,80.85,302.75,75.6875,2,Yes,1
CUST-04755,3,Loyal Low-Spend Long-Termers,68,25.25,1728.2,25.41470588235294,2,No,0
CUST-04756,2,High-Spend At-Risk Onboarders,33,91.25,2964.05,89.81969696969698,3,No,0
CUST-04757,2,High-Spend At-Risk Onboarders,31,72.45,2156.25,69.55645161290323,6,No,0
CUST-04758,2,High-Spend At-Risk Onboarders,1,60.1,60.1,60.1,4,Yes,1
CUST-04759,3,Loyal Low-Spend Long-Termers,56,19.7,1051.9,18.78392857142857,1,No,0
CUST-04760,2,High-Spend At-Risk Onboarders,1,78.95,78.95,78.95,2,Yes,1
CUST-04761,0,High-Value Long-Term Power Users,66,75.1,5013.0,75.95454545454545,6,No,0
CUST-04762,3,Loyal Low-Spend Long-Termers,72,25.0,1738.9,24.15138888888889,2,No,0
CUST-04763,2,High-Spend At-Risk Onboarders,34,69.15,2275.1,66.91470588235293,1,No,0
CUST-04764,0,High-Value Long-Term Power Users,58,91.55,5511.65,95.02844827586206,4,No,0
CUST-04765,1,New Low-Spend Basic Customers,2,45.15,98.5,49.25,1,Yes,1
CUST-04766,3,Loyal Low-Spend Long-Termers,37,35.8,1316.9,35.5918918918919,1,No,0
CUST-04767,0,High-Value Long-Term Power Users,71,113.15,7993.3,112.58169014084507,8,No,0
CUST-04768,1,New Low-Spend Basic Customers,1,19.85,19.85,19.85,1,No,0
CUST-04769,3,Loyal Low-Spend Long-Termers,71,19.8,1388.45,19.555633802816903,1,No,0
CUST-04770,1,New Low-Spend Basic Customers,35,19.9,666.0,19.02857142857143,1,No,0
CUST-04771,1,New Low-Spend Basic Customers,6,19.7,94.45,15.741666666666667,1,No,0
CUST-04772,2,High-Spend At-Risk Onboarders,3,79.4,244.65,81.55,2,Yes,1
CUST-04773,0,High-Value Long-Term Power Users,69,59.1,4134.7,59.9231884057971,4,No,0
CUST-04774,3,Loyal Low-Spend Long-Termers,44,53.95,2375.4,53.98636363636364,4,Yes,1
CUST-04775,0,High-Value Long-Term Power Users,53,91.15,4862.5,91.74528301886792,4,No,0
CUST-04776,2,High-Spend At-Risk Onboarders,24,99.3,2431.35,101.30624999999999,5,Yes,1
CUST-04777,2,High-Spend At-Risk Onboarders,5,68.95,351.5,70.3,1,No,0
CUST-04778,1,New Low-Spend Basic Customers,2,51.55,106.2,53.1,2,No,0
CUST-04779,3,Loyal Low-Spend Long-Termers,62,24.4,1413.0,22.79032258064516,2,No,0
CUST-04780,2,High-Spend At-Risk Onboarders,19,96.8,1743.05,91.73947368421052,4,No,0
CUST-04781,2,High-Spend At-Risk Onboarders,9,70.05,657.5,73.05555555555556,1,No,0
CUST-04782,3,Loyal Low-Spend Long-Termers,53,19.5,1050.5,19.82075471698113,1,No,0
CUST-04783,2,High-Spend At-Risk Onboarders,5,78.75,426.35,85.27000000000001,2,No,0
CUST-04784,0,High-Value Long-Term Power Users,71,69.2,4982.5,70.17605633802818,5,No,0
CUST-04785,1,New Low-Spend Basic Customers,1,19.55,19.55,19.55,1,No,0
CUST-04786,2,High-Spend At-Risk Onboarders,18,80.65,1451.9,80.66111111111111,3,Yes,1
CUST-04787,0,High-Value Long-Term Power Users,72,103.65,7634.8,106.03888888888889,6,No,0
CUST-04788,2,High-Spend At-Risk Onboarders,4,54.7,235.05,58.7625,3,No,0
CUST-04789,3,Loyal Low-Spend Long-Termers,59,54.15,3116.15,52.816101694915254,3,No,0
CUST-04790,2,High-Spend At-Risk Onboarders,1,71.1,71.1,71.1,1,Yes,1
CUST-04791,2,High-Spend At-Risk Onboarders,31,84.85,2633.4,84.9483870967742,3,No,0
CUST-04792,1,New Low-Spend Basic Customers,3,20.0,49.65,16.55,1,No,0
CUST-04793,0,High-Value Long-Term Power Users,65,106.25,6979.8,107.38153846153847,6,Yes,1
CUST-04794,0,High-Value Long-Term Power Users,49,99.25,4920.8,100.42448979591838,5,No,0
CUST-04795,1,New Low-Spend Basic Customers,2,19.35,46.35,23.175,1,No,0
CUST-04796,3,Loyal Low-Spend Long-Termers,53,20.8,1021.8,19.279245283018867,1,Yes,1
CUST-04797,0,High-Value Long-Term Power Users,55,94.75,5276.1,95.92909090909092,4,No,0
CUST-04798,0,High-Value Long-Term Power Users,72,114.05,8289.2,115.1277777777778,8,No,0
CUST-04799,2,High-Spend At-Risk Onboarders,36,74.9,2659.45,73.8736111111111,2,No,0
CUST-04800,1,New Low-Spend Basic Customers,10,19.8,196.75,19.675,1,No,0
CUST-04801,2,High-Spend At-Risk Onboarders,1,94.0,94.0,94.0,4,Yes,1
CUST-04802,0,High-Value Long-Term Power Users,72,80.85,5824.75,80.89930555555556,7,No,0
CUST-04803,2,High-Spend At-Risk Onboarders,28,54.65,1517.5,54.19642857142857,3,No,0
CUST-04804,0,High-Value Long-Term Power Users,38,91.7,3479.05,91.55394736842106,4,No,0
CUST-04805,0,High-Value Long-Term Power Users,61,118.6,7365.7,120.74918032786886,8,No,0
CUST-04806,3,Loyal Low-Spend Long-Termers,52,24.55,1331.05,25.597115384615385,2,No,0
CUST-04807,3,Loyal Low-Spend Long-Termers,67,19.45,1195.95,17.85,1,No,0
CUST-04808,0,High-Value Long-Term Power Users,34,116.15,3946.9,116.08529411764707,8,No,0
CUST-04809,0,High-Value Long-Term Power Users,54,80.6,4299.95,79.6287037037037,6,No,0
CUST-04810,1,New Low-Spend Basic Customers,1,20.3,20.3,20.3,1,No,0
CUST-04811,2,High-Spend At-Risk Onboarders,15,89.85,1424.95,94.99666666666667,4,Yes,1
CUST-04812,1,New Low-Spend Basic Customers,4,46.0,193.6,48.4,1,Yes,1
CUST-04813,2,High-Spend At-Risk Onboarders,9,66.25,620.55,68.94999999999999,4,Yes,1
CUST-04814,0,High-Value Long-Term Power Users,46,99.8,4391.25,95.46195652173913,5,No,0
CUST-04815,2,High-Spend At-Risk Onboarders,22,90.0,1993.8,90.62727272727273,4,Yes,1
CUST-04816,2,High-Spend At-Risk Onboarders,38,70.45,2597.6,68.3578947368421,1,Yes,1
CUST-04817,0,High-Value Long-Term Power Users,55,75.0,4213.9,76.61636363636363,6,No,0
CUST-04818,1,New Low-Spend Basic Customers,1,19.9,19.9,19.9,1,No,0
CUST-04819,0,High-Value Long-Term Power Users,64,80.3,5017.7,78.4015625,3,No,0
CUST-04820,3,Loyal Low-Spend Long-Termers,53,19.75,1052.35,19.85566037735849,1,Yes,1
CUST-04821,0,High-Value Long-Term Power Users,58,84.3,4916.4,84.7655172413793,7,No,0
CUST-04822,3,Loyal Low-Spend Long-Termers,56,54.05,2959.8,52.853571428571435,4,No,0
CUST-04823,0,High-Value Long-Term Power Users,72,104.9,7559.55,104.99375,6,No,0
CUST-04824,2,High-Spend At-Risk Onboarders,1,53.95,53.95,53.95,3,Yes,1
CUST-04825,0,High-Value Long-Term Power Users,72,97.25,7133.1,99.07083333333334,5,No,0
CUST-04826,2,High-Spend At-Risk Onboarders,22,83.05,1799.3,81.78636363636363,3,No,0
CUST-04827,2,High-Spend At-Risk Onboarders,8,105.5,829.55,103.69375,6,Yes,1
CUST-04828,2,High-Spend At-Risk Onboarders,16,81.0,1312.15,82.009375,2,Yes,1
CUST-04829,3,Loyal Low-Spend Long-Termers,39,41.1,1597.05,40.949999999999996,3,No,0
CUST-04830,1,New Low-Spend Basic Customers,12,45.0,524.35,43.69583333333333,1,No,0
CUST-04831,0,High-Value Long-Term Power Users,54,74.55,4191.45,77.61944444444444,5,No,0
CUST-04832,1,New Low-Spend Basic Customers,18,40.2,711.95,39.55277777777778,3,No,0
CUST-04833,2,High-Spend At-Risk Onboarders,32,70.5,2201.75,68.8046875,5,No,0
CUST-04834,3,Loyal Low-Spend Long-Termers,41,19.75,806.95,19.681707317073172,1,No,0
CUST-04835,3,Loyal Low-Spend Long-Termers,67,24.65,1620.45,24.18582089552239,2,No,0
CUST-04836,0,High-Value Long-Term Power Users,65,104.25,6812.95,104.81461538461538,6,No,0
CUST-04837,2,High-Spend At-Risk Onboarders,25,78.35,1837.9,73.516,7,No,0
CUST-04838,2,High-Spend At-Risk Onboarders,1,69.8,69.8,69.8,1,Yes,1
CUST-04839,0,High-Value Long-Term Power Users,67,109.7,7344.45,109.6186567164179,7,No,0
CUST-04840,2,High-Spend At-Risk Onboarders,7,73.75,545.15,77.87857142857142,2,Yes,1
CUST-04841,3,Loyal Low-Spend Long-Termers,43,33.45,1500.25,34.88953488372093,2,No,0
CUST-04842,2,High-Spend At-Risk Onboarders,24,94.6,2283.15,95.13125000000001,4,No,0
CUST-04843,2,High-Spend At-Risk Onboarders,9,54.55,494.05,54.894444444444446,3,Yes,1
CUST-04844,3,Loyal Low-Spend Long-Termers,69,20.2,1376.5,19.94927536231884,1,No,0
CUST-04845,3,Loyal Low-Spend Long-Termers,37,20.3,755.4,20.416216216216217,1,No,0
CUST-04846,1,New Low-Spend Basic Customers,20,39.4,825.4,41.269999999999996,3,No,0
CUST-04847,2,High-Spend At-Risk Onboarders,7,69.15,488.65,69.80714285714285,1,No,0
CUST-04848,2,High-Spend At-Risk Onboarders,37,76.25,2841.55,76.79864864864865,2,Yes,1
CUST-04849,2,High-Spend At-Risk Onboarders,5,93.9,486.85,97.37,4,Yes,1
CUST-04850,3,Loyal Low-Spend Long-Termers,41,51.35,2075.1,50.61219512195122,3,No,0
CUST-04851,0,High-Value Long-Term Power Users,54,100.05,5299.65,98.14166666666667,5,No,0
CUST-04852,2,High-Spend At-Risk Onboarders,3,70.4,204.7,68.23333333333333,1,Yes,1
CUST-04853,3,Loyal Low-Spend Long-Termers,69,20.3,1356.3,19.656521739130433,1,No,0
CUST-04854,0,High-Value Long-Term Power Users,53,94.45,5042.75,95.14622641509433,5,No,0
CUST-04855,1,New Low-Spend Basic Customers,18,46.4,812.4,45.13333333333333,3,No,0
CUST-04856,0,High-Value Long-Term Power Users,64,104.05,6605.55,103.21171875,6,No,0
CUST-04857,2,High-Spend At-Risk Onboarders,31,91.15,2995.45,96.62741935483871,4,Yes,1
CUST-04858,1,New Low-Spend Basic Customers,20,24.9,505.95,25.2975,0,No,0
CUST-04859,3,Loyal Low-Spend Long-Termers,57,59.6,3509.4,61.56842105263158,4,No,0
CUST-04860,0,High-Value Long-Term Power Users,63,108.5,6991.9,110.98253968253968,7,No,0
CUST-04861,1,New Low-Spend Basic Customers,13,40.55,590.35,45.41153846153846,3,No,0
CUST-04862,3,Loyal Low-Spend Long-Termers,48,58.95,2789.7,58.11875,3,No,0
CUST-04863,2,High-Spend At-Risk Onboarders,2,70.95,137.95,68.975,1,Yes,1
CUST-04864,3,Loyal Low-Spend Long-Termers,57,20.75,1123.15,19.704385964912284,1,No,0
CUST-04865,0,High-Value Long-Term Power Users,71,113.15,7953.25,112.01760563380282,7,No,0
CUST-04866,1,New Low-Spend Basic Customers,7,48.8,349.8,49.971428571428575,2,No,0
CUST-04867,2,High-Spend At-Risk Onboarders,16,63.05,1067.05,66.690625,3,No,0
CUST-04868,0,High-Value Long-Term Power Users,34,100.85,3527.3,103.74411764705883,5,No,0
CUST-04869,0,High-Value Long-Term Power Users,37,99.5,3762.0,101.67567567567568,5,Yes,1
CUST-04870,2,High-Spend At-Risk Onboarders,16,80.55,1248.9,78.05625,3,No,0
CUST-04871,0,High-Value Long-Term Power Users,48,64.4,3035.35,63.23645833333333,5,No,0
CUST-04872,0,High-Value Long-Term Power Users,58,75.2,4300.8,74.15172413793104,5,No,0
CUST-04873,0,High-Value Long-Term Power Users,72,84.9,6065.3,84.24027777777778,7,No,0
CUST-04874,1,New Low-Spend Basic Customers,7,19.3,144.95,20.707142857142856,1,No,0
CUST-04875,2,High-Spend At-Risk Onboarders,38,83.9,3233.6,85.09473684210526,4,Yes,1
CUST-04876,0,High-Value Long-Term Power Users,48,117.45,5438.9,113.31041666666665,8,Yes,1
CUST-04877,2,High-Spend At-Risk Onboarders,10,104.4,1081.45,108.14500000000001,6,Yes,1
CUST-04878,2,High-Spend At-Risk Onboarders,30,74.65,2308.6,76.95333333333333,6,No,0
CUST-04879,2,High-Spend At-Risk Onboarders,31,59.05,1882.8,60.73548387096774,3,No,0
CUST-04880,0,High-Value Long-Term Power Users,46,69.1,3255.35,70.76847826086956,5,No,0
CUST-04881,3,Loyal Low-Spend Long-Termers,50,20.55,1067.65,21.353,1,No,0
CUST-04882,2,High-Spend At-Risk Onboarders,28,76.55,2065.4,73.76428571428572,2,No,0
CUST-04883,0,High-Value Long-Term Power Users,66,62.5,4136.4,62.672727272727265,6,No,0
CUST-04884,1,New Low-Spend Basic Customers,8,29.4,221.9,27.7375,1,Yes,1
CUST-04885,0,High-Value Long-Term Power Users,41,94.9,3848.0,93.85365853658537,4,No,0
CUST-04886,0,High-Value Long-Term Power Users,72,111.65,8022.85,111.42847222222223,7,No,0
CUST-04887,1,New Low-Spend Basic Customers,7,19.9,173.15,24.735714285714288,1,No,0
CUST-04888,3,Loyal Low-Spend Long-Termers,38,20.45,781.25,20.55921052631579,1,No,0
CUST-04889,0,High-Value Long-Term Power Users,44,106.05,4510.8,102.51818181818182,6,No,0
CUST-04890,0,High-Value Long-Term Power Users,47,113.45,5317.8,113.14468085106384,8,No,0
CUST-04891,0,High-Value Long-Term Power Users,53,92.55,4779.45,90.17830188679245,4,No,0
CUST-04892,2,High-Spend At-Risk Onboarders,4,65.6,250.1,62.525,4,No,0
CUST-04893,2,High-Spend At-Risk Onboarders,20,84.35,1745.2,87.26,3,No,0
CUST-04894,1,New Low-Spend Basic Customers,2,44.65,74.9,37.45,1,Yes,1
CUST-04895,0,High-Value Long-Term Power Users,57,71.1,4140.1,72.63333333333334,5,No,0
CUST-04896,0,High-Value Long-Term Power Users,44,85.15,3670.5,83.42045454545455,4,No,0
CUST-04897,1,New Low-Spend Basic Customers,24,49.7,1167.8,48.65833333333333,2,No,0
CUST-04898,1,New Low-Spend Basic Customers,15,30.2,469.65,31.31,1,No,0
CUST-04899,1,New Low-Spend Basic Customers,3,25.25,58.9,19.633333333333333,0,Yes,1
CUST-04900,2,High-Spend At-Risk Onboarders,4,84.05,333.55,83.3875,4,Yes,1
CUST-04901,2,High-Spend At-Risk Onboarders,37,85.7,3171.15,85.70675675675676,3,Yes,1
CUST-04902,2,High-Spend At-Risk Onboarders,1,74.7,74.7,74.7,2,Yes,1
CUST-04903,2,High-Spend At-Risk Onboarders,24,56.35,1381.2,57.550000000000004,3,No,0
CUST-04904,2,High-Spend At-Risk Onboarders,5,90.8,455.5,91.1,4,Yes,1
CUST-04905,0,High-Value Long-Term Power Users,33,107.55,3645.5,110.46969696969697,6,No,0
CUST-04906,3,Loyal Low-Spend Long-Termers,58,19.85,1158.85,19.980172413793102,1,No,0
CUST-04907,0,High-Value Long-Term Power Users,72,95.9,6954.15,96.58541666666666,5,No,0
CUST-04908,3,Loyal Low-Spend Long-Termers,71,23.85,1672.1,23.55070422535211,2,No,0
CUST-04909,0,High-Value Long-Term Power Users,28,106.15,3152.5,112.58928571428571,6,Yes,1
CUST-04910,0,High-Value Long-Term Power Users,51,83.85,4307.1,84.45294117647059,7,No,0
CUST-04911,0,High-Value Long-Term Power Users,30,85.35,2530.4,84.34666666666666,7,Yes,1
CUST-04912,0,High-Value Long-Term Power Users,72,84.8,6141.65,85.30069444444445,4,No,0
CUST-04913,2,High-Spend At-Risk Onboarders,36,90.85,3186.7,88.51944444444445,4,Yes,1
CUST-04914,2,High-Spend At-Risk Onboarders,14,76.1,1054.8,75.34285714285714,6,No,0
CUST-04915,0,High-Value Long-Term Power Users,72,74.55,5430.65,75.42569444444445,6,No,0
CUST-04916,1,New Low-Spend Basic Customers,22,39.2,849.9,38.63181818181818,2,No,0
CUST-04917,2,High-Spend At-Risk Onboarders,2,79.55,151.75,75.875,3,No,0
CUST-04918,1,New Low-Spend Basic Customers,15,19.6,299.4,19.959999999999997,1,No,0
CUST-04919,3,Loyal Low-Spend Long-Termers,51,19.55,1086.75,21.308823529411764,1,No,0
CUST-04920,3,Loyal Low-Spend Long-Termers,70,39.15,2692.75,38.46785714285714,3,No,0
CUST-04921,3,Loyal Low-Spend Long-Termers,71,20.1,1389.6,19.57183098591549,1,No,0
CUST-04922,0,High-Value Long-Term Power Users,39,99.95,3767.4,96.60000000000001,5,No,0
CUST-04923,3,Loyal Low-Spend Long-Termers,61,59.8,3641.5,59.69672131147541,4,No,0
CUST-04924,3,Loyal Low-Spend Long-Termers,52,49.75,2535.55,48.760576923076925,2,No,0
CUST-04925,1,New Low-Spend Basic Customers,1,35.75,35.75,35.75,1,Yes,1
CUST-04926,0,High-Value Long-Term Power Users,64,108.5,6880.85,107.51328125,7,No,0
CUST-04927,3,Loyal Low-Spend Long-Termers,62,60.15,3753.2,60.53548387096774,4,No,0
CUST-04928,1,New Low-Spend Basic Customers,30,19.05,637.55,21.251666666666665,1,No,0
CUST-04929,1,New Low-Spend Basic Customers,4,46.0,181.6,45.4,1,Yes,1
CUST-04930,0,High-Value Long-Term Power Users,63,84.0,5329.55,84.59603174603176,7,No,0
CUST-04931,1,New Low-Spend Basic Customers,1,44.55,44.55,44.55,1,No,0
CUST-04932,2,High-Spend At-Risk Onboarders,15,103.45,1539.8,102.65333333333334,6,No,0
CUST-04933,2,High-Spend At-Risk Onboarders,27,80.65,2209.75,81.8425925925926,3,No,0
CUST-04934,2,High-Spend At-Risk Onboarders,4,57.2,223.75,55.9375,5,No,0
CUST-04935,0,High-Value Long-Term Power Users,72,110.75,7751.7,107.6625,7,No,0
CUST-04936,3,Loyal Low-Spend Long-Termers,45,24.7,1174.35,26.096666666666664,2,No,0
CUST-04937,0,High-Value Long-Term Power Users,45,97.05,4385.05,97.44555555555556,6,No,0
CUST-04938,2,High-Spend At-Risk Onboarders,36,76.35,2606.35,72.39861111111111,6,No,0
CUST-04939,2,High-Spend At-Risk Onboarders,17,89.4,1539.45,90.55588235294118,4,Yes,1
CUST-04940,1,New Low-Spend Basic Customers,1,18.9,18.9,18.9,1,No,0
CUST-04941,2,High-Spend At-Risk Onboarders,16,74.45,1261.35,78.834375,2,No,0
CUST-04942,1,New Low-Spend Basic Customers,3,19.8,58.15,19.383333333333333,1,Yes,1
CUST-04943,1,New Low-Spend Basic Customers,4,50.9,225.6,56.4,2,Yes,1
CUST-04944,0,High-Value Long-Term Power Users,71,84.4,5969.3,84.07464788732395,7,No,0
CUST-04945,1,New Low-Spend Basic Customers,10,24.4,253.9,25.39,2,No,0
CUST-04946,1,New Low-Spend Basic Customers,20,20.05,400.0,20.0,1,No,0
CUST-04947,2,High-Spend At-Risk Onboarders,4,81.0,340.85,85.2125,2,Yes,1
CUST-04948,2,High-Spend At-Risk Onboarders,26,98.35,2515.3,96.7423076923077,5,Yes,1
CUST-04949,1,New Low-Spend Basic Customers,4,55.5,227.35,56.8375,2,No,0
CUST-04950,2,High-Spend At-Risk Onboarders,5,51.0,305.95,61.19,3,Yes,1
CUST-04951,2,High-Spend At-Risk Onboarders,4,91.65,365.4,91.35,4,Yes,1
CUST-04952,2,High-Spend At-Risk Onboarders,29,84.3,2357.75,81.30172413793103,3,No,0
CUST-04953,2,High-Spend At-Risk Onboarders,2,100.2,198.5,99.25,5,No,0
CUST-04954,1,New Low-Spend Basic Customers,29,19.4,554.25,19.112068965517242,1,No,0
CUST-04955,2,High-Spend At-Risk Onboarders,1,90.85,90.85,90.85,3,Yes,1
CUST-04956,2,High-Spend At-Risk Onboarders,1,69.4,69.4,69.4,1,Yes,1
CUST-04957,2,High-Spend At-Risk Onboarders,8,94.45,742.95,92.86875,4,Yes,1
CUST-04958,1,New Low-Spend Basic Customers,13,20.4,251.65,19.357692307692307,1,No,0
CUST-04959,0,High-Value Long-Term Power Users,59,94.75,5597.65,94.87542372881356,5,No,0
CUST-04960,1,New Low-Spend Basic Customers,1,20.15,20.15,20.15,1,Yes,1
CUST-04961,0,High-Value Long-Term Power Users,50,95.7,4816.7,96.334,4,Yes,1
CUST-04962,1,New Low-Spend Basic Customers,18,44.35,768.05,42.669444444444444,1,No,0
CUST-04963,2,High-Spend At-Risk Onboarders,17,74.55,1215.8,71.51764705882353,5,No,0
CUST-04964,0,High-Value Long-Term Power Users,47,73.6,3522.65,74.95,5,No,0
CUST-04965,2,High-Spend At-Risk Onboarders,26,74.95,1834.95,70.575,2,Yes,1
CUST-04966,1,New Low-Spend Basic Customers,6,47.95,305.1,50.85,3,Yes,1
CUST-04967,1,New Low-Spend Basic Customers,19,50.1,910.45,47.91842105263158,2,No,0
CUST-04968,2,High-Spend At-Risk Onboarders,3,63.6,155.65,51.88333333333333,4,Yes,1
CUST-04969,3,Loyal Low-Spend Long-Termers,68,53.0,3656.25,53.768382352941174,4,No,0
CUST-04970,1,New Low-Spend Basic Customers,2,19.85,52.0,26.0,1,No,0
CUST-04971,1,New Low-Spend Basic Customers,7,24.35,150.85,21.55,0,No,0
CUST-04972,1,New Low-Spend Basic Customers,18,19.55,389.25,21.625,1,No,0
CUST-04973,3,Loyal Low-Spend Long-Termers,71,25.05,1873.7,26.390140845070423,2,No,0
CUST-04974,2,High-Spend At-Risk Onboarders,13,93.8,1261.0,97.0,5,No,0
CUST-04975,1,New Low-Spend Basic Customers,3,36.85,108.7,36.233333333333334,2,Yes,1
CUST-04976,0,High-Value Long-Term Power Users,72,103.75,7346.2,102.03055555555555,6,No,0
CUST-04977,3,Loyal Low-Spend Long-Termers,66,56.75,3708.4,56.18787878787879,4,No,0
CUST-04978,1,New Low-Spend Basic Customers,24,20.8,469.65,19.568749999999998,1,No,0
CUST-04979,1,New Low-Spend Basic Customers,1,44.1,44.1,44.1,1,Yes,1
CUST-04980,3,Loyal Low-Spend Long-Termers,56,24.45,1385.85,24.74732142857143,2,No,0
CUST-04981,1,New Low-Spend Basic Customers,22,25.6,548.8,24.94545454545454,2,No,0
CUST-04982,1,New Low-Spend Basic Customers,14,50.75,712.75,50.910714285714285,3,Yes,1
CUST-04983,0,High-Value Long-Term Power Users,61,104.4,6405.0,105.0,6,Yes,1
CUST-04984,3,Loyal Low-Spend Long-Termers,40,39.3,1637.4,40.935,2,Yes,1
CUST-04985,2,High-Spend At-Risk Onboarders,42,59.65,2536.55,60.394047619047626,4,No,0
CUST-04986,0,High-Value Long-Term Power Users,72,83.3,6042.7,83.92638888888888,7,No,0
CUST-04987,2,High-Spend At-Risk Onboarders,12,79.55,958.25,79.85416666666667,3,No,0
CUST-04988,3,Loyal Low-Spend Long-Termers,71,24.45,1730.65,24.375352112676058,2,No,0
CUST-04989,1,New Low-Spend Basic Customers,26,19.2,459.6,17.676923076923078,1,No,0
CUST-04990,1,New Low-Spend Basic Customers,7,29.8,201.95,28.849999999999998,1,No,0
CUST-04991,1,New Low-Spend Basic Customers,6,45.5,285.2,47.53333333333333,1,No,0
CUST-04992,0,High-Value Long-Term Power Users,58,106.45,6145.85,105.96293103448276,6,Yes,1
CUST-04993,3,Loyal Low-Spend Long-Termers,51,30.05,1529.45,29.98921568627451,1,No,0
CUST-04994,0,High-Value Long-Term Power Users,72,65.65,4664.5,64.78472222222223,6,No,0
CUST-04995,2,High-Spend At-Risk Onboarders,18,96.05,1740.7,96.70555555555556,4,Yes,1
CUST-04996,2,High-Spend At-Risk Onboarders,7,75.1,552.95,78.99285714285715,2,Yes,1
CUST-04997,0,High-Value Long-Term Power Users,47,74.05,3496.3,74.38936170212766,6,No,0
CUST-04998,1,New Low-Spend Basic Customers,2,44.7,93.7,46.85,1,Yes,1
CUST-04999,0,High-Value Long-Term Power Users,62,110.75,7053.35,113.76370967741936,7,No,0
CUST-05000,1,New Low-Spend Basic Customers,16,19.7,301.55,18.846875,1,No,0
CUST-05001,1,New Low-Spend Basic Customers,6,49.5,312.7,52.11666666666667,2,No,0
CUST-05002,2,High-Spend At-Risk Onboarders,19,55.0,1046.5,55.078947368421055,3,Yes,1
CUST-05003,3,Loyal Low-Spend Long-Termers,69,43.95,2960.1,42.9,3,No,0
CUST-05004,2,High-Spend At-Risk Onboarders,11,74.35,834.2,75.83636363636364,2,Yes,1
CUST-05005,0,High-Value Long-Term Power Users,64,111.15,6953.4,108.646875,7,No,0
CUST-05006,0,High-Value Long-Term Power Users,39,104.7,4134.85,106.02179487179488,6,Yes,1
CUST-05007,2,High-Spend At-Risk Onboarders,15,55.7,899.8,59.986666666666665,3,Yes,1
CUST-05008,1,New Low-Spend Basic Customers,25,20.6,541.5,21.66,1,No,0
CUST-05009,1,New Low-Spend Basic Customers,6,19.65,116.85,19.474999999999998,1,No,0
CUST-05010,0,High-Value Long-Term Power Users,66,115.8,7942.15,120.33560606060605,8,No,0
CUST-05011,0,High-Value Long-Term Power Users,61,88.65,5321.25,87.23360655737704,7,No,0
CUST-05012,0,High-Value Long-Term Power Users,43,94.5,4156.8,96.66976744186047,5,No,0
CUST-05013,1,New Low-Spend Basic Customers,12,20.1,223.6,18.633333333333333,1,No,0
CUST-05014,1,New Low-Spend Basic Customers,23,34.65,768.45,33.410869565217396,1,No,0
CUST-05015,3,Loyal Low-Spend Long-Termers,71,52.3,3765.05,53.02887323943662,4,No,0
CUST-05016,2,High-Spend At-Risk Onboarders,34,65.0,2157.5,63.455882352941174,4,No,0
CUST-05017,1,New Low-Spend Basic Customers,5,19.85,108.05,21.61,1,Yes,1
CUST-05018,3,Loyal Low-Spend Long-Termers,41,35.45,1391.65,33.94268292682927,2,No,0
CUST-05019,3,Loyal Low-Spend Long-Termers,72,19.7,1379.8,19.163888888888888,1,No,0
CUST-05020,2,High-Spend At-Risk Onboarders,14,95.6,1273.3,90.95,4,No,0
CUST-05021,3,Loyal Low-Spend Long-Termers,41,19.85,810.45,19.76707317073171,1,No,0
CUST-05022,2,High-Spend At-Risk Onboarders,23,81.85,1810.85,78.73260869565217,3,No,0
CUST-05023,0,High-Value Long-Term Power Users,71,109.3,7782.85,109.61760563380282,7,No,0
CUST-05024,2,High-Spend At-Risk Onboarders,1,70.3,70.3,70.3,1,Yes,1
CUST-05025,3,Loyal Low-Spend Long-Termers,72,25.4,1797.1,24.959722222222222,2,No,0
CUST-05026,2,High-Spend At-Risk Onboarders,6,69.8,377.85,62.975,1,No,0
CUST-05027,1,New Low-Spend Basic Customers,23,20.0,445.3,19.360869565217392,1,No,0
CUST-05028,2,High-Spend At-Risk Onboarders,10,85.55,851.75,85.175,3,Yes,1
CUST-05029,0,High-Value Long-Term Power Users,72,109.9,7624.2,105.89166666666667,7,No,0
CUST-05030,1,New Low-Spend Basic Customers,7,50.3,355.1,50.728571428571435,2,No,0
CUST-05031,2,High-Spend At-Risk Onboarders,6,94.5,575.45,95.90833333333335,4,Yes,1
CUST-05032,2,High-Spend At-Risk Onboarders,9,101.5,906.85,100.76111111111112,5,No,0
CUST-05033,2,High-Spend At-Risk Onboarders,12,89.15,1057.55,88.12916666666666,4,No,0
CUST-05034,1,New Low-Spend Basic Customers,1,19.4,19.4,19.4,1,No,0
CUST-05035,3,Loyal Low-Spend Long-Termers,48,29.9,1388.75,28.932291666666668,1,No,0
CUST-05036,2,High-Spend At-Risk Onboarders,20,78.8,1641.3,82.065,2,No,0
CUST-05037,2,High-Spend At-Risk Onboarders,16,85.35,1375.15,85.946875,3,Yes,1
CUST-05038,2,High-Spend At-Risk Onboarders,2,79.65,152.7,76.35,2,Yes,1
CUST-05039,1,New Low-Spend Basic Customers,10,19.3,185.2,18.52,1,No,0
CUST-05040,2,High-Spend At-Risk Onboarders,2,79.6,195.05,97.525,2,Yes,1
CUST-05041,2,High-Spend At-Risk Onboarders,20,96.8,1826.7,91.33500000000001,5,No,0
CUST-05042,1,New Low-Spend Basic Customers,20,20.65,417.5,20.875,1,No,0
CUST-05043,1,New Low-Spend Basic Customers,19,19.8,344.5,18.13157894736842,1,No,0
CUST-05044,2,High-Spend At-Risk Onboarders,19,90.6,1660.0,87.36842105263158,4,Yes,1
CUST-05045,2,High-Spend At-Risk Onboarders,22,104.6,2180.55,99.1159090909091,6,No,0
CUST-05046,2,High-Spend At-Risk Onboarders,35,80.05,2835.9,81.02571428571429,3,No,0
CUST-05047,1,New Low-Spend Basic Customers,1,45.15,45.15,45.15,1,No,0
CUST-05048,2,High-Spend At-Risk Onboarders,39,73.15,2730.85,70.02179487179487,2,No,0
CUST-05049,0,High-Value Long-Term Power Users,54,99.1,5437.1,100.68703703703704,5,No,0
CUST-05050,1,New Low-Spend Basic Customers,1,20.2,20.2,20.2,1,Yes,1
CUST-05051,0,High-Value Long-Term Power Users,66,106.05,6981.35,105.7780303030303,6,Yes,1
CUST-05052,0,High-Value Long-Term Power Users,56,105.35,5794.45,103.47232142857142,6,No,0
CUST-05053,1,New Low-Spend Basic Customers,18,45.65,747.2,41.51111111111111,1,No,0
CUST-05054,2,High-Spend At-Risk Onboarders,16,79.95,1267.95,79.246875,3,No,0
CUST-05055,3,Loyal Low-Spend Long-Termers,68,54.45,3674.95,54.04338235294117,3,No,0
CUST-05056,3,Loyal Low-Spend Long-Termers,53,25.1,1275.6,24.067924528301884,2,No,0
CUST-05057,0,High-Value Long-Term Power Users,72,84.7,5893.9,81.85972222222222,7,No,0
CUST-05058,2,High-Spend At-Risk Onboarders,9,75.85,724.65,80.51666666666667,2,No,0
CUST-05059,3,Loyal Low-Spend Long-Termers,30,48.8,1536.75,51.225,2,No,0
CUST-05060,0,High-Value Long-Term Power Users,36,99.15,3615.6,100.43333333333334,5,Yes,1
CUST-05061,1,New Low-Spend Basic Customers,18,35.2,607.3,33.73888888888889,2,No,0
CUST-05062,0,High-Value Long-Term Power Users,55,76.25,4154.55,75.53727272727274,6,No,0
CUST-05063,2,High-Spend At-Risk Onboarders,39,55.9,2184.35,56.008974358974356,4,Yes,1
CUST-05064,2,High-Spend At-Risk Onboarders,21,82.35,1852.85,88.23095238095237,3,Yes,1
CUST-05065,1,New Low-Spend Basic Customers,2,40.4,77.15,38.575,3,Yes,1
CUST-05066,1,New Low-Spend Basic Customers,33,24.9,847.8,25.690909090909088,2,No,0
CUST-05067,3,Loyal Low-Spend Long-Termers,44,54.3,2390.45,54.32840909090908,4,No,0
CUST-05068,2,High-Spend At-Risk Onboarders,30,66.3,1923.5,64.11666666666666,4,No,0
CUST-05069,3,Loyal Low-Spend Long-Termers,71,20.9,1493.2,21.03098591549296,1,No,0
CUST-05070,2,High-Spend At-Risk Onboarders,4,75.35,338.1,84.525,2,Yes,1
CUST-05071,2,High-Spend At-Risk Onboarders,35,85.15,3030.6,86.58857142857143,3,Yes,1
CUST-05072,2,High-Spend At-Risk Onboarders,1,75.35,75.35,75.35,2,No,0
CUST-05073,2,High-Spend At-Risk Onboarders,23,104.45,2184.85,94.99347826086957,6,No,0
CUST-05074,1,New Low-Spend Basic Customers,22,49.45,1031.4,46.88181818181818,3,No,0
CUST-05075,3,Loyal Low-Spend Long-Termers,49,19.45,921.3,18.802040816326528,1,No,0
CUST-05076,0,High-Value Long-Term Power Users,42,92.15,3875.4,92.27142857142857,4,No,0
CUST-05077,2,High-Spend At-Risk Onboarders,33,93.8,3124.5,94.68181818181819,4,Yes,1
CUST-05078,1,New Low-Spend Basic Customers,7,19.85,144.15,20.592857142857145,1,No,0
CUST-05079,0,High-Value Long-Term Power Users,67,100.25,6689.0,99.83582089552239,6,No,0
CUST-05080,2,High-Spend At-Risk Onboarders,15,95.7,1451.1,96.74,5,No,0
CUST-05081,0,High-Value Long-Term Power Users,67,93.15,6368.2,95.04776119402985,5,No,0
CUST-05082,0,High-Value Long-Term Power Users,53,69.7,3729.6,70.36981132075472,5,No,0
CUST-05083,1,New Low-Spend Basic Customers,21,19.8,350.1,16.67142857142857,1,No,0
CUST-05084,2,High-Spend At-Risk Onboarders,40,71.35,2847.2,71.17999999999999,5,No,0
CUST-05085,1,New Low-Spend Basic Customers,22,20.75,452.35,20.561363636363637,1,No,0
CUST-05086,3,Loyal Low-Spend Long-Termers,39,40.6,1494.5,38.32051282051282,2,No,0
CUST-05087,3,Loyal Low-Spend Long-Termers,45,20.4,930.45,20.67666666666667,1,Yes,1
CUST-05088,1,New Low-Spend Basic Customers,2,20.35,41.85,20.925,1,No,0
CUST-05089,3,Loyal Low-Spend Long-Termers,57,19.75,1272.05,22.316666666666666,1,No,0
CUST-05090,2,High-Spend At-Risk Onboarders,8,54.4,475.1,59.3875,2,No,0
CUST-05091,2,High-Spend At-Risk Onboarders,7,94.7,673.1,96.15714285714286,5,Yes,1
CUST-05092,1,New Low-Spend Basic Customers,6,30.5,208.7,34.78333333333333,1,Yes,1
CUST-05093,1,New Low-Spend Basic Customers,7,20.45,150.75,21.535714285714285,1,No,0
CUST-05094,2,High-Spend At-Risk Onboarders,49,66.15,3199.0,65.28571428571429,4,No,0
CUST-05095,0,High-Value Long-Term Power Users,65,89.85,5844.65,89.9176923076923,5,No,0
CUST-05096,3,Loyal Low-Spend Long-Termers,55,45.05,2462.6,44.77454545454545,1,No,0
CUST-05097,0,High-Value Long-Term Power Users,71,86.85,6263.8,88.22253521126761,8,No,0
CUST-05098,0,High-Value Long-Term Power Users,35,96.75,3403.4,97.24000000000001,6,No,0
CUST-05099,2,High-Spend At-Risk Onboarders,3,77.0,237.75,79.25,2,Yes,1
CUST-05100,1,New Low-Spend Basic Customers,11,20.1,221.35,20.12272727272727,1,Yes,1
CUST-05101,2,High-Spend At-Risk Onboarders,1,75.3,75.3,75.3,2,Yes,1
CUST-05102,2,High-Spend At-Risk Onboarders,17,106.65,1672.1,98.35882352941177,7,No,0
CUST-05103,0,High-Value Long-Term Power Users,72,110.15,7881.2,109.46111111111111,7,No,0
CUST-05104,2,High-Spend At-Risk Onboarders,28,82.85,2320.8,82.88571428571429,3,No,0
CUST-05105,1,New Low-Spend Basic Customers,18,20.1,370.5,20.583333333333332,1,No,0
CUST-05106,0,High-Value Long-Term Power Users,40,99.2,4062.2,101.55499999999999,5,Yes,1
CUST-05107,3,Loyal Low-Spend Long-Termers,52,59.45,3043.7,58.5326923076923,3,No,0
CUST-05108,3,Loyal Low-Spend Long-Termers,47,58.6,2723.4,57.94468085106383,3,No,0
CUST-05109,1,New Low-Spend Basic Customers,23,49.7,1081.25,47.01086956521739,2,No,0
CUST-05110,0,High-Value Long-Term Power Users,66,65.85,4097.05,62.07651515151515,5,No,0
CUST-05111,2,High-Spend At-Risk Onboarders,8,73.5,632.2,79.025,2,No,0
CUST-05112,0,High-Value Long-Term Power Users,47,85.5,4042.3,86.00638297872341,3,Yes,1
CUST-05113,1,New Low-Spend Basic Customers,7,20.05,164.85,23.55,1,Yes,1
CUST-05114,0,High-Value Long-Term Power Users,71,113.65,8166.8,115.02535211267606,8,No,0
CUST-05115,0,High-Value Long-Term Power Users,50,83.4,4113.7,82.274,4,No,0
CUST-05116,0,High-Value Long-Term Power Users,46,65.65,3047.15,66.24239130434783,5,No,0
CUST-05117,2,High-Spend At-Risk Onboarders,1,70.4,70.4,70.4,1,Yes,1
CUST-05118,0,High-Value Long-Term Power Users,66,61.35,4193.4,63.53636363636363,5,No,0
CUST-05119,0,High-Value Long-Term Power Users,42,85.9,3729.75,88.80357142857143,4,No,0
CUST-05120,2,High-Spend At-Risk Onboarders,5,75.65,399.45,79.89,2,No,0
CUST-05121,1,New Low-Spend Basic Customers,7,49.75,331.3,47.32857142857143,2,Yes,1
CUST-05122,2,High-Spend At-Risk Onboarders,29,70.9,1964.6,67.7448275862069,5,No,0
CUST-05123,1,New Low-Spend Basic Customers,27,49.85,1336.15,49.48703703703704,2,No,0
CUST-05124,2,High-Spend At-Risk Onboarders,15,75.3,1147.45,76.49666666666667,2,Yes,1
CUST-05125,1,New Low-Spend Basic Customers,25,20.1,486.05,19.442,1,No,0
CUST-05126,2,High-Spend At-Risk Onboarders,11,94.0,1078.9,98.08181818181819,4,Yes,1
CUST-05127,0,High-Value Long-Term Power Users,57,103.05,5925.75,103.96052631578948,7,No,0
CUST-05128,0,High-Value Long-Term Power Users,67,118.35,7804.15,116.47985074626865,8,Yes,1
CUST-05129,0,High-Value Long-Term Power Users,47,99.7,4747.2,101.00425531914894,5,No,0
CUST-05130,2,High-Spend At-Risk Onboarders,13,81.9,1028.9,79.14615384615385,2,No,0
CUST-05131,1,New Low-Spend Basic Customers,8,30.45,226.45,28.30625,1,Yes,1
CUST-05132,0,High-Value Long-Term Power Users,44,96.1,4364.1,99.18409090909091,4,Yes,1
CUST-05133,0,High-Value Long-Term Power Users,71,66.2,4692.55,66.09225352112676,4,No,0
CUST-05134,2,High-Spend At-Risk Onboarders,24,104.25,2433.9,101.41250000000001,6,Yes,1
CUST-05135,2,High-Spend At-Risk Onboarders,15,80.2,1217.25,81.15,3,Yes,1
CUST-05136,1,New Low-Spend Basic Customers,1,19.75,19.75,19.75,1,No,0
CUST-05137,2,High-Spend At-Risk Onboarders,2,72.6,154.3,77.15,2,No,0
CUST-05138,0,High-Value Long-Term Power Users,55,116.5,6382.55,116.04636363636364,8,No,0
CUST-05139,0,High-Value Long-Term Power Users,71,106.8,7623.2,107.36901408450704,6,No,0
CUST-05140,3,Loyal Low-Spend Long-Termers,50,24.95,1261.45,25.229,2,No,0
CUST-05141,2,High-Spend At-Risk Onboarders,1,89.25,89.25,89.25,3,No,0
CUST-05142,1,New Low-Spend Basic Customers,5,19.25,86.05,17.21,1,No,0
CUST-05143,0,High-Value Long-Term Power Users,66,104.55,6779.05,102.7128787878788,7,No,0
CUST-05144,0,High-Value Long-Term Power Users,49,87.2,4345.0,88.6734693877551,7,No,0
CUST-05145,1,New Low-Spend Basic Customers,3,30.75,82.85,27.616666666666664,1,No,0
CUST-05146,3,Loyal Low-Spend Long-Termers,66,25.7,1714.55,25.9780303030303,2,No,0
CUST-05147,2,High-Spend At-Risk Onboarders,11,86.2,893.2,81.2,3,No,0
CUST-05148,1,New Low-Spend Basic Customers,28,30.1,810.85,28.958928571428572,1,No,0
CUST-05149,0,High-Value Long-Term Power Users,65,99.35,6347.55,97.65461538461538,6,No,0
CUST-05150,3,Loyal Low-Spend Long-Termers,62,19.2,1123.65,18.123387096774195,1,No,0
CUST-05151,1,New Low-Spend Basic Customers,2,20.1,43.15,21.575,1,No,0
CUST-05152,1,New Low-Spend Basic Customers,2,20.35,35.1,17.55,1,No,0
CUST-05153,3,Loyal Low-Spend Long-Termers,55,25.65,1388.0,25.236363636363638,2,No,0
CUST-05154,0,High-Value Long-Term Power Users,41,94.55,3851.45,93.93780487804878,4,No,0
CUST-05155,2,High-Spend At-Risk Onboarders,17,104.2,1743.5,102.55882352941177,6,Yes,1
CUST-05156,2,High-Spend At-Risk Onboarders,30,94.4,2638.1,87.93666666666667,4,No,0
CUST-05157,2,High-Spend At-Risk Onboarders,17,56.1,946.95,55.70294117647059,3,No,0
CUST-05158,2,High-Spend At-Risk Onboarders,16,68.25,1114.85,69.678125,5,No,0
CUST-05159,3,Loyal Low-Spend Long-Termers,72,24.75,1777.6,24.688888888888886,2,No,0
CUST-05160,2,High-Spend At-Risk Onboarders,9,76.25,684.85,76.09444444444445,2,No,0
CUST-05161,2,High-Spend At-Risk Onboarders,1,74.35,74.35,74.35,2,No,0
CUST-05162,2,High-Spend At-Risk Onboarders,23,54.15,1312.45,57.06304347826087,3,No,0
CUST-05163,1,New Low-Spend Basic Customers,8,19.45,159.2,19.9,1,No,0
CUST-05164,1,New Low-Spend Basic Customers,19,34.95,610.2,32.11578947368421,2,No,0
CUST-05165,2,High-Spend At-Risk Onboarders,7,53.65,404.35,57.76428571428572,3,No,0
CUST-05166,2,High-Spend At-Risk Onboarders,1,69.65,69.65,69.65,1,Yes,1
CUST-05167,0,High-Value Long-Term Power Users,61,104.0,6363.45,104.31885245901638,6,No,0
CUST-05168,0,High-Value Long-Term Power Users,57,70.35,4124.65,72.36228070175439,5,No,0
CUST-05169,2,High-Spend At-Risk Onboarders,9,80.8,713.1,79.23333333333333,2,Yes,1
CUST-05170,2,High-Spend At-Risk Onboarders,15,64.85,950.75,63.38333333333333,4,No,0
CUST-05171,1,New Low-Spend Basic Customers,1,19.65,19.65,19.65,1,No,0
CUST-05172,1,New Low-Spend Basic Customers,12,45.9,505.95,42.1625,1,No,0
CUST-05173,3,Loyal Low-Spend Long-Termers,54,20.0,1149.65,21.289814814814818,1,No,0
CUST-05174,1,New Low-Spend Basic Customers,4,44.8,169.65,42.4125,1,No,0
CUST-05175,2,High-Spend At-Risk Onboarders,7,80.3,526.7,75.24285714285715,2,Yes,1
CUST-05176,1,New Low-Spend Basic Customers,20,20.35,393.15,19.6575,1,No,0
CUST-05177,1,New Low-Spend Basic Customers,26,45.8,1147.0,44.11538461538461,3,No,0
CUST-05178,2,High-Spend At-Risk Onboarders,36,84.1,3021.6,83.93333333333334,3,Yes,1
CUST-05179,0,High-Value Long-Term Power Users,53,108.95,5718.2,107.89056603773585,7,No,0
CUST-05180,2,High-Spend At-Risk Onboarders,3,69.35,191.35,63.78333333333333,4,Yes,1
CUST-05181,0,High-Value Long-Term Power Users,68,64.35,4539.6,66.75882352941177,6,No,0
CUST-05182,0,High-Value Long-Term Power Users,72,90.8,6397.6,88.85555555555555,8,No,0
CUST-05183,1,New Low-Spend Basic Customers,12,24.95,280.4,23.366666666666664,2,No,0
CUST-05184,2,High-Spend At-Risk Onboarders,34,79.6,2718.3,79.95,3,Yes,1
CUST-05185,0,High-Value Long-Term Power Users,68,84.7,5711.05,83.9860294117647,4,No,0
CUST-05186,0,High-Value Long-Term Power Users,50,70.8,3478.15,69.563,5,No,0
CUST-05187,1,New Low-Spend Basic Customers,1,36.45,36.45,36.45,1,Yes,1
CUST-05188,0,High-Value Long-Term Power Users,41,104.4,4133.95,100.8280487804878,6,No,0
CUST-05189,2,High-Spend At-Risk Onboarders,30,101.5,2917.65,97.25500000000001,5,No,0
CUST-05190,2,High-Spend At-Risk Onboarders,1,54.3,54.3,54.3,3,No,0
CUST-05191,2,High-Spend At-Risk Onboarders,29,103.95,2964.8,102.2344827586207,5,No,0
CUST-05192,0,High-Value Long-Term Power Users,23,91.1,2198.3,95.57826086956523,8,No,0
CUST-05193,3,Loyal Low-Spend Long-Termers,60,19.95,1189.9,19.831666666666667,1,No,0
CUST-05194,3,Loyal Low-Spend Long-Termers,72,26.45,1914.5,26.59027777777778,2,No,0
CUST-05195,2,High-Spend At-Risk Onboarders,22,89.4,2001.5,90.97727272727273,4,Yes,1
CUST-05196,0,High-Value Long-Term Power Users,72,75.1,5336.35,74.11597222222223,6,No,0
CUST-05197,0,High-Value Long-Term Power Users,66,108.1,7238.6,109.67575757575759,6,No,0
CUST-05198,0,High-Value Long-Term Power Users,72,110.15,7998.8,111.09444444444445,7,No,0
CUST-05199,0,High-Value Long-Term Power Users,47,80.35,3825.85,81.40106382978723,3,Yes,1
CUST-05200,0,High-Value Long-Term Power Users,51,111.5,5703.25,111.82843137254902,7,No,0
CUST-05201,0,High-Value Long-Term Power Users,70,106.5,7397.0,105.67142857142858,6,No,0
CUST-05202,1,New Low-Spend Basic Customers,9,19.9,164.6,18.288888888888888,1,No,0
CUST-05203,0,High-Value Long-Term Power Users,59,111.1,6555.2,111.10508474576271,7,No,0
CUST-05204,2,High-Spend At-Risk Onboarders,3,70.7,225.65,75.21666666666667,4,No,0
CUST-05205,3,Loyal Low-Spend Long-Termers,38,24.85,955.75,25.151315789473685,0,No,0
CUST-05206,0,High-Value Long-Term Power Users,37,91.2,3382.3,91.41351351351352,5,No,0
CUST-05207,2,High-Spend At-Risk Onboarders,37,65.6,2313.8,62.53513513513514,5,No,0
CUST-05208,1,New Low-Spend Basic Customers,24,40.65,933.3,38.887499999999996,2,Yes,1
CUST-05209,2,High-Spend At-Risk Onboarders,14,59.45,780.85,55.775,4,No,0
CUST-05210,0,High-Value Long-Term Power Users,72,109.95,7852.4,109.0611111111111,7,No,0
CUST-05211,0,High-Value Long-Term Power Users,53,60.45,3184.25,60.08018867924528,5,Yes,1
CUST-05212,2,High-Spend At-Risk Onboarders,8,84.9,764.95,95.61875,3,Yes,1
CUST-05213,3,Loyal Low-Spend Long-Termers,72,38.5,2763.0,38.375,3,No,0
CUST-05214,2,High-Spend At-Risk Onboarders,17,92.55,1614.7,94.98235294117647,4,No,0
CUST-05215,2,High-Spend At-Risk Onboarders,2,73.55,145.4,72.7,2,Yes,1
CUST-05216,1,New Low-Spend Basic Customers,8,20.15,156.25,19.53125,1,Yes,1
CUST-05217,3,Loyal Low-Spend Long-Termers,48,34.7,1604.5,33.427083333333336,2,Yes,1
CUST-05218,1,New Low-Spend Basic Customers,10,24.5,270.15,27.014999999999997,2,No,0
CUST-05219,1,New Low-Spend Basic Customers,0,19.7,0.0,19.7,1,No,0
CUST-05220,1,New Low-Spend Basic Customers,1,20.6,20.6,20.6,1,No,0
CUST-05221,2,High-Spend At-Risk Onboarders,29,58.0,1734.5,59.810344827586206,4,No,0
CUST-05222,0,High-Value Long-Term Power Users,65,107.45,7047.5,108.42307692307692,6,No,0
CUST-05223,2,High-Spend At-Risk Onboarders,8,65.5,573.15,71.64375,5,No,0
CUST-05224,3,Loyal Low-Spend Long-Termers,61,25.45,1538.6,25.22295081967213,2,No,0
CUST-05225,0,High-Value Long-Term Power Users,45,100.15,4459.8,99.10666666666667,5,No,0
CUST-05226,0,High-Value Long-Term Power Users,72,104.45,7459.0,103.59722222222223,6,No,0
CUST-05227,1,New Low-Spend Basic Customers,12,21.15,306.05,25.504166666666666,1,No,0
CUST-05228,2,High-Spend At-Risk Onboarders,7,96.2,639.7,91.38571428571429,4,No,0
CUST-05229,1,New Low-Spend Basic Customers,9,44.4,348.15,38.68333333333333,1,No,0
CUST-05230,0,High-Value Long-Term Power Users,43,107.55,4533.9,105.43953488372092,6,Yes,1
CUST-05231,0,High-Value Long-Term Power Users,58,94.35,5563.65,95.925,5,No,0
CUST-05232,2,High-Spend At-Risk Onboarders,16,98.75,1587.55,99.221875,5,Yes,1
CUST-05233,1,New Low-Spend Basic Customers,2,20.3,40.25,20.125,1,No,0
CUST-05234,2,High-Spend At-Risk Onboarders,8,101.15,842.9,105.3625,5,Yes,1
CUST-05235,0,High-Value Long-Term Power Users,40,105.75,4228.55,105.71375,6,No,0
CUST-05236,2,High-Spend At-Risk Onboarders,9,81.15,784.45,87.16111111111111,3,No,0
CUST-05237,0,High-Value Long-Term Power Users,41,89.55,3729.75,90.96951219512195,4,No,0
CUST-05238,2,High-Spend At-Risk Onboarders,26,54.75,1406.9,54.111538461538466,3,No,0
CUST-05239,2,High-Spend At-Risk Onboarders,33,53.75,1857.3,56.28181818181818,3,No,0
CUST-05240,0,High-Value Long-Term Power Users,68,105.75,7322.5,107.68382352941177,6,No,0
CUST-05241,0,High-Value Long-Term Power Users,65,105.85,6725.5,103.46923076923076,6,No,0
CUST-05242,0,High-Value Long-Term Power Users,55,64.2,3627.3,65.9509090909091,4,No,0
CUST-05243,2,High-Spend At-Risk Onboarders,20,88.7,1761.45,88.0725,4,Yes,1
CUST-05244,2,High-Spend At-Risk Onboarders,19,87.7,1725.95,90.83947368421053,3,No,0
CUST-05245,0,High-Value Long-Term Power Users,45,89.3,4192.15,93.15888888888888,4,No,0
CUST-05246,3,Loyal Low-Spend Long-Termers,70,20.15,1411.2,20.16,1,No,0
CUST-05247,2,High-Spend At-Risk Onboarders,2,79.75,164.5,82.25,2,Yes,1
CUST-05248,2,High-Spend At-Risk Onboarders,27,94.55,2724.6,100.91111111111111,4,Yes,1
CUST-05249,1,New Low-Spend Basic Customers,12,20.05,264.55,22.045833333333334,1,No,0
CUST-05250,0,High-Value Long-Term Power Users,72,67.2,4671.7,64.88472222222222,6,No,0
CUST-05251,2,High-Spend At-Risk Onboarders,12,94.55,1173.55,97.79583333333333,4,No,0
CUST-05252,2,High-Spend At-Risk Onboarders,5,69.05,318.5,63.7,1,Yes,1
CUST-05253,0,High-Value Long-Term Power Users,71,107.5,7713.55,108.64154929577465,7,No,0
CUST-05254,2,High-Spend At-Risk Onboarders,35,73.0,2471.25,70.60714285714286,5,No,0
CUST-05255,0,High-Value Long-Term Power Users,70,114.75,7842.3,112.03285714285714,8,No,0
CUST-05256,2,High-Spend At-Risk Onboarders,31,76.05,2227.8,71.86451612903227,2,No,0
CUST-05257,0,High-Value Long-Term Power Users,52,96.25,4990.25,95.96634615384616,5,Yes,1
CUST-05258,0,High-Value Long-Term Power Users,37,101.1,3744.05,101.19054054054054,5,Yes,1
CUST-05259,0,High-Value Long-Term Power Users,69,104.7,7220.35,104.64275362318841,6,Yes,1
CUST-05260,2,High-Spend At-Risk Onboarders,30,77.9,2351.45,78.38166666666666,2,No,0
CUST-05261,2,High-Spend At-Risk Onboarders,33,90.65,2989.6,90.5939393939394,4,No,0
CUST-05262,0,High-Value Long-Term Power Users,54,110.45,6077.75,112.55092592592592,7,No,0
CUST-05263,0,High-Value Long-Term Power Users,59,68.7,4070.95,68.99915254237288,5,No,0
CUST-05264,3,Loyal Low-Spend Long-Termers,55,44.85,2479.05,45.07363636363637,3,No,0
CUST-05265,3,Loyal Low-Spend Long-Termers,69,29.8,2134.3,30.93188405797102,1,No,0
CUST-05266,0,High-Value Long-Term Power Users,66,88.9,6000.1,90.91060606060607,4,No,0
CUST-05267,2,High-Spend At-Risk Onboarders,37,58.75,2203.1,59.54324324324324,4,No,0
CUST-05268,1,New Low-Spend Basic Customers,9,19.85,183.15,20.35,1,No,0
CUST-05269,0,High-Value Long-Term Power Users,69,86.9,6194.1,89.7695652173913,7,No,0
CUST-05270,2,High-Spend At-Risk Onboarders,10,59.65,638.95,63.895,3,No,0
CUST-05271,3,Loyal Low-Spend Long-Termers,40,55.25,2139.2,53.48,3,Yes,1
CUST-05272,2,High-Spend At-Risk Onboarders,13,66.4,831.75,63.98076923076923,3,No,0
CUST-05273,2,High-Spend At-Risk Onboarders,6,90.1,521.3,86.88333333333333,4,Yes,1
CUST-05274,3,Loyal Low-Spend Long-Termers,69,20.15,1337.5,19.384057971014492,1,No,0
CUST-05275,0,High-Value Long-Term Power Users,66,108.1,7181.95,108.81742424242424,7,No,0
CUST-05276,2,High-Spend At-Risk Onboarders,11,53.75,608.0,55.27272727272727,3,Yes,1
CUST-05277,3,Loyal Low-Spend Long-Termers,46,56.9,2560.1,55.654347826086955,4,No,0
CUST-05278,2,High-Spend At-Risk Onboarders,6,89.3,577.6,96.26666666666667,3,Yes,1
CUST-05279,0,High-Value Long-Term Power Users,56,109.6,5953.0,106.30357142857143,7,No,0
CUST-05280,3,Loyal Low-Spend Long-Termers,70,25.15,1790.15,25.57357142857143,2,No,0
CUST-05281,2,High-Spend At-Risk Onboarders,33,79.15,2531.4,76.70909090909092,6,No,0
CUST-05282,0,High-Value Long-Term Power Users,72,66.75,4760.3,66.11527777777778,5,No,0
CUST-05283,2,High-Spend At-Risk Onboarders,3,95.2,292.85,97.61666666666667,4,Yes,1
CUST-05284,1,New Low-Spend Basic Customers,19,48.8,953.65,50.19210526315789,2,No,0
CUST-05285,1,New Low-Spend Basic Customers,5,45.7,198.0,39.6,2,Yes,1
CUST-05286,0,High-Value Long-Term Power Users,71,80.7,5705.05,80.35281690140846,6,No,0
CUST-05287,2,High-Spend At-Risk Onboarders,8,74.5,609.9,76.2375,2,Yes,1
CUST-05288,1,New Low-Spend Basic Customers,1,20.55,20.55,20.55,1,No,0
CUST-05289,2,High-Spend At-Risk Onboarders,1,79.65,79.65,79.65,2,Yes,1
CUST-05290,0,High-Value Long-Term Power Users,61,115.1,6993.65,114.64999999999999,8,No,0
CUST-05291,0,High-Value Long-Term Power Users,71,59.7,4122.65,58.06549295774647,5,No,0
CUST-05292,0,High-Value Long-Term Power Users,68,86.45,5762.95,84.74926470588235,4,No,0
CUST-05293,3,Loyal Low-Spend Long-Termers,46,33.7,1537.85,33.43152173913043,2,No,0
CUST-05294,2,High-Spend At-Risk Onboarders,33,80.1,2603.3,78.88787878787879,3,No,0
CUST-05295,0,High-Value Long-Term Power Users,53,104.05,5566.4,105.02641509433961,7,No,0
CUST-05296,0,High-Value Long-Term Power Users,50,108.75,5431.9,108.63799999999999,7,No,0
CUST-05297,3,Loyal Low-Spend Long-Termers,57,41.1,2258.25,39.61842105263158,3,No,0
CUST-05298,3,Loyal Low-Spend Long-Termers,54,20.35,1092.35,20.2287037037037,1,No,0
CUST-05299,0,High-Value Long-Term Power Users,60,105.9,6401.25,106.6875,6,No,0
CUST-05300,2,High-Spend At-Risk Onboarders,28,101.3,2812.2,100.43571428571428,5,Yes,1
CUST-05301,2,High-Spend At-Risk Onboarders,1,80.05,80.05,80.05,2,Yes,1
CUST-05302,2,High-Spend At-Risk Onboarders,29,89.2,2698.35,93.04655172413793,4,Yes,1
CUST-05303,2,High-Spend At-Risk Onboarders,10,65.5,616.9,61.69,4,No,0
CUST-05304,3,Loyal Low-Spend Long-Termers,43,40.45,1912.85,44.48488372093023,3,No,0
CUST-05305,2,High-Spend At-Risk Onboarders,13,70.45,849.1,65.31538461538462,1,No,0
CUST-05306,0,High-Value Long-Term Power Users,43,78.8,3460.3,80.47209302325582,6,No,0
CUST-05307,2,High-Spend At-Risk Onboarders,19,83.65,1465.75,77.14473684210526,3,Yes,1
CUST-05308,2,High-Spend At-Risk Onboarders,1,90.1,90.1,90.1,3,No,0
CUST-05309,0,High-Value Long-Term Power Users,69,82.45,5555.3,80.51159420289855,6,No,0
CUST-05310,3,Loyal Low-Spend Long-Termers,61,20.25,1278.8,20.963934426229507,1,No,0
CUST-05311,2,High-Spend At-Risk Onboarders,43,66.25,2907.35,67.61279069767441,5,No,0
CUST-05312,1,New Low-Spend Basic Customers,6,19.5,146.3,24.383333333333336,1,Yes,1
CUST-05313,1,New Low-Spend Basic Customers,1,51.25,51.25,51.25,2,Yes,1
CUST-05314,0,High-Value Long-Term Power Users,56,89.7,4952.95,88.44553571428571,3,No,0
CUST-05315,0,High-Value Long-Term Power Users,70,64.55,4504.9,64.35571428571428,6,No,0
CUST-05316,1,New Low-Spend Basic Customers,1,45.6,45.6,45.6,1,Yes,1
CUST-05317,0,High-Value Long-Term Power Users,49,93.65,4520.15,92.24795918367346,5,No,0
CUST-05318,1,New Low-Spend Basic Customers,6,49.65,267.35,44.55833333333334,2,Yes,1
CUST-05319,2,High-Spend At-Risk Onboarders,32,73.6,2316.85,72.4015625,6,No,0
CUST-05320,0,High-Value Long-Term Power Users,72,109.75,8075.35,112.1576388888889,7,No,0
CUST-05321,2,High-Spend At-Risk Onboarders,37,61.45,2302.35,62.225675675675674,4,No,0
CUST-05322,0,High-Value Long-Term Power Users,69,106.4,7251.9,105.1,6,No,0
CUST-05323,2,High-Spend At-Risk Onboarders,26,81.9,2078.55,79.94423076923077,6,No,0
CUST-05324,0,High-Value Long-Term Power Users,58,105.2,6225.4,107.33448275862068,6,No,0
CUST-05325,2,High-Spend At-Risk Onboarders,24,54.6,1242.25,51.760416666666664,3,No,0
CUST-05326,1,New Low-Spend Basic Customers,5,20.55,99.45,19.89,1,No,0
CUST-05327,1,New Low-Spend Basic Customers,15,20.0,288.05,19.203333333333333,1,Yes,1
CUST-05328,1,New Low-Spend Basic Customers,30,19.7,599.25,19.975,1,No,0
CUST-05329,0,High-Value Long-Term Power Users,55,66.05,3462.1,62.947272727272725,5,No,0
CUST-05330,1,New Low-Spend Basic Customers,25,34.0,853.0,34.12,1,Yes,1
CUST-05331,2,High-Spend At-Risk Onboarders,10,92.5,934.1,93.41,5,Yes,1
CUST-05332,3,Loyal Low-Spend Long-Termers,44,54.05,2375.2,53.98181818181818,5,No,0
CUST-05333,3,Loyal Low-Spend Long-Termers,47,58.9,2813.05,59.85212765957447,4,No,0
CUST-05334,2,High-Spend At-Risk Onboarders,13,88.35,1222.8,94.06153846153846,3,Yes,1
CUST-05335,0,High-Value Long-Term Power Users,49,107.95,5293.2,108.02448979591837,7,Yes,1
CUST-05336,0,High-Value Long-Term Power Users,64,96.9,6314.35,98.66171875,5,No,0
CUST-05337,1,New Low-Spend Basic Customers,1,19.1,19.1,19.1,1,No,0
CUST-05338,1,New Low-Spend Basic Customers,20,50.0,1003.05,50.152499999999996,2,No,0
CUST-05339,3,Loyal Low-Spend Long-Termers,37,45.4,1593.1,43.056756756756755,3,No,0
CUST-05340,2,High-Spend At-Risk Onboarders,30,85.45,2509.95,83.66499999999999,3,No,0
CUST-05341,0,High-Value Long-Term Power Users,38,84.1,3187.65,83.88552631578948,7,No,0
CUST-05342,2,High-Spend At-Risk Onboarders,1,74.45,74.45,74.45,2,Yes,1
CUST-05343,2,High-Spend At-Risk Onboarders,37,64.75,2345.2,63.38378378378378,3,Yes,1
CUST-05344,0,High-Value Long-Term Power Users,52,66.25,3330.1,64.04038461538461,6,No,0
CUST-05345,0,High-Value Long-Term Power Users,71,76.9,5522.7,77.78450704225352,6,No,0
CUST-05346,2,High-Spend At-Risk Onboarders,26,89.8,2335.3,89.81923076923077,4,Yes,1
CUST-05347,0,High-Value Long-Term Power Users,66,74.6,4798.4,72.7030303030303,6,No,0
CUST-05348,0,High-Value Long-Term Power Users,72,116.95,8594.4,119.36666666666666,8,No,0
CUST-05349,1,New Low-Spend Basic Customers,25,40.65,970.55,38.821999999999996,2,No,0
CUST-05350,0,High-Value Long-Term Power Users,69,114.35,7665.8,111.09855072463769,8,No,0
CUST-05351,0,High-Value Long-Term Power Users,53,69.7,3686.05,69.54811320754717,5,No,0
CUST-05352,2,High-Spend At-Risk Onboarders,12,95.5,1115.15,92.92916666666667,4,Yes,1
CUST-05353,2,High-Spend At-Risk Onboarders,26,98.65,2537.0,97.57692307692308,5,No,0
CUST-05354,2,High-Spend At-Risk Onboarders,21,61.65,1393.6,66.36190476190475,3,No,0
CUST-05355,2,High-Spend At-Risk Onboarders,1,89.35,89.35,89.35,3,No,0
CUST-05356,0,High-Value Long-Term Power Users,48,95.4,4445.3,92.61041666666667,5,No,0
CUST-05357,1,New Low-Spend Basic Customers,26,35.4,978.6,37.63846153846154,2,No,0
CUST-05358,3,Loyal Low-Spend Long-Termers,60,19.95,1258.15,20.96916666666667,1,No,0
CUST-05359,1,New Low-Spend Basic Customers,18,19.25,331.35,18.408333333333335,1,No,0
CUST-05360,1,New Low-Spend Basic Customers,10,29.65,291.4,29.139999999999997,1,Yes,1
CUST-05361,2,High-Spend At-Risk Onboarders,5,84.5,453.75,90.75,4,Yes,1
CUST-05362,1,New Low-Spend Basic Customers,4,20.4,84.75,21.1875,1,No,0
CUST-05363,3,Loyal Low-Spend Long-Termers,65,24.75,1715.1,26.386153846153846,2,No,0
CUST-05364,3,Loyal Low-Spend Long-Termers,70,25.35,1715.15,24.502142857142857,2,No,0
CUST-05365,2,High-Spend At-Risk Onboarders,18,90.7,1597.25,88.73611111111111,4,Yes,1
CUST-05366,3,Loyal Low-Spend Long-Termers,62,20.0,1250.1,20.16290322580645,1,No,0
CUST-05367,3,Loyal Low-Spend Long-Termers,66,59.75,3996.8,60.55757575757576,3,No,0
CUST-05368,0,High-Value Long-Term Power Users,65,82.5,5215.1,80.2323076923077,7,No,0
CUST-05369,2,High-Spend At-Risk Onboarders,3,70.3,235.5,78.5,1,Yes,1
CUST-05370,1,New Low-Spend Basic Customers,34,20.35,673.2,19.8,1,No,0
CUST-05371,2,High-Spend At-Risk Onboarders,16,90.8,1442.2,90.1375,4,No,0
CUST-05372,0,High-Value Long-Term Power Users,54,103.95,5639.05,104.42685185185185,6,Yes,1
CUST-05373,0,High-Value Long-Term Power Users,50,104.95,5222.35,104.447,6,No,0
CUST-05374,0,High-Value Long-Term Power Users,71,105.25,7291.75,102.70070422535211,6,No,0
CUST-05375,2,High-Spend At-Risk Onboarders,10,74.75,799.65,79.965,2,Yes,1
CUST-05376,1,New Low-Spend Basic Customers,1,50.8,50.8,50.8,2,Yes,1
CUST-05377,1,New Low-Spend Basic Customers,18,23.75,424.5,23.583333333333332,2,No,0
CUST-05378,2,High-Spend At-Risk Onboarders,4,61.3,249.4,62.35,3,No,0
CUST-05379,0,High-Value Long-Term Power Users,58,75.8,4415.75,76.13362068965517,6,No,0
CUST-05380,0,High-Value Long-Term Power Users,56,98.0,5270.6,94.11785714285715,5,No,0
CUST-05381,2,High-Spend At-Risk Onboarders,2,80.25,144.55,72.275,2,Yes,1
CUST-05382,2,High-Spend At-Risk Onboarders,32,78.9,2447.95,76.4984375,3,Yes,1
CUST-05383,3,Loyal Low-Spend Long-Termers,56,52.0,2884.9,51.51607142857143,4,No,0
CUST-05384,2,High-Spend At-Risk Onboarders,36,84.75,3050.15,84.72638888888889,3,Yes,1
CUST-05385,2,High-Spend At-Risk Onboarders,4,64.4,253.0,63.25,4,No,0
CUST-05386,0,High-Value Long-Term Power Users,53,85.45,4517.25,85.23113207547169,3,Yes,1
CUST-05387,1,New Low-Spend Basic Customers,10,45.8,436.2,43.62,1,No,0
CUST-05388,1,New Low-Spend Basic Customers,4,30.5,118.4,29.6,1,No,0
CUST-05389,1,New Low-Spend Basic Customers,1,19.9,19.9,19.9,1,Yes,1
CUST-05390,3,Loyal Low-Spend Long-Termers,51,69.15,3649.6,71.56078431372549,1,No,0
CUST-05391,2,High-Spend At-Risk Onboarders,12,99.45,1200.15,100.0125,5,Yes,1
CUST-05392,1,New Low-Spend Basic Customers,6,49.25,255.6,42.6,3,No,0
CUST-05393,3,Loyal Low-Spend Long-Termers,63,39.35,2395.05,38.01666666666667,3,No,0
CUST-05394,2,High-Spend At-Risk Onboarders,1,70.6,70.6,70.6,1,Yes,1
CUST-05395,0,High-Value Long-Term Power Users,48,105.1,5083.55,105.90729166666667,6,No,0
CUST-05396,2,High-Spend At-Risk Onboarders,5,81.0,389.6,77.92,2,Yes,1
CUST-05397,1,New Low-Spend Basic Customers,35,20.1,644.5,18.414285714285715,1,No,0
CUST-05398,2,High-Spend At-Risk Onboarders,6,84.85,523.5,87.25,3,Yes,1
CUST-05399,1,New Low-Spend Basic Customers,2,19.75,39.3,19.65,1,No,0
CUST-05400,3,Loyal Low-Spend Long-Termers,50,19.75,989.05,19.781,1,No,0
CUST-05401,2,High-Spend At-Risk Onboarders,33,70.4,2406.1,72.9121212121212,1,No,0
CUST-05402,1,New Low-Spend Basic Customers,31,20.45,638.55,20.598387096774193,1,No,0
CUST-05403,1,New Low-Spend Basic Customers,9,20.35,191.1,21.233333333333334,1,No,0
CUST-05404,0,High-Value Long-Term Power Users,54,86.2,4524.05,83.77870370370371,7,No,0
CUST-05405,0,High-Value Long-Term Power Users,46,95.65,4664.2,101.39565217391304,5,No,0
CUST-05406,0,High-Value Long-Term Power Users,34,103.8,3470.8,102.08235294117648,6,No,0
CUST-05407,0,High-Value Long-Term Power Users,71,97.2,6910.3,97.32816901408451,5,No,0
CUST-05408,0,High-Value Long-Term Power Users,63,63.55,4014.2,63.717460317460315,5,No,0
CUST-05409,3,Loyal Low-Spend Long-Termers,51,24.95,1288.0,25.254901960784313,2,No,0
CUST-05410,2,High-Spend At-Risk Onboarders,26,89.15,2277.65,87.60192307692309,4,Yes,1
CUST-05411,0,High-Value Long-Term Power Users,64,99.0,6375.8,99.621875,5,No,0
CUST-05412,1,New Low-Spend Basic Customers,1,24.8,24.8,24.8,0,Yes,1
CUST-05413,0,High-Value Long-Term Power Users,61,85.55,5251.75,86.09426229508196,4,No,0
CUST-05414,2,High-Spend At-Risk Onboarders,15,94.0,1505.45,100.36333333333333,4,No,0
CUST-05415,0,High-Value Long-Term Power Users,64,105.65,6903.1,107.8609375,6,Yes,1
CUST-05416,1,New Low-Spend Basic Customers,18,50.3,913.3,50.73888888888889,2,No,0
CUST-05417,0,High-Value Long-Term Power Users,57,95.0,5535.8,97.11929824561403,4,No,0
CUST-05418,2,High-Spend At-Risk Onboarders,14,61.4,815.55,58.253571428571426,4,No,0
CUST-05419,2,High-Spend At-Risk Onboarders,18,80.55,1411.65,78.42500000000001,3,No,0
CUST-05420,0,High-Value Long-Term Power Users,72,78.5,5602.25,77.80902777777777,3,No,0
CUST-05421,0,High-Value Long-Term Power Users,70,114.3,8244.3,117.77571428571427,8,No,0
CUST-05422,3,Loyal Low-Spend Long-Termers,38,20.05,741.5,19.513157894736842,1,No,0
CUST-05423,0,High-Value Long-Term Power Users,68,62.65,4375.8,64.35000000000001,5,No,0
CUST-05424,2,High-Spend At-Risk Onboarders,13,80.85,1008.7,77.5923076923077,2,Yes,1
CUST-05425,0,High-Value Long-Term Power Users,65,92.7,5968.4,91.82153846153845,5,No,0
CUST-05426,0,High-Value Long-Term Power Users,30,100.45,3096.9,103.23,5,No,0
CUST-05427,0,High-Value Long-Term Power Users,51,75.2,3901.25,76.49509803921569,5,No,0
CUST-05428,2,High-Spend At-Risk Onboarders,31,84.75,2613.4,84.30322580645162,4,No,0
CUST-05429,2,High-Spend At-Risk Onboarders,9,89.45,853.1,94.78888888888889,3,Yes,1
CUST-05430,0,High-Value Long-Term Power Users,72,79.5,5661.7,78.63472222222222,7,No,0
CUST-05431,2,High-Spend At-Risk Onboarders,10,72.15,794.25,79.425,4,Yes,1
CUST-05432,3,Loyal Low-Spend Long-Termers,37,19.8,695.05,18.785135135135135,1,No,0
CUST-05433,2,High-Spend At-Risk Onboarders,2,76.4,160.8,80.4,5,Yes,1
CUST-05434,0,High-Value Long-Term Power Users,55,100.9,5552.05,100.94636363636364,5,No,0
CUST-05435,0,High-Value Long-Term Power Users,33,95.3,3275.15,99.2469696969697,5,No,0
CUST-05436,0,High-Value Long-Term Power Users,46,90.95,4236.6,92.10000000000001,4,No,0
CUST-05437,2,High-Spend At-Risk Onboarders,1,54.5,54.5,54.5,3,No,0
CUST-05438,2,High-Spend At-Risk Onboarders,20,61.6,1174.35,58.717499999999994,3,Yes,1
CUST-05439,2,High-Spend At-Risk Onboarders,9,79.9,741.7,82.41111111111111,3,Yes,1
CUST-05440,2,High-Spend At-Risk Onboarders,32,96.15,3019.25,94.3515625,4,Yes,1
CUST-05441,1,New Low-Spend Basic Customers,19,49.6,962.9,50.67894736842105,2,No,0
CUST-05442,0,High-Value Long-Term Power Users,70,65.3,4759.75,67.99642857142857,5,Yes,1
CUST-05443,3,Loyal Low-Spend Long-Termers,61,25.0,1498.35,24.563114754098358,2,No,0
CUST-05444,1,New Low-Spend Basic Customers,26,45.45,1233.15,47.42884615384616,1,No,0
CUST-05445,0,High-Value Long-Term Power Users,45,107.75,4882.8,108.50666666666667,6,No,0
CUST-05446,0,High-Value Long-Term Power Users,62,89.1,5411.65,87.28467741935484,4,No,0
CUST-05447,1,New Low-Spend Basic Customers,1,19.65,19.65,19.65,1,Yes,1
CUST-05448,1,New Low-Spend Basic Customers,3,44.75,148.05,49.35,1,No,0
CUST-05449,0,High-Value Long-Term Power Users,41,101.6,3930.55,95.86707317073171,6,No,0
CUST-05450,0,High-Value Long-Term Power Users,67,103.15,6895.5,102.91791044776119,6,No,0
CUST-05451,2,High-Spend At-Risk Onboarders,1,84.65,84.65,84.65,3,Yes,1
CUST-05452,0,High-Value Long-Term Power Users,71,95.65,6856.95,96.57676056338028,5,No,0
CUST-05453,2,High-Spend At-Risk Onboarders,37,75.1,2658.8,71.85945945945946,5,No,0
CUST-05454,0,High-Value Long-Term Power Users,60,61.35,3766.2,62.769999999999996,4,No,0
CUST-05455,2,High-Spend At-Risk Onboarders,1,69.55,69.55,69.55,1,Yes,1
CUST-05456,1,New Low-Spend Basic Customers,6,19.7,129.55,21.59166666666667,1,No,0
CUST-05457,1,New Low-Spend Basic Customers,13,31.05,347.25,26.71153846153846,1,Yes,1
CUST-05458,1,New Low-Spend Basic Customers,11,51.0,581.7,52.88181818181818,2,No,0
CUST-05459,1,New Low-Spend Basic Customers,7,51.0,354.05,50.57857142857143,2,Yes,1
CUST-05460,2,High-Spend At-Risk Onboarders,10,88.85,929.45,92.94500000000001,3,No,0
CUST-05461,1,New Low-Spend Basic Customers,34,20.05,679.0,19.970588235294116,1,No,0
CUST-05462,0,High-Value Long-Term Power Users,62,65.1,3846.75,62.04435483870968,4,No,0
CUST-05463,0,High-Value Long-Term Power Users,64,70.15,4480.7,70.0109375,5,No,0
CUST-05464,1,New Low-Spend Basic Customers,1,44.35,44.35,44.35,1,Yes,1
CUST-05465,1,New Low-Spend Basic Customers,25,20.75,499.4,19.976,1,No,0
CUST-05466,2,High-Spend At-Risk Onboarders,26,56.05,1553.2,59.73846153846154,3,No,0
CUST-05467,1,New Low-Spend Basic Customers,10,19.95,219.5,21.95,1,No,0
CUST-05468,0,High-Value Long-Term Power Users,53,98.6,5311.85,100.22358490566039,6,No,0
CUST-05469,2,High-Spend At-Risk Onboarders,7,79.7,586.05,83.72142857142856,2,Yes,1
CUST-05470,2,High-Spend At-Risk Onboarders,33,79.0,2576.8,78.0848484848485,3,No,0
CUST-05471,0,High-Value Long-Term Power Users,71,89.45,6435.25,90.63732394366197,4,No,0
CUST-05472,2,High-Spend At-Risk Onboarders,29,74.2,1993.25,68.73275862068965,2,No,0
CUST-05473,2,High-Spend At-Risk Onboarders,24,81.0,1923.85,80.16041666666666,6,No,0
CUST-05474,1,New Low-Spend Basic Customers,20,49.6,939.8,46.989999999999995,2,No,0
CUST-05475,2,High-Spend At-Risk Onboarders,1,84.6,84.6,84.6,3,No,0
CUST-05476,3,Loyal Low-Spend Long-Termers,54,55.0,3092.65,57.2712962962963,3,Yes,1
CUST-05477,2,High-Spend At-Risk Onboarders,5,84.85,415.55,83.11,3,Yes,1
CUST-05478,0,High-Value Long-Term Power Users,72,84.2,5986.55,83.14652777777778,7,No,0
CUST-05479,0,High-Value Long-Term Power Users,52,106.3,5487.0,105.51923076923077,7,No,0
CUST-05480,2,High-Spend At-Risk Onboarders,9,69.05,651.5,72.38888888888889,1,No,0
CUST-05481,1,New Low-Spend Basic Customers,1,45.4,45.4,45.4,1,No,0
CUST-05482,2,High-Spend At-Risk Onboarders,1,73.65,73.65,73.65,2,Yes,1
CUST-05483,2,High-Spend At-Risk Onboarders,33,73.9,2405.05,72.88030303030304,5,Yes,1
CUST-05484,0,High-Value Long-Term Power Users,55,77.75,4458.15,81.05727272727272,3,Yes,1
CUST-05485,0,High-Value Long-Term Power Users,69,99.35,6856.45,99.36884057971014,5,No,0
CUST-05486,1,New Low-Spend Basic Customers,1,50.75,50.75,50.75,2,No,0
CUST-05487,0,High-Value Long-Term Power Users,54,87.1,4735.2,87.68888888888888,7,No,0
CUST-05488,1,New Low-Spend Basic Customers,33,20.15,682.15,20.671212121212122,1,No,0
CUST-05489,0,High-Value Long-Term Power Users,45,98.7,4525.8,100.57333333333334,6,No,0
CUST-05490,1,New Low-Spend Basic Customers,11,25.2,321.05,29.186363636363637,0,No,0
CUST-05491,2,High-Spend At-Risk Onboarders,6,55.7,335.65,55.94166666666666,3,No,0
CUST-05492,2,High-Spend At-Risk Onboarders,21,65.35,1424.4,67.82857142857144,4,No,0
CUST-05493,3,Loyal Low-Spend Long-Termers,65,25.3,1748.55,26.90076923076923,2,No,0
CUST-05494,2,High-Spend At-Risk Onboarders,6,84.35,474.9,79.14999999999999,3,Yes,1
CUST-05495,2,High-Spend At-Risk Onboarders,8,84.95,668.4,83.55,3,Yes,1
CUST-05496,2,High-Spend At-Risk Onboarders,11,73.85,926.25,84.20454545454545,2,Yes,1
CUST-05497,3,Loyal Low-Spend Long-Termers,43,24.25,1077.95,25.06860465116279,2,No,0
CUST-05498,3,Loyal Low-Spend Long-Termers,49,51.8,2541.25,51.86224489795919,3,Yes,1
CUST-05499,1,New Low-Spend Basic Customers,1,46.0,46.0,46.0,1,Yes,1
CUST-05500,2,High-Spend At-Risk Onboarders,15,79.4,1156.1,77.07333333333332,2,Yes,1
CUST-05501,3,Loyal Low-Spend Long-Termers,60,60.5,3694.45,61.57416666666666,4,No,0
CUST-05502,1,New Low-Spend Basic Customers,17,25.1,382.8,22.51764705882353,0,No,0
CUST-05503,2,High-Spend At-Risk Onboarders,16,71.8,1167.8,72.9875,1,Yes,1
CUST-05504,1,New Low-Spend Basic Customers,35,20.05,746.75,21.335714285714285,1,No,0
CUST-05505,0,High-Value Long-Term Power Users,44,88.4,3912.9,88.92954545454546,4,Yes,1
CUST-05506,1,New Low-Spend Basic Customers,12,30.25,368.85,30.7375,1,No,0
CUST-05507,1,New Low-Spend Basic Customers,1,20.2,20.2,20.2,1,No,0
CUST-05508,2,High-Spend At-Risk Onboarders,28,59.9,1654.7,59.096428571428575,4,No,0
CUST-05509,3,Loyal Low-Spend Long-Termers,70,25.15,1940.85,27.72642857142857,2,No,0
CUST-05510,1,New Low-Spend Basic Customers,5,46.0,221.7,44.339999999999996,1,Yes,1
CUST-05511,2,High-Spend At-Risk Onboarders,18,101.3,1794.65,99.70277777777778,5,No,0
CUST-05512,0,High-Value Long-Term Power Users,70,76.95,5289.8,75.56857142857143,6,No,0
CUST-05513,2,High-Spend At-Risk Onboarders,9,55.3,501.2,55.68888888888889,3,No,0
CUST-05514,0,High-Value Long-Term Power Users,67,92.45,6140.85,91.65447761194031,5,No,0
CUST-05515,1,New Low-Spend Basic Customers,1,48.45,48.45,48.45,2,No,0
CUST-05516,1,New Low-Spend Basic Customers,18,19.35,309.25,17.180555555555557,1,No,0
CUST-05517,1,New Low-Spend Basic Customers,4,51.75,201.1,50.275,2,Yes,1
CUST-05518,0,High-Value Long-Term Power Users,71,86.7,6179.35,87.0330985915493,4,No,0
CUST-05519,2,High-Spend At-Risk Onboarders,30,94.4,2838.7,94.62333333333332,5,Yes,1
CUST-05520,2,High-Spend At-Risk Onboarders,1,55.7,55.7,55.7,3,No,0
CUST-05521,0,High-Value Long-Term Power Users,55,84.25,4589.85,83.45181818181818,4,No,0
CUST-05522,0,High-Value Long-Term Power Users,59,64.65,3735.45,63.31271186440678,4,No,0
CUST-05523,2,High-Spend At-Risk Onboarders,1,70.15,70.15,70.15,1,Yes,1
CUST-05524,2,High-Spend At-Risk Onboarders,7,69.2,477.55,68.22142857142858,1,No,0
CUST-05525,3,Loyal Low-Spend Long-Termers,45,54.65,2553.7,56.748888888888885,3,No,0
CUST-05526,3,Loyal Low-Spend Long-Termers,54,24.75,1342.15,24.85462962962963,2,No,0
CUST-05527,3,Loyal Low-Spend Long-Termers,51,23.95,1216.35,23.849999999999998,2,No,0
CUST-05528,0,High-Value Long-Term Power Users,72,105.0,7578.05,105.25069444444445,6,No,0
CUST-05529,2,High-Spend At-Risk Onboarders,44,59.85,2603.95,59.18068181818182,4,No,0
CUST-05530,1,New Low-Spend Basic Customers,2,20.05,42.7,21.35,1,No,0
CUST-05531,0,High-Value Long-Term Power Users,66,92.15,6056.9,91.77121212121212,4,No,0
CUST-05532,3,Loyal Low-Spend Long-Termers,68,44.8,2983.65,43.87720588235294,3,No,0
CUST-05533,1,New Low-Spend Basic Customers,31,20.9,689.35,22.23709677419355,1,No,0
CUST-05534,2,High-Spend At-Risk Onboarders,21,95.4,2025.1,96.43333333333332,4,No,0
CUST-05535,2,High-Spend At-Risk Onboarders,21,80.35,1747.2,83.2,3,No,0
CUST-05536,0,High-Value Long-Term Power Users,55,85.1,4657.95,84.69,7,No,0
CUST-05537,1,New Low-Spend Basic Customers,9,34.7,296.1,32.900000000000006,1,Yes,1
CUST-05538,0,High-Value Long-Term Power Users,71,115.05,8016.6,112.90985915492958,8,No,0
CUST-05539,2,High-Spend At-Risk Onboarders,1,81.1,81.1,81.1,2,Yes,1
CUST-05540,1,New Low-Spend Basic Customers,22,19.95,433.5,19.704545454545453,1,No,0
CUST-05541,1,New Low-Spend Basic Customers,1,20.55,20.55,20.55,1,Yes,1
CUST-05542,0,High-Value Long-Term Power Users,61,106.6,6428.4,105.38360655737705,6,Yes,1
CUST-05543,0,High-Value Long-Term Power Users,67,86.15,5883.85,87.81865671641792,7,No,0
CUST-05544,2,High-Spend At-Risk Onboarders,14,78.85,1043.8,74.55714285714285,3,No,0
CUST-05545,0,High-Value Long-Term Power Users,59,106.75,6252.9,105.98135593220339,7,Yes,1
CUST-05546,2,High-Spend At-Risk Onboarders,21,86.55,1857.25,88.44047619047619,3,No,0
CUST-05547,1,New Low-Spend Basic Customers,4,42.4,146.4,36.6,3,No,0
CUST-05548,2,High-Spend At-Risk Onboarders,3,89.45,240.45,80.14999999999999,3,Yes,1
CUST-05549,3,Loyal Low-Spend Long-Termers,70,24.25,1724.15,24.630714285714287,2,No,0
CUST-05550,2,High-Spend At-Risk Onboarders,3,97.9,315.3,105.10000000000001,5,Yes,1
CUST-05551,1,New Low-Spend Basic Customers,21,20.5,429.55,20.454761904761906,1,No,0
CUST-05552,1,New Low-Spend Basic Customers,20,19.6,356.15,17.807499999999997,1,No,0
CUST-05553,1,New Low-Spend Basic Customers,22,20.25,488.25,22.193181818181817,1,No,0
CUST-05554,1,New Low-Spend Basic Customers,1,55.7,55.7,55.7,2,Yes,1
CUST-05555,3,Loyal Low-Spend Long-Termers,63,20.6,1298.7,20.614285714285714,1,No,0
CUST-05556,3,Loyal Low-Spend Long-Termers,70,19.8,1378.75,19.696428571428573,1,No,0
CUST-05557,2,High-Spend At-Risk Onboarders,13,79.8,973.45,74.88076923076923,3,Yes,1
CUST-05558,2,High-Spend At-Risk Onboarders,5,80.2,384.25,76.85,2,No,0
CUST-05559,0,High-Value Long-Term Power Users,72,116.4,8543.25,118.65625,8,No,0
CUST-05560,1,New Low-Spend Basic Customers,13,31.65,389.95,29.996153846153845,1,No,0
CUST-05561,0,High-Value Long-Term Power Users,61,94.15,5731.85,93.96475409836066,5,No,0
CUST-05562,1,New Low-Spend Basic Customers,1,20.65,20.65,20.65,1,No,0
CUST-05563,0,High-Value Long-Term Power Users,56,76.85,4275.75,76.35267857142857,3,No,0
CUST-05564,1,New Low-Spend Basic Customers,4,20.15,84.5,21.125,1,No,0
CUST-05565,2,High-Spend At-Risk Onboarders,35,55.25,1924.1,54.97428571428571,3,No,0
CUST-05566,1,New Low-Spend Basic Customers,18,39.05,669.85,37.21388888888889,2,Yes,1
CUST-05567,0,High-Value Long-Term Power Users,72,82.15,5784.3,80.3375,6,No,0
CUST-05568,0,High-Value Long-Term Power Users,49,103.0,5166.2,105.43265306122449,7,No,0
CUST-05569,0,High-Value Long-Term Power Users,44,95.1,4060.55,92.28522727272728,6,No,0
CUST-05570,2,High-Spend At-Risk Onboarders,3,83.9,267.4,89.13333333333333,3,Yes,1
CUST-05571,0,High-Value Long-Term Power Users,37,95.15,3532.85,95.48243243243243,5,No,0
CUST-05572,0,High-Value Long-Term Power Users,61,79.8,4914.8,80.57049180327868,6,No,0
CUST-05573,0,High-Value Long-Term Power Users,70,74.8,5315.8,75.94,6,No,0
CUST-05574,2,High-Spend At-Risk Onboarders,1,69.85,69.85,69.85,1,Yes,1
CUST-05575,3,Loyal Low-Spend Long-Termers,41,20.45,775.6,18.917073170731708,1,No,0
CUST-05576,0,High-Value Long-Term Power Users,70,78.35,5445.95,77.79928571428572,7,No,0
CUST-05577,1,New Low-Spend Basic Customers,1,53.55,53.55,53.55,2,Yes,1
CUST-05578,3,Loyal Low-Spend Long-Termers,51,19.1,1007.8,19.76078431372549,1,No,0
CUST-05579,3,Loyal Low-Spend Long-Termers,42,20.0,833.55,19.84642857142857,1,No,0
CUST-05580,0,High-Value Long-Term Power Users,70,93.9,6579.05,93.98642857142858,6,Yes,1
CUST-05581,3,Loyal Low-Spend Long-Termers,48,19.95,1004.5,20.927083333333332,1,No,0
CUST-05582,0,High-Value Long-Term Power Users,68,113.15,7856.0,115.52941176470588,8,Yes,1
CUST-05583,3,Loyal Low-Spend Long-Termers,48,24.0,1183.05,24.646874999999998,2,No,0
CUST-05584,2,High-Spend At-Risk Onboarders,26,84.95,2169.75,83.45192307692308,3,Yes,1
CUST-05585,2,High-Spend At-Risk Onboarders,11,80.5,896.9,81.53636363636363,3,Yes,1
CUST-05586,1,New Low-Spend Basic Customers,1,19.3,19.3,19.3,1,Yes,1
CUST-05587,1,New Low-Spend Basic Customers,27,19.15,501.35,18.56851851851852,1,No,0
CUST-05588,0,High-Value Long-Term Power Users,46,91.3,4126.35,89.70326086956523,4,No,0
CUST-05589,1,New Low-Spend Basic Customers,1,49.65,49.65,49.65,2,Yes,1
CUST-05590,3,Loyal Low-Spend Long-Termers,46,54.35,2460.15,53.481521739130436,3,Yes,1
CUST-05591,1,New Low-Spend Basic Customers,25,19.15,477.6,19.104,1,No,0
CUST-05592,2,High-Spend At-Risk Onboarders,4,88.45,370.65,92.6625,3,Yes,1
CUST-05593,1,New Low-Spend Basic Customers,13,19.75,265.75,20.442307692307693,1,No,0
CUST-05594,2,High-Spend At-Risk Onboarders,31,75.5,2424.45,78.20806451612903,6,No,0
CUST-05595,2,High-Spend At-Risk Onboarders,23,83.75,1849.95,80.43260869565218,3,No,0
CUST-05596,1,New Low-Spend Basic Customers,2,19.4,61.05,30.525,1,No,0
CUST-05597,3,Loyal Low-Spend Long-Termers,65,26.5,1698.55,26.13153846153846,2,No,0
CUST-05598,2,High-Spend At-Risk Onboarders,22,90.5,1910.6,86.84545454545454,4,Yes,1
CUST-05599,3,Loyal Low-Spend Long-Termers,55,19.15,998.1,18.14727272727273,1,No,0
CUST-05600,2,High-Spend At-Risk Onboarders,9,94.85,890.6,98.95555555555556,5,Yes,1
CUST-05601,2,High-Spend At-Risk Onboarders,7,69.95,529.5,75.64285714285714,1,Yes,1
CUST-05602,3,Loyal Low-Spend Long-Termers,35,40.9,1383.6,39.53142857142857,2,No,0
CUST-05603,2,High-Spend At-Risk Onboarders,6,80.25,493.4,82.23333333333333,6,No,0
CUST-05604,1,New Low-Spend Basic Customers,1,48.6,48.6,48.6,2,Yes,1
CUST-05605,2,High-Spend At-Risk Onboarders,17,70.8,1207.0,71.0,1,No,0
CUST-05606,2,High-Spend At-Risk Onboarders,10,60.2,563.5,56.35,3,No,0
CUST-05607,2,High-Spend At-Risk Onboarders,15,55.2,864.55,57.63666666666666,3,No,0
CUST-05608,3,Loyal Low-Spend Long-Termers,40,55.8,2109.35,52.73375,4,Yes,1
CUST-05609,2,High-Spend At-Risk Onboarders,13,54.15,701.05,53.926923076923075,3,No,0
CUST-05610,2,High-Spend At-Risk Onboarders,29,80.15,2265.25,78.11206896551724,3,Yes,1
CUST-05611,2,High-Spend At-Risk Onboarders,3,75.5,220.6,73.53333333333333,2,Yes,1
CUST-05612,0,High-Value Long-Term Power Users,58,100.4,5749.8,99.13448275862069,5,No,0
CUST-05613,2,High-Spend At-Risk Onboarders,45,62.55,2796.45,62.14333333333333,4,No,0
CUST-05614,0,High-Value Long-Term Power Users,72,70.45,5165.7,71.74583333333334,6,No,0
CUST-05615,0,High-Value Long-Term Power Users,68,85.5,5696.6,83.77352941176471,4,No,0
CUST-05616,1,New Low-Spend Basic Customers,1,20.2,20.2,20.2,1,Yes,1
CUST-05617,3,Loyal Low-Spend Long-Termers,38,54.5,2076.05,54.63289473684211,3,No,0
CUST-05618,1,New Low-Spend Basic Customers,2,20.75,44.2,22.1,1,No,0
CUST-05619,1,New Low-Spend Basic Customers,11,20.35,215.25,19.568181818181817,1,No,0
CUST-05620,2,High-Spend At-Risk Onboarders,20,91.0,1859.5,92.975,3,No,0
CUST-05621,0,High-Value Long-Term Power Users,72,104.8,7470.1,103.7513888888889,6,No,0
CUST-05622,2,High-Spend At-Risk Onboarders,3,74.75,229.5,76.5,2,Yes,1
CUST-05623,2,High-Spend At-Risk Onboarders,23,104.05,2470.1,107.39565217391304,6,Yes,1
CUST-05624,3,Loyal Low-Spend Long-Termers,40,51.1,2092.9,52.322500000000005,2,No,0
CUST-05625,0,High-Value Long-Term Power Users,62,89.8,5629.55,90.7991935483871,4,No,0
CUST-05626,1,New Low-Spend Basic Customers,22,20.55,469.85,21.356818181818184,1,No,0
CUST-05627,2,High-Spend At-Risk Onboarders,11,64.05,733.95,66.72272727272728,4,No,0
CUST-05628,2,High-Spend At-Risk Onboarders,7,74.85,485.25,69.32142857142857,2,No,0
CUST-05629,2,High-Spend At-Risk Onboarders,13,96.65,1244.5,95.73076923076923,5,Yes,1
CUST-05630,1,New Low-Spend Basic Customers,1,20.05,20.05,20.05,1,Yes,1
CUST-05631,0,High-Value Long-Term Power Users,39,103.45,3994.45,102.42179487179487,6,Yes,1
CUST-05632,1,New Low-Spend Basic Customers,3,25.0,78.25,26.083333333333332,0,No,0
CUST-05633,3,Loyal Low-Spend Long-Termers,58,20.3,1131.5,19.50862068965517,1,No,0
CUST-05634,1,New Low-Spend Basic Customers,6,26.35,184.05,30.675,2,No,0
CUST-05635,1,New Low-Spend Basic Customers,1,19.9,19.9,19.9,1,Yes,1
CUST-05636,2,High-Spend At-Risk Onboarders,22,54.7,1178.75,53.57954545454545,3,No,0
CUST-05637,1,New Low-Spend Basic Customers,14,46.35,667.7,47.69285714285714,2,Yes,1
CUST-05638,0,High-Value Long-Term Power Users,64,90.25,5629.15,87.95546875,4,No,0
CUST-05639,1,New Low-Spend Basic Customers,1,19.95,19.95,19.95,1,Yes,1
CUST-05640,1,New Low-Spend Basic Customers,6,20.65,109.3,18.216666666666665,1,No,0
CUST-05641,2,High-Spend At-Risk Onboarders,1,79.6,79.6,79.6,2,Yes,1
CUST-05642,3,Loyal Low-Spend Long-Termers,39,25.45,958.45,24.575641025641026,2,No,0
CUST-05643,1,New Low-Spend Basic Customers,20,19.5,403.15,20.1575,1,No,0
CUST-05644,2,High-Spend At-Risk Onboarders,1,75.9,75.9,75.9,2,Yes,1
CUST-05645,2,High-Spend At-Risk Onboarders,1,76.2,76.2,76.2,2,Yes,1
CUST-05646,0,High-Value Long-Term Power Users,64,66.15,4392.5,68.6328125,4,No,0
CUST-05647,1,New Low-Spend Basic Customers,1,19.25,19.25,19.25,1,Yes,1
CUST-05648,2,High-Spend At-Risk Onboarders,46,69.1,3168.0,68.8695652173913,4,No,0
CUST-05649,1,New Low-Spend Basic Customers,28,39.1,1096.6,39.16428571428571,2,No,0
CUST-05650,1,New Low-Spend Basic Customers,33,20.05,669.45,20.28636363636364,1,No,0
CUST-05651,2,High-Spend At-Risk Onboarders,39,59.8,2343.85,60.09871794871795,4,No,0
CUST-05652,0,High-Value Long-Term Power Users,42,84.3,3588.4,85.43809523809524,4,Yes,1
CUST-05653,1,New Low-Spend Basic Customers,1,48.6,48.6,48.6,2,No,0
CUST-05654,2,High-Spend At-Risk Onboarders,7,79.0,522.95,74.70714285714287,2,Yes,1
CUST-05655,0,High-Value Long-Term Power Users,70,105.35,7511.9,107.31285714285714,6,No,0
CUST-05656,3,Loyal Low-Spend Long-Termers,65,25.1,1725.0,26.53846153846154,2,No,0
CUST-05657,1,New Low-Spend Basic Customers,1,49.75,49.75,49.75,2,No,0
CUST-05658,2,High-Spend At-Risk Onboarders,18,94.75,1691.9,93.99444444444445,4,No,0
CUST-05659,2,High-Spend At-Risk Onboarders,24,93.0,2248.05,93.66875,4,No,0
CUST-05660,0,High-Value Long-Term Power Users,63,71.9,4479.2,71.0984126984127,6,No,0
CUST-05661,0,High-Value Long-Term Power Users,44,77.55,3471.1,78.88863636363637,5,No,0
CUST-05662,1,New Low-Spend Basic Customers,4,19.85,63.0,15.75,1,No,0
CUST-05663,2,High-Spend At-Risk Onboarders,1,70.25,70.25,70.25,1,Yes,1
CUST-05664,2,High-Spend At-Risk Onboarders,37,95.25,3314.15,89.57162162162163,4,No,0
CUST-05665,2,High-Spend At-Risk Onboarders,10,84.6,865.55,86.55499999999999,3,Yes,1
CUST-05666,1,New Low-Spend Basic Customers,34,25.05,852.7,25.079411764705885,0,No,0
CUST-05667,2,High-Spend At-Risk Onboarders,35,53.15,1930.9,55.16857142857143,4,No,0
CUST-05668,1,New Low-Spend Basic Customers,4,20.15,91.4,22.85,1,No,0
CUST-05669,0,High-Value Long-Term Power Users,39,101.25,3949.15,101.26025641025642,5,No,0
CUST-05670,0,High-Value Long-Term Power Users,43,100.55,4304.0,100.09302325581395,5,No,0
CUST-05671,1,New Low-Spend Basic Customers,17,24.1,409.9,24.11176470588235,2,Yes,1
CUST-05672,3,Loyal Low-Spend Long-Termers,61,25.3,1554.9,25.49016393442623,2,No,0
CUST-05673,0,High-Value Long-Term Power Users,49,71.8,3472.05,70.85816326530613,6,No,0
CUST-05674,1,New Low-Spend Basic Customers,4,19.7,117.8,29.45,1,No,0
CUST-05675,3,Loyal Low-Spend Long-Termers,64,49.85,3210.35,50.16171875,4,No,0
CUST-05676,2,High-Spend At-Risk Onboarders,3,69.6,207.4,69.13333333333334,1,No,0
CUST-05677,1,New Low-Spend Basic Customers,1,19.75,19.75,19.75,1,No,0
CUST-05678,2,High-Spend At-Risk Onboarders,40,80.8,3132.75,78.31875,3,No,0
CUST-05679,2,High-Spend At-Risk Onboarders,1,60.0,60.0,60.0,4,Yes,1
CUST-05680,2,High-Spend At-Risk Onboarders,8,86.55,649.65,81.20625,3,Yes,1
CUST-05681,1,New Low-Spend Basic Customers,1,20.85,20.85,20.85,1,Yes,1
CUST-05682,2,High-Spend At-Risk Onboarders,34,64.2,2106.3,61.95,4,No,0
CUST-05683,1,New Low-Spend Basic Customers,1,35.0,35.0,35.0,1,No,0
CUST-05684,3,Loyal Low-Spend Long-Termers,39,50.75,2011.4,51.57435897435898,3,Yes,1
CUST-05685,0,High-Value Long-Term Power Users,58,105.5,6205.5,106.99137931034483,6,Yes,1
CUST-05686,3,Loyal Low-Spend Long-Termers,45,19.2,903.7,20.082222222222224,1,No,0
CUST-05687,2,High-Spend At-Risk Onboarders,6,85.15,503.6,83.93333333333334,3,Yes,1
CUST-05688,0,High-Value Long-Term Power Users,43,90.65,3882.3,90.28604651162792,5,No,0
CUST-05689,3,Loyal Low-Spend Long-Termers,41,20.0,879.8,21.458536585365852,1,No,0
CUST-05690,2,High-Spend At-Risk Onboarders,5,74.65,383.65,76.72999999999999,2,No,0
CUST-05691,0,High-Value Long-Term Power Users,72,61.2,4390.25,60.97569444444444,5,No,0
CUST-05692,1,New Low-Spend Basic Customers,4,19.95,68.2,17.05,1,No,0
CUST-05693,2,High-Spend At-Risk Onboarders,9,54.8,452.8,50.31111111111111,3,No,0
CUST-05694,0,High-Value Long-Term Power Users,72,73.45,5329.0,74.01388888888889,5,No,0
CUST-05695,3,Loyal Low-Spend Long-Termers,33,51.45,1758.9,53.300000000000004,2,No,0
CUST-05696,0,High-Value Long-Term Power Users,72,80.45,5737.6,79.6888888888889,3,No,0
CUST-05697,2,High-Spend At-Risk Onboarders,22,54.2,1152.7,52.39545454545455,3,Yes,1
CUST-05698,0,High-Value Long-Term Power Users,70,109.5,7674.55,109.63642857142857,7,Yes,1
CUST-05699,2,High-Spend At-Risk Onboarders,21,104.4,2157.95,102.7595238095238,6,Yes,1
CUST-05700,2,High-Spend At-Risk Onboarders,15,85.3,1219.85,81.32333333333332,3,No,0
CUST-05701,2,High-Spend At-Risk Onboarders,29,79.3,2414.55,83.26034482758621,3,No,0
CUST-05702,2,High-Spend At-Risk Onboarders,15,76.5,1155.6,77.03999999999999,6,No,0
CUST-05703,0,High-Value Long-Term Power Users,71,105.1,7548.1,106.3112676056338,6,Yes,1
CUST-05704,3,Loyal Low-Spend Long-Termers,72,25.4,1809.35,25.12986111111111,2,No,0
CUST-05705,2,High-Spend At-Risk Onboarders,19,86.85,1564.4,82.33684210526316,3,No,0
CUST-05706,1,New Low-Spend Basic Customers,1,19.65,19.65,19.65,1,No,0
CUST-05707,2,High-Spend At-Risk Onboarders,1,75.7,75.7,75.7,2,Yes,1
CUST-05708,1,New Low-Spend Basic Customers,2,45.55,84.4,42.2,1,No,0
CUST-05709,2,High-Spend At-Risk Onboarders,11,78.1,864.85,78.62272727272727,3,No,0
CUST-05710,1,New Low-Spend Basic Customers,12,19.3,228.75,19.0625,1,No,0
CUST-05711,0,High-Value Long-Term Power Users,70,110.5,7752.05,110.74357142857143,7,No,0
CUST-05712,2,High-Spend At-Risk Onboarders,20,90.8,1951.0,97.55,4,Yes,1
CUST-05713,1,New Low-Spend Basic Customers,23,20.3,470.6,20.460869565217394,1,No,0
CUST-05714,0,High-Value Long-Term Power Users,49,81.35,4060.9,82.87551020408164,7,No,0
CUST-05715,2,High-Spend At-Risk Onboarders,4,97.95,384.5,96.125,5,Yes,1
CUST-05716,0,High-Value Long-Term Power Users,32,108.15,3432.9,107.278125,7,Yes,1
CUST-05717,1,New Low-Spend Basic Customers,2,55.3,108.65,54.325,2,No,0
CUST-05718,3,Loyal Low-Spend Long-Termers,69,56.55,3952.65,57.28478260869565,4,No,0
CUST-05719,2,High-Spend At-Risk Onboarders,6,80.5,463.05,77.175,2,Yes,1
CUST-05720,1,New Low-Spend Basic Customers,24,19.7,494.05,20.585416666666667,1,No,0
CUST-05721,0,High-Value Long-Term Power Users,32,104.05,3416.85,106.7765625,6,No,0
CUST-05722,2,High-Spend At-Risk Onboarders,27,52.85,1498.65,55.50555555555556,3,No,0
CUST-05723,0,High-Value Long-Term Power Users,27,104.3,2867.75,106.21296296296296,6,Yes,1
CUST-05724,0,High-Value Long-Term Power Users,58,80.65,4807.35,82.88534482758621,3,No,0
CUST-05725,2,High-Spend At-Risk Onboarders,1,71.35,71.35,71.35,1,Yes,1
CUST-05726,1,New Low-Spend Basic Customers,18,24.65,471.35,26.186111111111114,2,No,0
CUST-05727,3,Loyal Low-Spend Long-Termers,47,21.3,1041.8,22.16595744680851,1,No,0
CUST-05728,0,High-Value Long-Term Power Users,70,110.2,7689.8,109.85428571428572,7,No,0
CUST-05729,2,High-Spend At-Risk Onboarders,13,89.4,1132.35,87.10384615384615,5,Yes,1
CUST-05730,3,Loyal Low-Spend Long-Termers,36,51.05,1815.0,50.416666666666664,2,No,0
CUST-05731,3,Loyal Low-Spend Long-Termers,67,19.8,1311.3,19.571641791044776,1,No,0
CUST-05732,1,New Low-Spend Basic Customers,10,19.9,199.45,19.945,1,No,0
CUST-05733,2,High-Spend At-Risk Onboarders,19,87.3,1637.3,86.17368421052632,3,No,0
CUST-05734,3,Loyal Low-Spend Long-Termers,71,19.85,1326.35,18.680985915492958,1,No,0
CUST-05735,0,High-Value Long-Term Power Users,72,89.4,6376.55,88.56319444444445,8,No,0
CUST-05736,3,Loyal Low-Spend Long-Termers,48,20.0,935.9,19.497916666666665,1,No,0
CUST-05737,1,New Low-Spend Basic Customers,1,20.05,20.05,20.05,1,No,0
CUST-05738,2,High-Spend At-Risk Onboarders,18,83.25,1611.15,89.50833333333334,6,No,0
CUST-05739,1,New Low-Spend Basic Customers,1,20.6,20.6,20.6,1,Yes,1
CUST-05740,0,High-Value Long-Term Power Users,67,102.9,6989.7,104.32388059701492,6,No,0
CUST-05741,3,Loyal Low-Spend Long-Termers,69,39.1,2779.5,40.28260869565217,3,No,0
CUST-05742,2,High-Spend At-Risk Onboarders,19,99.95,1931.75,101.67105263157895,5,Yes,1
CUST-05743,0,High-Value Long-Term Power Users,72,114.5,8331.95,115.7215277777778,8,No,0
CUST-05744,3,Loyal Low-Spend Long-Termers,38,20.2,735.9,19.36578947368421,1,No,0
CUST-05745,3,Loyal Low-Spend Long-Termers,40,55.8,2283.3,57.0825,2,No,0
CUST-05746,3,Loyal Low-Spend Long-Termers,61,24.2,1445.2,23.691803278688525,2,No,0
CUST-05747,2,High-Spend At-Risk Onboarders,10,81.0,818.05,81.80499999999999,3,Yes,1
CUST-05748,2,High-Spend At-Risk Onboarders,32,72.8,2333.05,72.9078125,5,No,0
CUST-05749,2,High-Spend At-Risk Onboarders,21,99.85,1992.55,94.88333333333333,5,No,0
CUST-05750,0,High-Value Long-Term Power Users,59,99.5,5890.0,99.83050847457628,5,No,0
CUST-05751,2,High-Spend At-Risk Onboarders,13,70.15,916.75,70.51923076923077,1,Yes,1
CUST-05752,3,Loyal Low-Spend Long-Termers,47,20.25,1029.8,21.91063829787234,1,No,0
CUST-05753,3,Loyal Low-Spend Long-Termers,69,26.0,1796.55,26.03695652173913,2,No,0
CUST-05754,1,New Low-Spend Basic Customers,2,19.9,33.7,16.85,1,No,0
CUST-05755,1,New Low-Spend Basic Customers,22,19.05,454.05,20.638636363636365,1,No,0
CUST-05756,2,High-Spend At-Risk Onboarders,15,96.5,1392.25,92.81666666666666,5,No,0
CUST-05757,3,Loyal Low-Spend Long-Termers,53,19.85,1049.6,19.80377358490566,1,No,0
CUST-05758,1,New Low-Spend Basic Customers,28,25.7,734.6,26.235714285714288,2,No,0
CUST-05759,1,New Low-Spend Basic Customers,22,20.3,475.1,21.595454545454547,1,No,0
CUST-05760,2,High-Spend At-Risk Onboarders,1,70.15,70.15,70.15,1,Yes,1
CUST-05761,2,High-Spend At-Risk Onboarders,16,91.55,1540.05,96.253125,4,No,0
CUST-05762,3,Loyal Low-Spend Long-Termers,48,39.4,1978.65,41.221875000000004,3,No,0
CUST-05763,0,High-Value Long-Term Power Users,30,105.7,3181.8,106.06,7,No,0
CUST-05764,2,High-Spend At-Risk Onboarders,3,70.25,229.7,76.56666666666666,1,No,0
CUST-05765,0,High-Value Long-Term Power Users,57,93.75,5625.55,98.69385964912281,5,No,0
CUST-05766,0,High-Value Long-Term Power Users,68,96.55,6581.9,96.79264705882352,5,Yes,1
CUST-05767,2,High-Spend At-Risk Onboarders,23,60.0,1347.15,58.571739130434786,3,No,0
CUST-05768,3,Loyal Low-Spend Long-Termers,65,59.8,3808.2,58.58769230769231,3,No,0
CUST-05769,0,High-Value Long-Term Power Users,44,90.65,3974.15,90.32159090909092,3,No,0
CUST-05770,0,High-Value Long-Term Power Users,71,109.0,7661.8,107.91267605633803,7,No,0
CUST-05771,2,High-Spend At-Risk Onboarders,37,68.1,2479.25,67.00675675675676,5,No,0
CUST-05772,1,New Low-Spend Basic Customers,12,20.4,266.6,22.21666666666667,1,No,0
CUST-05773,0,High-Value Long-Term Power Users,69,81.95,5601.4,81.17971014492753,7,No,0
CUST-05774,2,High-Spend At-Risk Onboarders,35,60.55,1982.6,56.645714285714284,4,No,0
CUST-05775,2,High-Spend At-Risk Onboarders,5,65.6,339.9,67.97999999999999,4,No,0
CUST-05776,0,High-Value Long-Term Power Users,58,82.5,4828.05,83.24224137931034,3,No,0
CUST-05777,0,High-Value Long-Term Power Users,72,82.3,5980.55,83.06319444444445,7,No,0
CUST-05778,0,High-Value Long-Term Power Users,72,68.15,4808.7,66.7875,6,No,0
CUST-05779,1,New Low-Spend Basic Customers,1,20.3,20.3,20.3,1,No,0
CUST-05780,0,High-Value Long-Term Power Users,39,95.55,3692.85,94.68846153846154,5,Yes,1
CUST-05781,3,Loyal Low-Spend Long-Termers,53,20.2,1068.15,20.15377358490566,1,No,0
CUST-05782,2,High-Spend At-Risk Onboarders,27,89.2,2383.6,88.28148148148148,4,No,0
CUST-05783,2,High-Spend At-Risk Onboarders,1,69.65,69.65,69.65,1,Yes,1
CUST-05784,2,High-Spend At-Risk Onboarders,1,89.3,89.3,89.3,3,Yes,1
CUST-05785,2,High-Spend At-Risk Onboarders,18,74.8,1438.05,79.89166666666667,2,No,0
CUST-05786,3,Loyal Low-Spend Long-Termers,46,20.2,917.45,19.944565217391304,1,No,0
CUST-05787,0,High-Value Long-Term Power Users,72,84.4,6096.45,84.67291666666667,7,No,0
CUST-05788,2,High-Spend At-Risk Onboarders,36,87.55,3078.1,85.50277777777778,4,Yes,1
CUST-05789,1,New Low-Spend Basic Customers,4,25.15,99.95,24.9875,0,No,0
CUST-05790,1,New Low-Spend Basic Customers,25,19.8,475.2,19.008,1,No,0
CUST-05791,3,Loyal Low-Spend Long-Termers,40,50.85,2036.55,50.91375,3,No,0
CUST-05792,0,High-Value Long-Term Power Users,63,102.4,6444.05,102.28650793650795,6,No,0
CUST-05793,2,High-Spend At-Risk Onboarders,15,96.3,1426.75,95.11666666666666,5,Yes,1
CUST-05794,2,High-Spend At-Risk Onboarders,14,55.5,767.55,54.824999999999996,3,No,0
CUST-05795,0,High-Value Long-Term Power Users,72,109.75,7932.5,110.17361111111111,7,No,0
CUST-05796,0,High-Value Long-Term Power Users,39,106.4,4040.65,103.60641025641026,6,No,0
CUST-05797,2,High-Spend At-Risk Onboarders,47,60.0,2768.65,58.90744680851064,5,No,0
CUST-05798,2,High-Spend At-Risk Onboarders,19,88.8,1672.35,88.01842105263158,5,No,0
CUST-05799,2,High-Spend At-Risk Onboarders,5,85.2,474.8,94.96000000000001,3,Yes,1
CUST-05800,1,New Low-Spend Basic Customers,13,35.1,446.1,34.315384615384616,1,Yes,1
CUST-05801,2,High-Spend At-Risk Onboarders,17,80.05,1345.65,79.15588235294118,3,No,0
CUST-05802,2,High-Spend At-Risk Onboarders,34,75.55,2425.4,71.33529411764707,2,No,0
CUST-05803,3,Loyal Low-Spend Long-Termers,42,49.55,2077.95,49.474999999999994,2,No,0
CUST-05804,2,High-Spend At-Risk Onboarders,5,81.3,416.3,83.26,3,Yes,1
CUST-05805,3,Loyal Low-Spend Long-Termers,71,23.9,1663.5,23.429577464788732,2,No,0
CUST-05806,2,High-Spend At-Risk Onboarders,19,66.4,1286.05,67.68684210526315,4,No,0
CUST-05807,1,New Low-Spend Basic Customers,2,19.6,35.85,17.925,1,Yes,1
CUST-05808,3,Loyal Low-Spend Long-Termers,57,18.8,1094.35,19.19912280701754,1,No,0
CUST-05809,0,High-Value Long-Term Power Users,72,108.4,7719.5,107.21527777777777,7,No,0
CUST-05810,2,High-Spend At-Risk Onboarders,6,85.95,514.6,85.76666666666667,3,No,0
CUST-05811,2,High-Spend At-Risk Onboarders,17,85.45,1451.6,85.38823529411764,3,Yes,1
CUST-05812,0,High-Value Long-Term Power Users,61,80.9,4932.5,80.86065573770492,6,No,0
CUST-05813,2,High-Spend At-Risk Onboarders,1,71.0,71.0,71.0,1,Yes,1
CUST-05814,0,High-Value Long-Term Power Users,48,111.8,5443.65,113.409375,8,No,0
CUST-05815,1,New Low-Spend Basic Customers,16,20.6,330.25,20.640625,1,No,0
CUST-05816,2,High-Spend At-Risk Onboarders,9,85.05,746.5,82.94444444444444,3,Yes,1
CUST-05817,1,New Low-Spend Basic Customers,3,44.6,122.7,40.9,1,No,0
CUST-05818,1,New Low-Spend Basic Customers,1,44.4,44.4,44.4,1,Yes,1
CUST-05819,0,High-Value Long-Term Power Users,65,105.1,6631.85,102.02846153846154,6,No,0
CUST-05820,0,High-Value Long-Term Power Users,70,115.15,8250.0,117.85714285714286,8,No,0
CUST-05821,3,Loyal Low-Spend Long-Termers,60,59.8,3561.15,59.3525,3,No,0
CUST-05822,3,Loyal Low-Spend Long-Termers,69,26.3,1763.55,25.558695652173913,2,No,0
CUST-05823,2,High-Spend At-Risk Onboarders,35,70.55,2419.0,69.11428571428571,1,No,0
CUST-05824,1,New Low-Spend Basic Customers,22,20.05,470.2,21.37272727272727,1,No,0
CUST-05825,0,High-Value Long-Term Power Users,66,79.85,5234.95,79.31742424242424,6,No,0
CUST-05826,2,High-Spend At-Risk Onboarders,1,70.3,70.3,70.3,1,Yes,1
CUST-05827,2,High-Spend At-Risk Onboarders,1,79.35,79.35,79.35,2,Yes,1
CUST-05828,2,High-Spend At-Risk Onboarders,34,90.05,3097.0,91.08823529411765,4,No,0
CUST-05829,3,Loyal Low-Spend Long-Termers,72,24.45,1709.1,23.737499999999997,2,No,0
CUST-05830,2,High-Spend At-Risk Onboarders,31,59.95,1848.8,59.63870967741936,5,No,0
CUST-05831,1,New Low-Spend Basic Customers,30,25.35,723.3,24.11,2,No,0
CUST-05832,2,High-Spend At-Risk Onboarders,9,90.8,809.75,89.97222222222223,3,Yes,1
CUST-05833,2,High-Spend At-Risk Onboarders,20,70.45,1470.95,73.5475,1,Yes,1
CUST-05834,1,New Low-Spend Basic Customers,19,34.3,577.15,30.376315789473683,2,No,0
CUST-05835,0,High-Value Long-Term Power Users,65,105.05,6914.95,106.38384615384615,6,No,0
CUST-05836,1,New Low-Spend Basic Customers,30,19.3,602.9,20.096666666666668,1,No,0
CUST-05837,1,New Low-Spend Basic Customers,6,19.15,124.4,20.733333333333334,1,No,0
CUST-05838,1,New Low-Spend Basic Customers,2,51.4,96.8,48.4,3,No,0
CUST-05839,0,High-Value Long-Term Power Users,53,71.85,3827.9,72.22452830188679,5,No,0
CUST-05840,2,High-Spend At-Risk Onboarders,7,75.4,533.05,76.14999999999999,2,No,0
CUST-05841,3,Loyal Low-Spend Long-Termers,61,49.7,2961.4,48.54754098360656,2,No,0
CUST-05842,3,Loyal Low-Spend Long-Termers,70,45.25,3264.45,46.635,2,Yes,1
CUST-05843,2,High-Spend At-Risk Onboarders,13,78.75,995.35,76.56538461538462,6,No,0
CUST-05844,2,High-Spend At-Risk Onboarders,35,81.6,2815.25,80.43571428571428,3,No,0
CUST-05845,2,High-Spend At-Risk Onboarders,2,70.4,154.8,77.4,1,No,0
CUST-05846,2,High-Spend At-Risk Onboarders,3,75.8,246.3,82.10000000000001,2,Yes,1
CUST-05847,2,High-Spend At-Risk Onboarders,3,76.1,257.6,85.86666666666667,2,No,0
CUST-05848,0,High-Value Long-Term Power Users,62,94.0,5757.2,92.85806451612903,4,No,0
CUST-05849,0,High-Value Long-Term Power Users,72,103.95,7517.7,104.4125,7,No,0
CUST-05850,3,Loyal Low-Spend Long-Termers,63,19.95,1234.8,19.599999999999998,1,No,0
CUST-05851,2,High-Spend At-Risk Onboarders,20,71.3,1389.2,69.46000000000001,1,Yes,1
CUST-05852,0,High-Value Long-Term Power Users,35,110.8,3836.3,109.60857142857144,8,No,0
CUST-05853,2,High-Spend At-Risk Onboarders,21,69.1,1474.75,70.22619047619048,1,Yes,1
CUST-05854,0,High-Value Long-Term Power Users,62,96.1,6001.45,96.79758064516129,5,No,0
CUST-05855,1,New Low-Spend Basic Customers,15,48.8,720.1,48.00666666666667,2,No,0
CUST-05856,3,Loyal Low-Spend Long-Termers,55,50.55,2832.75,51.50454545454546,2,No,0
CUST-05857,1,New Low-Spend Basic Customers,11,44.65,472.25,42.93181818181818,1,No,0
CUST-05858,2,High-Spend At-Risk Onboarders,17,88.25,1460.65,85.92058823529412,4,Yes,1
CUST-05859,3,Loyal Low-Spend Long-Termers,61,19.45,1336.35,21.907377049180326,1,No,0
CUST-05860,0,High-Value Long-Term Power Users,71,89.3,6388.65,89.98098591549295,8,No,0
CUST-05861,2,High-Spend At-Risk Onboarders,2,70.0,153.05,76.525,1,Yes,1
CUST-05862,1,New Low-Spend Basic Customers,35,19.25,677.9,19.36857142857143,1,No,0
CUST-05863,2,High-Spend At-Risk Onboarders,17,70.5,1165.6,68.56470588235294,1,No,0
CUST-05864,2,High-Spend At-Risk Onboarders,21,97.35,2119.5,100.92857142857143,4,Yes,1
CUST-05865,3,Loyal Low-Spend Long-Termers,47,19.65,921.55,19.607446808510637,1,No,0
CUST-05866,1,New Low-Spend Basic Customers,3,20.85,72.0,24.0,1,No,0
CUST-05867,1,New Low-Spend Basic Customers,3,19.65,68.35,22.78333333333333,1,No,0
CUST-05868,3,Loyal Low-Spend Long-Termers,44,19.35,847.25,19.255681818181817,1,No,0
CUST-05869,1,New Low-Spend Basic Customers,1,44.0,44.0,44.0,1,No,0
CUST-05870,0,High-Value Long-Term Power Users,44,94.4,4295.35,97.62159090909091,5,No,0
CUST-05871,1,New Low-Spend Basic Customers,5,25.9,135.0,27.0,2,Yes,1
CUST-05872,2,High-Spend At-Risk Onboarders,24,55.65,1400.55,58.356249999999996,3,Yes,1
CUST-05873,2,High-Spend At-Risk Onboarders,1,69.65,69.65,69.65,1,Yes,1
CUST-05874,2,High-Spend At-Risk Onboarders,18,75.4,1380.4,76.6888888888889,2,No,0
CUST-05875,2,High-Spend At-Risk Onboarders,10,100.6,1060.2,106.02000000000001,5,Yes,1
CUST-05876,0,High-Value Long-Term Power Users,65,71.0,4386.2,67.48,5,No,0
CUST-05877,2,High-Spend At-Risk Onboarders,1,86.0,86.0,86.0,3,Yes,1
CUST-05878,0,High-Value Long-Term Power Users,53,106.95,5785.5,109.16037735849056,6,Yes,1
CUST-05879,1,New Low-Spend Basic Customers,3,21.2,52.05,17.349999999999998,1,No,0
CUST-05880,2,High-Spend At-Risk Onboarders,33,61.05,2018.4,61.163636363636364,4,No,0
CUST-05881,1,New Low-Spend Basic Customers,3,29.6,79.45,26.483333333333334,1,Yes,1
CUST-05882,2,High-Spend At-Risk Onboarders,34,79.95,2727.3,80.21470588235294,6,No,0
CUST-05883,1,New Low-Spend Basic Customers,14,19.7,263.65,18.832142857142856,1,No,0
CUST-05884,1,New Low-Spend Basic Customers,13,20.3,275.4,21.184615384615384,1,No,0
CUST-05885,2,High-Spend At-Risk Onboarders,46,59.9,2816.65,61.231521739130436,5,Yes,1
CUST-05886,1,New Low-Spend Basic Customers,23,24.35,538.5,23.41304347826087,2,No,0
CUST-05887,3,Loyal Low-Spend Long-Termers,47,19.75,948.9,20.18936170212766,1,No,0
CUST-05888,1,New Low-Spend Basic Customers,17,50.3,846.8,49.811764705882354,2,No,0
CUST-05889,0,High-Value Long-Term Power Users,49,95.6,4783.5,97.62244897959184,4,Yes,1
CUST-05890,3,Loyal Low-Spend Long-Termers,59,50.25,2997.45,50.80423728813559,3,No,0
CUST-05891,0,High-Value Long-Term Power Users,69,85.35,5897.4,85.4695652173913,7,No,0
CUST-05892,1,New Low-Spend Basic Customers,11,41.6,470.6,42.78181818181818,2,Yes,1
CUST-05893,1,New Low-Spend Basic Customers,10,51.65,524.5,52.45,2,No,0
CUST-05894,1,New Low-Spend Basic Customers,12,24.0,269.65,22.47083333333333,2,No,0
CUST-05895,0,High-Value Long-Term Power Users,45,100.85,4740.0,105.33333333333333,5,Yes,1
CUST-05896,2,High-Spend At-Risk Onboarders,39,59.85,2341.5,60.03846153846154,3,No,0
CUST-05897,3,Loyal Low-Spend Long-Termers,71,25.45,1789.65,25.206338028169014,2,No,0
CUST-05898,3,Loyal Low-Spend Long-Termers,71,23.9,1626.4,22.907042253521126,2,No,0
CUST-05899,1,New Low-Spend Basic Customers,33,24.15,800.3,24.25151515151515,2,No,0
CUST-05900,0,High-Value Long-Term Power Users,67,75.7,5060.85,75.53507462686568,2,No,0
CUST-05901,3,Loyal Low-Spend Long-Termers,37,40.2,1448.8,39.15675675675676,3,Yes,1
CUST-05902,0,High-Value Long-Term Power Users,49,84.5,4254.85,86.83367346938776,3,Yes,1
CUST-05903,1,New Low-Spend Basic Customers,9,50.85,466.6,51.84444444444445,2,No,0
CUST-05904,0,High-Value Long-Term Power Users,52,91.6,4627.8,88.99615384615385,5,No,0
CUST-05905,0,High-Value Long-Term Power Users,70,98.9,6838.6,97.69428571428573,5,No,0
CUST-05906,2,High-Spend At-Risk Onboarders,1,85.0,85.0,85.0,3,No,0
CUST-05907,2,High-Spend At-Risk Onboarders,14,78.95,1101.85,78.70357142857142,3,Yes,1
CUST-05908,1,New Low-Spend Basic Customers,1,44.3,44.3,44.3,1,No,0
CUST-05909,1,New Low-Spend Basic Customers,1,20.2,20.2,20.2,1,Yes,1
CUST-05910,0,High-Value Long-Term Power Users,52,80.2,4297.6,82.64615384615385,3,No,0
CUST-05911,2,High-Spend At-Risk Onboarders,6,60.9,414.1,69.01666666666667,3,No,0
CUST-05912,1,New Low-Spend Basic Customers,7,34.2,256.6,36.65714285714286,2,No,0
CUST-05913,0,High-Value Long-Term Power Users,47,85.2,3969.35,84.45425531914893,4,Yes,1
CUST-05914,2,High-Spend At-Risk Onboarders,26,87.15,2274.1,87.46538461538461,4,No,0
CUST-05915,2,High-Spend At-Risk Onboarders,25,54.3,1296.8,51.872,3,No,0
CUST-05916,3,Loyal Low-Spend Long-Termers,69,19.1,1268.85,18.389130434782608,1,No,0
CUST-05917,0,High-Value Long-Term Power Users,72,112.75,8192.6,113.78611111111111,8,No,0
CUST-05918,1,New Low-Spend Basic Customers,4,19.95,59.25,14.8125,1,No,0
CUST-05919,3,Loyal Low-Spend Long-Termers,59,19.5,1147.85,19.45508474576271,1,No,0
CUST-05920,0,High-Value Long-Term Power Users,67,65.55,4361.55,65.09776119402986,4,No,0
CUST-05921,2,High-Spend At-Risk Onboarders,26,78.8,2006.1,77.1576923076923,2,No,0
CUST-05922,2,High-Spend At-Risk Onboarders,27,78.2,2078.95,76.99814814814815,6,No,0
CUST-05923,0,High-Value Long-Term Power Users,72,105.25,7609.75,105.69097222222223,6,No,0
CUST-05924,2,High-Spend At-Risk Onboarders,6,89.25,487.05,81.175,4,No,0
CUST-05925,3,Loyal Low-Spend Long-Termers,62,20.65,1218.45,19.65241935483871,1,No,0
CUST-05926,2,High-Spend At-Risk Onboarders,20,68.7,1416.2,70.81,5,No,0
CUST-05927,2,High-Spend At-Risk Onboarders,6,78.65,483.3,80.55,6,No,0
CUST-05928,3,Loyal Low-Spend Long-Termers,51,24.75,1234.6,24.2078431372549,2,No,0
CUST-05929,3,Loyal Low-Spend Long-Termers,61,19.75,1311.6,21.501639344262294,1,No,0
CUST-05930,0,High-Value Long-Term Power Users,62,89.1,5618.3,90.61774193548388,5,No,0
CUST-05931,0,High-Value Long-Term Power Users,72,84.7,6185.15,85.9048611111111,4,No,0
CUST-05932,2,High-Spend At-Risk Onboarders,13,98.0,1237.85,95.21923076923076,5,Yes,1
CUST-05933,2,High-Spend At-Risk Onboarders,5,94.45,498.1,99.62,4,Yes,1
CUST-05934,2,High-Spend At-Risk Onboarders,3,105.0,294.45,98.14999999999999,6,Yes,1
CUST-05935,2,High-Spend At-Risk Onboarders,26,93.85,2381.55,91.59807692307693,5,Yes,1
CUST-05936,2,High-Spend At-Risk Onboarders,13,59.9,788.35,60.642307692307696,3,No,0
CUST-05937,3,Loyal Low-Spend Long-Termers,38,19.95,756.4,19.905263157894737,1,No,0
CUST-05938,2,High-Spend At-Risk Onboarders,8,84.0,613.4,76.675,3,Yes,1
CUST-05939,0,High-Value Long-Term Power Users,34,108.9,3625.2,106.62352941176471,7,No,0
CUST-05940,1,New Low-Spend Basic Customers,18,33.6,550.35,30.575000000000003,2,No,0
CUST-05941,0,High-Value Long-Term Power Users,56,85.85,4793.8,85.60357142857143,4,No,0
CUST-05942,3,Loyal Low-Spend Long-Termers,36,34.85,1267.2,35.2,2,No,0
CUST-05943,1,New Low-Spend Basic Customers,9,48.75,442.2,49.13333333333333,3,Yes,1
CUST-05944,2,High-Spend At-Risk Onboarders,1,84.85,84.85,84.85,3,Yes,1
CUST-05945,2,High-Spend At-Risk Onboarders,12,56.65,654.85,54.57083333333333,3,Yes,1
CUST-05946,0,High-Value Long-Term Power Users,57,95.3,5567.45,97.67456140350878,5,No,0
CUST-05947,0,High-Value Long-Term Power Users,42,73.9,3160.55,75.25119047619049,6,Yes,1
CUST-05948,1,New Low-Spend Basic Customers,33,24.5,740.3,22.433333333333334,2,Yes,1
CUST-05949,0,High-Value Long-Term Power Users,70,84.6,5706.2,81.51714285714286,4,No,0
CUST-05950,3,Loyal Low-Spend Long-Termers,68,44.95,3085.35,45.37279411764706,3,No,0
CUST-05951,1,New Low-Spend Basic Customers,1,24.7,24.7,24.7,0,No,0
CUST-05952,0,High-Value Long-Term Power Users,37,100.3,3541.4,95.71351351351352,5,No,0
CUST-05953,1,New Low-Spend Basic Customers,4,25.45,84.2,21.05,2,No,0
CUST-05954,1,New Low-Spend Basic Customers,1,50.7,50.7,50.7,2,No,0
CUST-05955,2,High-Spend At-Risk Onboarders,20,55.0,1165.55,58.277499999999996,5,No,0
CUST-05956,0,High-Value Long-Term Power Users,72,68.4,4855.35,67.43541666666667,5,No,0
CUST-05957,2,High-Spend At-Risk Onboarders,31,89.9,2806.9,90.54516129032258,4,Yes,1
CUST-05958,2,High-Spend At-Risk Onboarders,18,78.55,1422.65,79.03611111111111,2,Yes,1
CUST-05959,1,New Low-Spend Basic Customers,11,55.05,608.15,55.28636363636363,2,No,0
CUST-05960,1,New Low-Spend Basic Customers,33,19.8,641.35,19.434848484848487,1,No,0
CUST-05961,0,High-Value Long-Term Power Users,62,84.45,4959.15,79.98629032258064,3,No,0
CUST-05962,1,New Low-Spend Basic Customers,1,35.9,35.9,35.9,2,No,0
CUST-05963,2,High-Spend At-Risk Onboarders,16,80.75,1321.3,82.58125,3,No,0
CUST-05964,2,High-Spend At-Risk Onboarders,22,78.65,1663.75,75.625,6,No,0
CUST-05965,2,High-Spend At-Risk Onboarders,49,61.75,3024.15,61.71734693877551,4,No,0
CUST-05966,2,High-Spend At-Risk Onboarders,36,63.7,2188.5,60.791666666666664,4,No,0
CUST-05967,0,High-Value Long-Term Power Users,42,99.45,4138.05,98.525,6,Yes,1
CUST-05968,1,New Low-Spend Basic Customers,4,25.2,102.5,25.625,0,Yes,1
CUST-05969,2,High-Spend At-Risk Onboarders,12,74.05,872.65,72.72083333333333,5,Yes,1
CUST-05970,2,High-Spend At-Risk Onboarders,31,87.6,2724.25,87.87903225806451,4,No,0
CUST-05971,2,High-Spend At-Risk Onboarders,5,89.15,413.25,82.65,4,No,0
CUST-05972,3,Loyal Low-Spend Long-Termers,66,20.0,1374.2,20.82121212121212,1,No,0
CUST-05973,2,High-Spend At-Risk Onboarders,15,55.0,757.1,50.473333333333336,3,Yes,1
CUST-05974,0,High-Value Long-Term Power Users,64,104.4,6692.65,104.57265625,6,No,0
CUST-05975,1,New Low-Spend Basic Customers,10,20.05,218.5,21.85,1,No,0
CUST-05976,2,High-Spend At-Risk Onboarders,7,89.75,608.8,86.97142857142856,4,Yes,1
CUST-05977,1,New Low-Spend Basic Customers,29,34.3,1004.75,34.64655172413793,2,No,0
CUST-05978,3,Loyal Low-Spend Long-Termers,57,20.65,1125.6,19.74736842105263,1,No,0
CUST-05979,0,High-Value Long-Term Power Users,46,84.25,3847.6,83.64347826086956,4,No,0
CUST-05980,3,Loyal Low-Spend Long-Termers,53,19.65,978.0,18.452830188679247,1,No,0
CUST-05981,2,High-Spend At-Risk Onboarders,17,79.85,1387.35,81.60882352941177,6,No,0
CUST-05982,3,Loyal Low-Spend Long-Termers,38,20.2,746.05,19.632894736842104,1,No,0
CUST-05983,1,New Low-Spend Basic Customers,15,19.8,304.6,20.30666666666667,1,No,0
CUST-05984,2,High-Spend At-Risk Onboarders,22,50.35,1098.85,49.94772727272727,3,No,0
CUST-05985,2,High-Spend At-Risk Onboarders,14,85.15,1139.2,81.37142857142858,3,Yes,1
CUST-05986,0,High-Value Long-Term Power Users,57,74.6,4368.95,76.64824561403509,6,No,0
CUST-05987,2,High-Spend At-Risk Onboarders,11,79.15,827.7,75.24545454545455,2,No,0
CUST-05988,1,New Low-Spend Basic Customers,1,20.35,20.35,20.35,1,No,0
CUST-05989,1,New Low-Spend Basic Customers,12,21.05,262.05,21.837500000000002,1,No,0
CUST-05990,2,High-Spend At-Risk Onboarders,3,94.6,279.55,93.18333333333334,4,Yes,1
CUST-05991,0,High-Value Long-Term Power Users,36,94.7,3512.5,97.56944444444444,4,No,0
CUST-05992,2,High-Spend At-Risk Onboarders,16,94.25,1483.25,92.703125,4,Yes,1
CUST-05993,0,High-Value Long-Term Power Users,65,72.45,4653.85,71.59769230769231,6,Yes,1
CUST-05994,2,High-Spend At-Risk Onboarders,2,74.95,151.75,75.875,2,No,0
CUST-05995,0,High-Value Long-Term Power Users,42,105.2,4400.75,104.7797619047619,6,Yes,1
CUST-05996,0,High-Value Long-Term Power Users,72,111.95,8033.1,111.57083333333334,7,No,0
CUST-05997,3,Loyal Low-Spend Long-Termers,62,19.85,1253.65,20.220161290322583,1,No,0
CUST-05998,2,High-Spend At-Risk Onboarders,6,89.75,552.65,92.10833333333333,4,No,0
CUST-05999,3,Loyal Low-Spend Long-Termers,48,20.05,1036.0,21.583333333333332,1,No,0
CUST-06000,0,High-Value Long-Term Power Users,35,108.95,4025.5,115.01428571428572,7,No,0
CUST-06001,3,Loyal Low-Spend Long-Termers,52,19.65,928.4,17.853846153846153,1,No,0
CUST-06002,1,New Low-Spend Basic Customers,1,24.9,24.9,24.9,0,No,0
CUST-06003,2,High-Spend At-Risk Onboarders,6,82.85,460.25,76.70833333333333,3,Yes,1
CUST-06004,0,High-Value Long-Term Power Users,71,93.2,6506.15,91.63591549295774,8,No,0
CUST-06005,0,High-Value Long-Term Power Users,67,84.8,5598.3,83.55671641791045,4,No,0
CUST-06006,0,High-Value Long-Term Power Users,60,71.75,4374.55,72.90916666666666,5,No,0
CUST-06007,1,New Low-Spend Basic Customers,23,30.35,678.75,29.51086956521739,1,No,0
CUST-06008,2,High-Spend At-Risk Onboarders,39,54.85,2191.7,56.197435897435895,4,No,0
CUST-06009,1,New Low-Spend Basic Customers,15,19.5,239.75,15.983333333333333,1,No,0
CUST-06010,0,High-Value Long-Term Power Users,53,103.85,5485.5,103.5,6,Yes,1
CUST-06011,1,New Low-Spend Basic Customers,24,24.2,609.05,25.37708333333333,2,No,0
CUST-06012,3,Loyal Low-Spend Long-Termers,37,19.35,683.75,18.47972972972973,1,No,0
CUST-06013,2,High-Spend At-Risk Onboarders,5,83.6,404.2,80.84,3,Yes,1
CUST-06014,0,High-Value Long-Term Power Users,50,100.65,5189.75,103.795,5,No,0
CUST-06015,0,High-Value Long-Term Power Users,54,94.1,5060.9,93.72037037037036,4,No,0
CUST-06016,2,High-Spend At-Risk Onboarders,3,74.55,233.65,77.88333333333334,2,No,0
CUST-06017,0,High-Value Long-Term Power Users,68,108.45,7176.55,105.53750000000001,7,Yes,1
CUST-06018,2,High-Spend At-Risk Onboarders,5,56.15,291.45,58.29,3,No,0
CUST-06019,1,New Low-Spend Basic Customers,33,20.35,689.75,20.901515151515152,1,No,0
CUST-06020,0,High-Value Long-Term Power Users,41,80.55,3263.9,79.60731707317073,6,No,0
CUST-06021,2,High-Spend At-Risk Onboarders,34,61.25,1993.2,58.62352941176471,5,No,0
CUST-06022,1,New Low-Spend Basic Customers,13,20.45,254.5,19.576923076923077,1,No,0
CUST-06023,1,New Low-Spend Basic Customers,20,18.9,347.65,17.3825,1,No,0
CUST-06024,3,Loyal Low-Spend Long-Termers,51,19.6,967.9,18.978431372549018,1,No,0
CUST-06025,2,High-Spend At-Risk Onboarders,3,91.5,242.95,80.98333333333333,4,Yes,1
CUST-06026,3,Loyal Low-Spend Long-Termers,41,45.2,1841.9,44.924390243902444,1,No,0
CUST-06027,1,New Low-Spend Basic Customers,13,19.45,232.1,17.853846153846153,1,No,0
CUST-06028,3,Loyal Low-Spend Long-Termers,35,25.45,809.25,23.12142857142857,2,No,0
CUST-06029,2,High-Spend At-Risk Onboarders,12,80.85,866.45,72.20416666666667,3,Yes,1
CUST-06030,2,High-Spend At-Risk Onboarders,4,94.9,360.55,90.1375,5,No,0
CUST-06031,3,Loyal Low-Spend Long-Termers,43,49.05,2076.2,48.283720930232555,3,Yes,1
CUST-06032,1,New Low-Spend Basic Customers,12,29.3,355.9,29.65833333333333,1,No,0
CUST-06033,0,High-Value Long-Term Power Users,68,105.3,7299.65,107.34779411764706,6,Yes,1
CUST-06034,2,High-Spend At-Risk Onboarders,25,88.95,2291.2,91.648,4,Yes,1
CUST-06035,1,New Low-Spend Basic Customers,7,20.25,129.15,18.45,1,No,0
CUST-06036,0,High-Value Long-Term Power Users,66,110.85,7491.75,113.51136363636364,7,Yes,1
CUST-06037,0,High-Value Long-Term Power Users,53,110.5,5835.5,110.10377358490567,7,No,0
CUST-06038,0,High-Value Long-Term Power Users,63,109.4,7031.45,111.61031746031746,7,No,0
CUST-06039,0,High-Value Long-Term Power Users,70,114.2,7723.9,110.34142857142857,8,Yes,1
CUST-06040,1,New Low-Spend Basic Customers,27,36.5,1032.0,38.22222222222222,1,Yes,1
CUST-06041,2,High-Spend At-Risk Onboarders,1,70.75,70.75,70.75,1,Yes,1
CUST-06042,1,New Low-Spend Basic Customers,5,19.95,109.6,21.919999999999998,1,No,0
CUST-06043,3,Loyal Low-Spend Long-Termers,37,19.6,727.8,19.67027027027027,1,No,0
CUST-06044,1,New Low-Spend Basic Customers,3,40.15,130.75,43.583333333333336,2,Yes,1
CUST-06045,2,High-Spend At-Risk Onboarders,12,76.6,893.0,74.41666666666667,2,No,0
CUST-06046,3,Loyal Low-Spend Long-Termers,38,19.6,763.1,20.08157894736842,1,No,0
CUST-06047,2,High-Spend At-Risk Onboarders,9,85.3,781.4,86.82222222222222,3,No,0
CUST-06048,2,High-Spend At-Risk Onboarders,13,65.85,902.25,69.40384615384616,4,No,0
CUST-06049,2,High-Spend At-Risk Onboarders,29,94.45,2653.65,91.5051724137931,4,Yes,1
CUST-06050,3,Loyal Low-Spend Long-Termers,47,20.05,1016.7,21.631914893617022,1,No,0
CUST-06051,0,High-Value Long-Term Power Users,61,99.4,5943.65,97.43688524590164,6,No,0
CUST-06052,1,New Low-Spend Basic Customers,16,20.0,275.7,17.23125,1,No,0
CUST-06053,0,High-Value Long-Term Power Users,41,78.45,3126.45,76.25487804878048,6,No,0
CUST-06054,3,Loyal Low-Spend Long-Termers,43,25.1,1070.15,24.887209302325584,2,No,0
CUST-06055,0,High-Value Long-Term Power Users,36,97.35,3457.9,96.05277777777778,5,Yes,1
CUST-06056,1,New Low-Spend Basic Customers,6,55.0,340.4,56.73333333333333,2,No,0
CUST-06057,0,High-Value Long-Term Power Users,58,71.1,4299.2,74.12413793103448,6,No,0
CUST-06058,2,High-Spend At-Risk Onboarders,19,61.55,1093.2,57.53684210526316,3,No,0
CUST-06059,1,New Low-Spend Basic Customers,11,45.9,521.9,47.445454545454545,1,No,0
CUST-06060,3,Loyal Low-Spend Long-Termers,39,40.3,1630.4,41.805128205128206,3,No,0
CUST-06061,2,High-Spend At-Risk Onboarders,8,87.1,713.6,89.2,3,No,0
CUST-06062,1,New Low-Spend Basic Customers,26,49.5,1265.65,48.67884615384616,2,No,0
CUST-06063,2,High-Spend At-Risk Onboarders,53,73.8,4003.85,75.5443396226415,2,No,0
CUST-06064,3,Loyal Low-Spend Long-Termers,70,19.2,1401.4,20.02,1,No,0
CUST-06065,1,New Low-Spend Basic Customers,1,45.3,45.3,45.3,2,Yes,1
CUST-06066,3,Loyal Low-Spend Long-Termers,59,25.0,1510.5,25.60169491525424,2,No,0
CUST-06067,2,High-Spend At-Risk Onboarders,2,94.95,178.1,89.05,4,Yes,1
CUST-06068,1,New Low-Spend Basic Customers,7,35.3,264.8,37.82857142857143,2,No,0
CUST-06069,1,New Low-Spend Basic Customers,12,44.55,480.6,40.050000000000004,1,Yes,1
CUST-06070,0,High-Value Long-Term Power Users,59,76.75,4541.9,76.98135593220339,6,No,0
CUST-06071,0,High-Value Long-Term Power Users,61,81.0,4976.15,81.57622950819672,6,No,0
CUST-06072,0,High-Value Long-Term Power Users,72,105.55,7542.25,104.75347222222223,6,No,0
CUST-06073,1,New Low-Spend Basic Customers,13,18.8,251.25,19.326923076923077,1,No,0
CUST-06074,3,Loyal Low-Spend Long-Termers,64,24.9,1595.5,24.9296875,2,No,0
CUST-06075,1,New Low-Spend Basic Customers,1,23.45,23.45,23.45,0,Yes,1
CUST-06076,2,High-Spend At-Risk Onboarders,10,64.9,685.55,68.55499999999999,4,No,0
CUST-06077,0,High-Value Long-Term Power Users,65,61.35,3874.1,59.60153846153846,4,No,0
CUST-06078,0,High-Value Long-Term Power Users,62,113.95,6891.4,111.1516129032258,8,No,0
CUST-06079,0,High-Value Long-Term Power Users,55,90.15,4916.95,89.3990909090909,8,No,0
CUST-06080,2,High-Spend At-Risk Onboarders,25,54.1,1373.0,54.92,3,No,0
CUST-06081,1,New Low-Spend Basic Customers,1,29.7,29.7,29.7,1,Yes,1
CUST-06082,1,New Low-Spend Basic Customers,1,49.8,49.8,49.8,2,No,0
CUST-06083,0,High-Value Long-Term Power Users,59,101.1,6039.9,102.37118644067796,5,Yes,1
CUST-06084,3,Loyal Low-Spend Long-Termers,64,24.4,1548.65,24.19765625,2,No,0
CUST-06085,0,High-Value Long-Term Power Users,36,95.0,3440.25,95.5625,4,No,0
CUST-06086,1,New Low-Spend Basic Customers,3,50.65,151.3,50.43333333333334,2,Yes,1
CUST-06087,0,High-Value Long-Term Power Users,61,69.9,4226.7,69.29016393442623,5,No,0
CUST-06088,1,New Low-Spend Basic Customers,26,39.95,1023.75,39.375,2,No,0
CUST-06089,1,New Low-Spend Basic Customers,1,55.4,55.4,55.4,2,Yes,1
CUST-06090,2,High-Spend At-Risk Onboarders,1,90.6,90.6,90.6,4,Yes,1
CUST-06091,0,High-Value Long-Term Power Users,68,103.25,7074.4,104.03529411764706,6,No,0
CUST-06092,2,High-Spend At-Risk Onboarders,2,86.85,156.35,78.175,3,Yes,1
CUST-06093,0,High-Value Long-Term Power Users,72,94.25,6849.75,95.13541666666667,6,No,0
CUST-06094,3,Loyal Low-Spend Long-Termers,71,47.05,3263.6,45.96619718309859,3,No,0
CUST-06095,3,Loyal Low-Spend Long-Termers,57,20.55,1252.85,21.979824561403507,1,No,0
CUST-06096,1,New Low-Spend Basic Customers,4,19.65,67.55,16.8875,1,No,0
CUST-06097,2,High-Spend At-Risk Onboarders,1,70.2,70.2,70.2,1,No,0
CUST-06098,0,High-Value Long-Term Power Users,72,81.0,5750.0,79.86111111111111,7,No,0
CUST-06099,2,High-Spend At-Risk Onboarders,21,75.9,1549.75,73.79761904761905,5,No,0
CUST-06100,3,Loyal Low-Spend Long-Termers,71,24.7,1810.55,25.500704225352113,2,No,0
CUST-06101,2,High-Spend At-Risk Onboarders,29,99.05,2952.85,101.82241379310345,5,Yes,1
CUST-06102,0,High-Value Long-Term Power Users,69,110.25,7467.55,108.22536231884058,7,No,0
CUST-06103,0,High-Value Long-Term Power Users,64,85.0,5484.4,85.69375,7,No,0
CUST-06104,1,New Low-Spend Basic Customers,16,19.75,294.9,18.43125,1,No,0
CUST-06105,1,New Low-Spend Basic Customers,4,23.9,97.5,24.375,2,No,0
CUST-06106,0,High-Value Long-Term Power Users,52,111.25,5916.45,113.77788461538461,7,Yes,1
CUST-06107,2,High-Spend At-Risk Onboarders,2,55.1,113.35,56.675,3,Yes,1
CUST-06108,1,New Low-Spend Basic Customers,1,19.95,19.95,19.95,1,No,0
CUST-06109,1,New Low-Spend Basic Customers,18,25.15,476.8,26.48888888888889,0,No,0
CUST-06110,1,New Low-Spend Basic Customers,2,54.15,101.65,50.825,3,No,0
CUST-06111,2,High-Spend At-Risk Onboarders,19,59.8,1130.85,59.518421052631574,3,No,0
CUST-06112,2,High-Spend At-Risk Onboarders,40,83.85,3532.25,88.30625,3,No,0
CUST-06113,0,High-Value Long-Term Power Users,66,104.9,6891.45,104.41590909090908,6,No,0
CUST-06114,2,High-Spend At-Risk Onboarders,21,75.3,1570.7,74.79523809523809,2,No,0
CUST-06115,2,High-Spend At-Risk Onboarders,8,66.65,520.95,65.11875,4,No,0
CUST-06116,0,High-Value Long-Term Power Users,72,109.5,7854.9,109.09583333333333,7,No,0
CUST-06117,0,High-Value Long-Term Power Users,48,73.85,3581.4,74.6125,6,No,0
CUST-06118,3,Loyal Low-Spend Long-Termers,69,19.3,1447.9,20.984057971014494,1,No,0
CUST-06119,0,High-Value Long-Term Power Users,72,118.2,8547.15,118.71041666666666,8,No,0
CUST-06120,1,New Low-Spend Basic Customers,14,51.45,727.85,51.989285714285714,2,No,0
CUST-06121,2,High-Spend At-Risk Onboarders,6,59.45,357.6,59.6,3,No,0
CUST-06122,1,New Low-Spend Basic Customers,8,19.5,159.35,19.91875,1,No,0
CUST-06123,1,New Low-Spend Basic Customers,17,19.55,280.85,16.52058823529412,1,No,0
CUST-06124,0,High-Value Long-Term Power Users,65,93.55,6069.25,93.37307692307692,5,No,0
CUST-06125,3,Loyal Low-Spend Long-Termers,57,59.3,3274.35,57.444736842105264,4,No,0
CUST-06126,2,High-Spend At-Risk Onboarders,13,102.25,1359.0,104.53846153846153,5,Yes,1
CUST-06127,2,High-Spend At-Risk Onboarders,19,95.9,1777.9,93.57368421052632,4,Yes,1
CUST-06128,0,High-Value Long-Term Power Users,56,109.8,6109.65,109.10089285714285,7,No,0
CUST-06129,2,High-Spend At-Risk Onboarders,14,78.1,1122.4,80.17142857142858,2,No,0
CUST-06130,3,Loyal Low-Spend Long-Termers,52,39.9,2020.9,38.86346153846154,2,No,0
CUST-06131,0,High-Value Long-Term Power Users,58,64.9,3795.45,65.43879310344828,5,No,0
CUST-06132,0,High-Value Long-Term Power Users,47,95.05,4504.55,95.84148936170213,5,Yes,1
CUST-06133,3,Loyal Low-Spend Long-Termers,67,53.4,3579.15,53.420149253731346,4,No,0
CUST-06134,1,New Low-Spend Basic Customers,2,24.9,49.7,24.85,0,No,0
CUST-06135,1,New Low-Spend Basic Customers,6,44.7,276.5,46.083333333333336,1,No,0
CUST-06136,0,High-Value Long-Term Power Users,71,114.0,8175.9,115.15352112676055,8,No,0
CUST-06137,3,Loyal Low-Spend Long-Termers,46,20.25,890.35,19.355434782608697,1,No,0
CUST-06138,2,High-Spend At-Risk Onboarders,5,53.85,259.8,51.96,3,Yes,1
CUST-06139,0,High-Value Long-Term Power Users,67,83.85,5588.8,83.41492537313434,4,No,0
CUST-06140,1,New Low-Spend Basic Customers,3,20.2,50.6,16.866666666666667,1,No,0
CUST-06141,1,New Low-Spend Basic Customers,3,19.95,58.0,19.333333333333332,1,No,0
CUST-06142,0,High-Value Long-Term Power Users,52,104.2,5568.35,107.08365384615385,6,Yes,1
CUST-06143,3,Loyal Low-Spend Long-Termers,42,50.25,2203.65,52.46785714285714,2,Yes,1
CUST-06144,3,Loyal Low-Spend Long-Termers,50,20.35,938.95,18.779,1,No,0
CUST-06145,2,High-Spend At-Risk Onboarders,23,90.0,2024.1,88.00434782608696,4,No,0
CUST-06146,3,Loyal Low-Spend Long-Termers,67,54.2,3623.95,54.08880597014925,5,No,0
CUST-06147,2,High-Spend At-Risk Onboarders,25,99.5,2369.05,94.762,5,Yes,1
CUST-06148,0,High-Value Long-Term Power Users,39,99.1,3877.95,99.43461538461538,5,No,0
CUST-06149,0,High-Value Long-Term Power Users,69,66.9,4577.9,66.3463768115942,5,No,0
CUST-06150,1,New Low-Spend Basic Customers,1,25.85,25.85,25.85,0,No,0
CUST-06151,2,High-Spend At-Risk Onboarders,32,91.05,2871.5,89.734375,3,No,0
CUST-06152,2,High-Spend At-Risk Onboarders,9,71.0,672.55,74.72777777777777,1,Yes,1
CUST-06153,2,High-Spend At-Risk Onboarders,16,93.2,1573.7,98.35625,4,Yes,1
CUST-06154,3,Loyal Low-Spend Long-Termers,60,20.95,1270.55,21.175833333333333,1,No,0
CUST-06155,0,High-Value Long-Term Power Users,72,109.2,7711.45,107.10347222222222,7,No,0
CUST-06156,1,New Low-Spend Basic Customers,5,19.35,126.05,25.21,1,Yes,1
CUST-06157,2,High-Spend At-Risk Onboarders,26,85.8,2193.65,84.37115384615385,3,No,0
CUST-06158,1,New Low-Spend Basic Customers,3,19.85,64.55,21.516666666666666,1,Yes,1
CUST-06159,1,New Low-Spend Basic Customers,2,19.65,31.2,15.6,1,No,0
CUST-06160,1,New Low-Spend Basic Customers,2,20.5,38.25,19.125,1,No,0
CUST-06161,0,High-Value Long-Term Power Users,36,89.65,3348.1,93.00277777777778,7,No,0
CUST-06162,2,High-Spend At-Risk Onboarders,7,74.35,533.6,76.22857142857143,2,No,0
CUST-06163,3,Loyal Low-Spend Long-Termers,60,49.45,2907.55,48.45916666666667,3,No,0
CUST-06164,2,High-Spend At-Risk Onboarders,19,89.1,1620.8,85.30526315789473,4,No,0
CUST-06165,0,High-Value Long-Term Power Users,45,75.15,3480.35,77.3411111111111,6,No,0
CUST-06166,2,High-Spend At-Risk Onboarders,4,70.65,293.85,73.4625,1,No,0
CUST-06167,0,High-Value Long-Term Power Users,31,104.2,3243.45,104.62741935483871,6,Yes,1
CUST-06168,0,High-Value Long-Term Power Users,47,90.05,4137.2,88.02553191489362,4,No,0
CUST-06169,2,High-Spend At-Risk Onboarders,1,79.25,79.25,79.25,2,Yes,1
CUST-06170,1,New Low-Spend Basic Customers,1,44.9,44.9,44.9,1,Yes,1
CUST-06171,1,New Low-Spend Basic Customers,1,19.4,19.4,19.4,1,No,0
CUST-06172,0,High-Value Long-Term Power Users,59,88.75,5348.65,90.65508474576271,4,No,0
CUST-06173,2,High-Spend At-Risk Onboarders,10,70.1,659.65,65.965,1,Yes,1
CUST-06174,2,High-Spend At-Risk Onboarders,35,91.0,3180.5,90.87142857142857,4,No,0
CUST-06175,1,New Low-Spend Basic Customers,4,29.65,118.5,29.625,1,Yes,1
CUST-06176,2,High-Spend At-Risk Onboarders,32,90.8,3023.85,94.4953125,4,No,0
CUST-06177,2,High-Spend At-Risk Onboarders,43,77.85,3365.85,78.27558139534884,3,Yes,1
CUST-06178,1,New Low-Spend Basic Customers,4,54.3,195.3,48.825,2,Yes,1
CUST-06179,3,Loyal Low-Spend Long-Termers,54,18.95,1031.1,19.09444444444444,1,No,0
CUST-06180,2,High-Spend At-Risk Onboarders,11,95.15,997.65,90.69545454545454,4,Yes,1
CUST-06181,0,High-Value Long-Term Power Users,66,102.4,6471.85,98.05833333333334,5,No,0
CUST-06182,0,High-Value Long-Term Power Users,61,99.9,6241.35,102.31721311475411,5,No,0
CUST-06183,0,High-Value Long-Term Power Users,72,88.7,6501.35,90.29652777777778,8,No,0
CUST-06184,3,Loyal Low-Spend Long-Termers,44,54.3,2317.1,52.66136363636363,4,No,0
CUST-06185,3,Loyal Low-Spend Long-Termers,41,55.7,2237.55,54.57439024390244,3,No,0
CUST-06186,0,High-Value Long-Term Power Users,50,103.95,5231.3,104.626,6,No,0
CUST-06187,0,High-Value Long-Term Power Users,47,110.85,5275.8,112.25106382978724,7,Yes,1
CUST-06188,1,New Low-Spend Basic Customers,8,20.15,165.5,20.6875,1,No,0
CUST-06189,1,New Low-Spend Basic Customers,18,20.05,358.5,19.916666666666668,1,No,0
CUST-06190,0,High-Value Long-Term Power Users,72,91.95,6614.9,91.8736111111111,8,No,0
CUST-06191,2,High-Spend At-Risk Onboarders,1,80.5,80.5,80.5,2,Yes,1
CUST-06192,3,Loyal Low-Spend Long-Termers,42,55.65,2421.75,57.660714285714285,3,No,0
CUST-06193,2,High-Spend At-Risk Onboarders,18,74.7,1294.6,71.92222222222222,2,No,0
CUST-06194,2,High-Spend At-Risk Onboarders,13,104.15,1299.1,99.93076923076923,6,No,0
CUST-06195,0,High-Value Long-Term Power Users,68,83.65,5733.4,84.31470588235294,4,No,0
CUST-06196,2,High-Spend At-Risk Onboarders,4,72.2,305.55,76.3875,2,Yes,1
CUST-06197,0,High-Value Long-Term Power Users,69,110.05,7430.75,107.69202898550725,7,No,0
CUST-06198,1,New Low-Spend Basic Customers,17,51.5,900.5,52.970588235294116,2,Yes,1
CUST-06199,1,New Low-Spend Basic Customers,25,25.5,630.6,25.224,2,No,0
CUST-06200,0,High-Value Long-Term Power Users,43,89.55,3856.75,89.69186046511628,3,Yes,1
CUST-06201,3,Loyal Low-Spend Long-Termers,59,19.5,1222.65,20.722881355932206,1,No,0
CUST-06202,2,High-Spend At-Risk Onboarders,5,80.7,374.8,74.96000000000001,3,No,0
CUST-06203,2,High-Spend At-Risk Onboarders,21,77.5,1625.0,77.38095238095238,6,Yes,1
CUST-06204,0,High-Value Long-Term Power Users,69,105.1,7234.8,104.85217391304349,7,No,0
CUST-06205,1,New Low-Spend Basic Customers,13,25.15,331.85,25.52692307692308,0,No,0
CUST-06206,0,High-Value Long-Term Power Users,42,95.25,3959.35,94.2702380952381,5,Yes,1
CUST-06207,0,High-Value Long-Term Power Users,52,95.65,5088.4,97.85384615384615,5,No,0
CUST-06208,0,High-Value Long-Term Power Users,46,85.0,3969.4,86.29130434782608,3,Yes,1
CUST-06209,0,High-Value Long-Term Power Users,61,80.8,4860.85,79.68606557377049,7,No,0
CUST-06210,1,New Low-Spend Basic Customers,29,24.85,788.05,27.17413793103448,0,No,0
CUST-06211,2,High-Spend At-Risk Onboarders,25,54.75,1266.35,50.653999999999996,3,No,0
CUST-06212,2,High-Spend At-Risk Onboarders,5,85.75,470.95,94.19,3,Yes,1
CUST-06213,1,New Low-Spend Basic Customers,15,50.75,688.2,45.88,3,No,0
CUST-06214,1,New Low-Spend Basic Customers,19,20.15,387.7,20.405263157894737,1,No,0
CUST-06215,3,Loyal Low-Spend Long-Termers,44,20.05,845.25,19.210227272727273,1,No,0
CUST-06216,2,High-Spend At-Risk Onboarders,6,98.25,560.6,93.43333333333334,5,Yes,1
CUST-06217,0,High-Value Long-Term Power Users,58,71.6,4230.25,72.9353448275862,6,No,0
CUST-06218,0,High-Value Long-Term Power Users,62,81.45,4983.05,80.37177419354839,3,No,0
CUST-06219,0,High-Value Long-Term Power Users,70,58.4,4113.15,58.75928571428571,5,No,0
CUST-06220,1,New Low-Spend Basic Customers,1,25.7,25.7,25.7,0,Yes,1
CUST-06221,2,High-Spend At-Risk Onboarders,10,53.7,521.0,52.1,5,No,0
CUST-06222,1,New Low-Spend Basic Customers,26,19.6,471.85,18.148076923076925,1,No,0
CUST-06223,0,High-Value Long-Term Power Users,66,89.4,5976.9,90.5590909090909,4,No,0
CUST-06224,2,High-Spend At-Risk Onboarders,7,69.0,506.9,72.41428571428571,1,Yes,1
CUST-06225,0,High-Value Long-Term Power Users,51,84.2,4299.75,84.30882352941177,4,No,0
CUST-06226,0,High-Value Long-Term Power Users,72,106.1,7548.6,104.84166666666667,7,No,0
CUST-06227,3,Loyal Low-Spend Long-Termers,65,25.75,1654.75,25.45769230769231,2,No,0
CUST-06228,1,New Low-Spend Basic Customers,2,46.05,80.35,40.175,1,Yes,1
CUST-06229,0,High-Value Long-Term Power Users,70,64.95,4551.5,65.02142857142857,5,No,0
CUST-06230,0,High-Value Long-Term Power Users,72,85.45,6227.5,86.49305555555556,7,No,0
CUST-06231,1,New Low-Spend Basic Customers,1,20.05,20.05,20.05,1,No,0
CUST-06232,2,High-Spend At-Risk Onboarders,1,76.4,76.4,76.4,2,Yes,1
CUST-06233,2,High-Spend At-Risk Onboarders,5,100.5,514.0,102.8,5,Yes,1
CUST-06234,1,New Low-Spend Basic Customers,3,20.7,57.5,19.166666666666668,1,No,0
CUST-06235,3,Loyal Low-Spend Long-Termers,58,25.3,1474.35,25.419827586206896,2,No,0
CUST-06236,1,New Low-Spend Basic Customers,22,40.05,880.2,40.00909090909091,2,Yes,1
CUST-06237,0,High-Value Long-Term Power Users,33,100.6,3270.25,99.09848484848484,5,No,0
CUST-06238,2,High-Spend At-Risk Onboarders,1,69.95,69.95,69.95,1,Yes,1
CUST-06239,2,High-Spend At-Risk Onboarders,54,74.0,3919.15,72.57685185185186,2,No,0
CUST-06240,0,High-Value Long-Term Power Users,72,99.4,7285.7,101.19027777777778,5,No,0
CUST-06241,2,High-Spend At-Risk Onboarders,1,93.3,93.3,93.3,4,Yes,1
CUST-06242,1,New Low-Spend Basic Customers,3,49.15,169.05,56.35,2,Yes,1
CUST-06243,0,High-Value Long-Term Power Users,72,107.45,7658.3,106.36527777777778,7,No,0
CUST-06244,0,High-Value Long-Term Power Users,72,83.6,5959.3,82.76805555555556,7,No,0
CUST-06245,0,High-Value Long-Term Power Users,54,99.05,5295.7,98.06851851851852,5,No,0
CUST-06246,0,High-Value Long-Term Power Users,59,80.1,4693.2,79.5457627118644,6,No,0
CUST-06247,0,High-Value Long-Term Power Users,54,65.3,3512.9,65.0537037037037,4,No,0
CUST-06248,0,High-Value Long-Term Power Users,60,89.55,5231.2,87.18666666666667,4,No,0
CUST-06249,0,High-Value Long-Term Power Users,60,60.8,3603.45,60.0575,5,No,0
CUST-06250,2,High-Spend At-Risk Onboarders,3,74.5,217.45,72.48333333333333,2,No,0
CUST-06251,0,High-Value Long-Term Power Users,69,99.15,6875.35,99.64275362318841,5,No,0
CUST-06252,1,New Low-Spend Basic Customers,1,19.25,19.25,19.25,1,No,0
CUST-06253,3,Loyal Low-Spend Long-Termers,50,39.45,2021.35,40.427,2,No,0
CUST-06254,3,Loyal Low-Spend Long-Termers,56,44.85,2564.95,45.802678571428565,2,No,0
CUST-06255,0,High-Value Long-Term Power Users,60,97.2,5611.75,93.52916666666667,5,No,0
CUST-06256,0,High-Value Long-Term Power Users,69,110.55,7610.1,110.2913043478261,7,No,0
CUST-06257,1,New Low-Spend Basic Customers,1,35.05,35.05,35.05,1,Yes,1
CUST-06258,2,High-Spend At-Risk Onboarders,1,73.0,73.0,73.0,2,Yes,1
CUST-06259,1,New Low-Spend Basic Customers,3,19.9,45.75,15.25,1,No,0
CUST-06260,0,High-Value Long-Term Power Users,60,76.95,4543.95,75.7325,5,No,0
CUST-06261,1,New Low-Spend Basic Customers,13,35.4,450.4,34.646153846153844,2,No,0
CUST-06262,3,Loyal Low-Spend Long-Termers,62,20.45,1297.35,20.924999999999997,1,No,0
CUST-06263,0,High-Value Long-Term Power Users,45,96.75,4442.75,98.72777777777777,5,No,0
CUST-06264,2,High-Spend At-Risk Onboarders,25,54.2,1423.15,56.926,4,No,0
CUST-06265,0,High-Value Long-Term Power Users,44,100.1,4378.35,99.50795454545455,5,No,0
CUST-06266,1,New Low-Spend Basic Customers,2,45.25,74.2,37.1,1,No,0
CUST-06267,2,High-Spend At-Risk Onboarders,33,83.85,2716.3,82.31212121212121,4,Yes,1
CUST-06268,2,High-Spend At-Risk Onboarders,1,70.1,70.1,70.1,1,Yes,1
CUST-06269,1,New Low-Spend Basic Customers,22,20.85,450.65,20.48409090909091,1,No,0
CUST-06270,3,Loyal Low-Spend Long-Termers,35,33.45,1175.85,33.59571428571428,2,No,0
CUST-06271,1,New Low-Spend Basic Customers,29,20.2,558.8,19.268965517241377,1,No,0
CUST-06272,2,High-Spend At-Risk Onboarders,27,85.9,2220.1,82.22592592592592,4,No,0
CUST-06273,3,Loyal Low-Spend Long-Termers,54,61.0,3283.05,60.797222222222224,4,No,0
CUST-06274,2,High-Spend At-Risk Onboarders,2,70.65,142.35,71.175,1,Yes,1
CUST-06275,0,High-Value Long-Term Power Users,57,86.9,4939.25,86.65350877192982,3,No,0
CUST-06276,0,High-Value Long-Term Power Users,62,69.4,4237.5,68.34677419354838,6,No,0
CUST-06277,1,New Low-Spend Basic Customers,15,20.35,335.95,22.396666666666665,1,No,0
CUST-06278,1,New Low-Spend Basic Customers,2,20.35,33.2,16.6,1,Yes,1
CUST-06279,0,High-Value Long-Term Power Users,70,104.3,7188.5,102.69285714285714,6,No,0
CUST-06280,1,New Low-Spend Basic Customers,21,44.95,926.25,44.107142857142854,1,No,0
CUST-06281,1,New Low-Spend Basic Customers,23,49.45,1119.35,48.667391304347824,2,No,0
CUST-06282,1,New Low-Spend Basic Customers,6,20.6,116.6,19.433333333333334,1,No,0
CUST-06283,1,New Low-Spend Basic Customers,4,19.55,68.8,17.2,1,No,0
CUST-06284,2,High-Spend At-Risk Onboarders,3,99.0,287.4,95.8,5,Yes,1
CUST-06285,2,High-Spend At-Risk Onboarders,23,93.5,2341.55,101.80652173913045,4,No,0
CUST-06286,2,High-Spend At-Risk Onboarders,26,54.55,1362.85,52.41730769230769,4,No,0
CUST-06287,1,New Low-Spend Basic Customers,8,20.05,163.6,20.45,1,No,0
CUST-06288,2,High-Spend At-Risk Onboarders,26,83.95,2254.2,86.69999999999999,3,Yes,1
CUST-06289,2,High-Spend At-Risk Onboarders,2,79.45,145.15,72.575,3,No,0
CUST-06290,0,High-Value Long-Term Power Users,67,116.2,7752.3,115.70597014925373,8,Yes,1
CUST-06291,0,High-Value Long-Term Power Users,71,93.7,6585.35,92.75140845070423,4,Yes,1
CUST-06292,0,High-Value Long-Term Power Users,59,79.85,4786.1,81.12033898305086,7,No,0
CUST-06293,0,High-Value Long-Term Power Users,39,100.0,3835.55,98.3474358974359,5,No,0
CUST-06294,1,New Low-Spend Basic Customers,21,19.6,397.0,18.904761904761905,1,No,0
CUST-06295,1,New Low-Spend Basic Customers,1,19.7,19.7,19.7,1,Yes,1
CUST-06296,3,Loyal Low-Spend Long-Termers,48,20.2,1027.25,21.401041666666668,1,No,0
CUST-06297,2,High-Spend At-Risk Onboarders,31,50.4,1580.1,50.97096774193548,4,No,0
CUST-06298,0,High-Value Long-Term Power Users,64,113.35,7222.75,112.85546875,8,No,0
CUST-06299,2,High-Spend At-Risk Onboarders,46,80.0,3769.7,81.95,3,No,0
CUST-06300,0,High-Value Long-Term Power Users,52,80.95,4233.95,81.42211538461538,6,No,0
CUST-06301,3,Loyal Low-Spend Long-Termers,67,24.9,1680.25,25.078358208955223,2,No,0
CUST-06302,3,Loyal Low-Spend Long-Termers,67,54.9,3725.5,55.6044776119403,3,No,0
CUST-06303,2,High-Spend At-Risk Onboarders,5,75.55,413.65,82.72999999999999,2,Yes,1
CUST-06304,0,High-Value Long-Term Power Users,71,109.25,7707.7,108.55915492957746,7,No,0
CUST-06305,2,High-Spend At-Risk Onboarders,9,77.65,714.15,79.35,2,Yes,1
CUST-06306,2,High-Spend At-Risk Onboarders,26,95.0,2497.2,96.04615384615384,5,Yes,1
CUST-06307,0,High-Value Long-Term Power Users,71,116.3,8309.55,117.03591549295774,8,No,0
CUST-06308,1,New Low-Spend Basic Customers,32,19.9,601.55,18.7984375,1,No,0
CUST-06309,2,High-Spend At-Risk Onboarders,2,70.35,139.25,69.625,1,No,0
CUST-06310,3,Loyal Low-Spend Long-Termers,71,25.6,1888.25,26.595070422535212,2,No,0
CUST-06311,3,Loyal Low-Spend Long-Termers,60,44.45,2773.9,46.23166666666667,3,No,0
CUST-06312,0,High-Value Long-Term Power Users,55,100.15,5409.75,98.35909090909091,5,No,0
CUST-06313,0,High-Value Long-Term Power Users,54,105.4,5643.4,104.5074074074074,6,Yes,1
CUST-06314,2,High-Spend At-Risk Onboarders,2,95.85,197.7,98.85,4,Yes,1
CUST-06315,2,High-Spend At-Risk Onboarders,6,73.85,401.3,66.88333333333334,2,No,0
CUST-06316,0,High-Value Long-Term Power Users,48,70.1,3238.4,67.46666666666667,5,No,0
CUST-06317,3,Loyal Low-Spend Long-Termers,63,25.25,1573.05,24.96904761904762,2,No,0
CUST-06318,2,High-Spend At-Risk Onboarders,1,79.15,79.15,79.15,3,Yes,1
CUST-06319,1,New Low-Spend Basic Customers,12,21.05,235.8,19.650000000000002,1,No,0
CUST-06320,3,Loyal Low-Spend Long-Termers,54,24.95,1364.75,25.27314814814815,0,No,0
CUST-06321,2,High-Spend At-Risk Onboarders,30,64.5,1985.15,66.17166666666667,4,No,0
CUST-06322,1,New Low-Spend Basic Customers,30,19.65,655.85,21.861666666666668,1,Yes,1
CUST-06323,2,High-Spend At-Risk Onboarders,4,79.0,303.15,75.7875,2,Yes,1
CUST-06324,0,High-Value Long-Term Power Users,40,105.95,4335.2,108.38,6,No,0
CUST-06325,2,High-Spend At-Risk Onboarders,9,75.85,647.5,71.94444444444444,2,No,0
CUST-06326,2,High-Spend At-Risk Onboarders,17,91.85,1574.45,92.61470588235295,4,Yes,1
CUST-06327,3,Loyal Low-Spend Long-Termers,62,43.6,2748.7,44.33387096774193,3,No,0
CUST-06328,2,High-Spend At-Risk Onboarders,28,91.25,2483.65,88.70178571428572,4,No,0
CUST-06329,0,High-Value Long-Term Power Users,70,89.75,6367.2,90.96,8,No,0
CUST-06330,0,High-Value Long-Term Power Users,46,104.4,4904.2,106.61304347826086,6,No,0
CUST-06331,2,High-Spend At-Risk Onboarders,23,90.15,2044.95,88.9108695652174,4,No,0
CUST-06332,3,Loyal Low-Spend Long-Termers,47,40.3,1794.8,38.18723404255319,3,No,0
CUST-06333,0,High-Value Long-Term Power Users,68,105.25,7173.15,105.4875,6,No,0
CUST-06334,0,High-Value Long-Term Power Users,60,106.0,6441.4,107.35666666666665,6,Yes,1
CUST-06335,0,High-Value Long-Term Power Users,67,104.0,7039.05,105.06044776119403,6,No,0
CUST-06336,2,High-Spend At-Risk Onboarders,14,69.65,921.4,65.81428571428572,4,No,0
CUST-06337,3,Loyal Low-Spend Long-Termers,57,74.3,4018.35,70.49736842105263,2,No,0
CUST-06338,0,High-Value Long-Term Power Users,55,100.9,5448.6,99.06545454545456,5,No,0
CUST-06339,1,New Low-Spend Basic Customers,1,20.25,20.25,20.25,1,No,0
CUST-06340,1,New Low-Spend Basic Customers,1,49.9,49.9,49.9,2,Yes,1
CUST-06341,2,High-Spend At-Risk Onboarders,23,96.9,2085.45,90.67173913043477,5,No,0
CUST-06342,2,High-Spend At-Risk Onboarders,13,100.35,1358.85,104.52692307692307,5,Yes,1
CUST-06343,0,High-Value Long-Term Power Users,47,104.1,5135.15,109.25851063829786,6,No,0
CUST-06344,3,Loyal Low-Spend Long-Termers,38,20.1,730.1,19.21315789473684,1,No,0
CUST-06345,2,High-Spend At-Risk Onboarders,38,74.95,2869.85,75.52236842105263,2,Yes,1
CUST-06346,2,High-Spend At-Risk Onboarders,2,56.55,118.25,59.125,3,No,0
CUST-06347,1,New Low-Spend Basic Customers,1,49.25,49.25,49.25,2,Yes,1
CUST-06348,2,High-Spend At-Risk Onboarders,15,68.6,1108.6,73.90666666666667,1,No,0
CUST-06349,2,High-Spend At-Risk Onboarders,26,69.05,1815.65,69.83269230769231,1,No,0
CUST-06350,1,New Low-Spend Basic Customers,35,19.7,730.4,20.86857142857143,1,No,0
CUST-06351,1,New Low-Spend Basic Customers,3,20.05,75.45,25.150000000000002,1,No,0
CUST-06352,0,High-Value Long-Term Power Users,50,103.7,5071.05,101.421,6,Yes,1
CUST-06353,0,High-Value Long-Term Power Users,42,94.4,4014.6,95.58571428571429,5,No,0
CUST-06354,2,High-Spend At-Risk Onboarders,10,54.95,568.85,56.885000000000005,3,No,0
CUST-06355,0,High-Value Long-Term Power Users,61,93.7,5860.7,96.07704918032786,5,No,0
CUST-06356,0,High-Value Long-Term Power Users,68,110.25,7279.35,107.04926470588236,7,No,0
CUST-06357,2,High-Spend At-Risk Onboarders,10,98.9,1064.95,106.495,5,No,0
CUST-06358,0,High-Value Long-Term Power Users,65,89.75,5769.6,88.76307692307692,5,Yes,1
CUST-06359,0,High-Value Long-Term Power Users,72,80.45,5886.85,81.76180555555555,6,No,0
CUST-06360,0,High-Value Long-Term Power Users,55,79.4,4238.45,77.06272727272727,3,No,0
CUST-06361,1,New Low-Spend Basic Customers,1,20.3,20.3,20.3,1,Yes,1
CUST-06362,2,High-Spend At-Risk Onboarders,7,62.8,418.3,59.75714285714286,4,No,0
CUST-06363,2,High-Spend At-Risk Onboarders,2,74.9,136.05,68.025,2,No,0
CUST-06364,2,High-Spend At-Risk Onboarders,9,74.85,708.2,78.6888888888889,2,No,0
CUST-06365,1,New Low-Spend Basic Customers,27,25.85,788.55,29.205555555555552,2,No,0
CUST-06366,2,High-Spend At-Risk Onboarders,7,101.95,700.85,100.12142857142858,5,Yes,1
CUST-06367,0,High-Value Long-Term Power Users,64,68.3,4378.8,68.41875,5,No,0
CUST-06368,3,Loyal Low-Spend Long-Termers,70,48.4,3442.8,49.182857142857145,4,No,0
CUST-06369,2,High-Spend At-Risk Onboarders,2,94.0,181.7,90.85,4,Yes,1
CUST-06370,0,High-Value Long-Term Power Users,67,105.05,7171.7,107.04029850746268,6,No,0
CUST-06371,0,High-Value Long-Term Power Users,45,89.3,4016.85,89.26333333333334,4,Yes,1
CUST-06372,1,New Low-Spend Basic Customers,24,25.15,553.0,23.041666666666668,2,No,0
CUST-06373,1,New Low-Spend Basic Customers,4,19.5,96.85,24.2125,1,No,0
CUST-06374,0,High-Value Long-Term Power Users,44,92.95,4122.9,93.70227272727271,4,No,0
CUST-06375,3,Loyal Low-Spend Long-Termers,72,20.7,1482.3,20.5875,1,No,0
CUST-06376,2,High-Spend At-Risk Onboarders,1,74.3,74.3,74.3,2,Yes,1
CUST-06377,3,Loyal Low-Spend Long-Termers,66,19.35,1240.8,18.8,1,No,0
CUST-06378,1,New Low-Spend Basic Customers,1,44.65,44.65,44.65,3,Yes,1
CUST-06379,2,High-Spend At-Risk Onboarders,13,84.05,1095.3,84.25384615384615,3,Yes,1
CUST-06380,2,High-Spend At-Risk Onboarders,10,80.7,788.8,78.88,3,Yes,1
CUST-06381,0,High-Value Long-Term Power Users,65,104.35,6578.55,101.20846153846153,6,No,0
CUST-06382,1,New Low-Spend Basic Customers,1,19.55,19.55,19.55,1,No,0
CUST-06383,0,High-Value Long-Term Power Users,38,74.05,2802.3,73.74473684210527,6,No,0
CUST-06384,1,New Low-Spend Basic Customers,23,40.1,857.75,37.29347826086956,3,No,0
CUST-06385,1,New Low-Spend Basic Customers,10,20.1,184.4,18.44,1,No,0
CUST-06386,2,High-Spend At-Risk Onboarders,4,101.7,364.55,91.1375,5,Yes,1
CUST-06387,0,High-Value Long-Term Power Users,72,83.55,6093.3,84.62916666666666,7,No,0
CUST-06388,2,High-Spend At-Risk Onboarders,35,56.85,1861.1,53.17428571428571,3,No,0
CUST-06389,1,New Low-Spend Basic Customers,1,20.4,20.4,20.4,1,Yes,1
CUST-06390,3,Loyal Low-Spend Long-Termers,58,19.55,1079.65,18.614655172413794,1,No,0
CUST-06391,0,High-Value Long-Term Power Users,70,106.15,7475.1,106.78714285714287,6,No,0
CUST-06392,0,High-Value Long-Term Power Users,38,78.95,2862.55,75.33026315789475,6,No,0
CUST-06393,3,Loyal Low-Spend Long-Termers,60,49.75,3069.45,51.1575,3,No,0
CUST-06394,2,High-Spend At-Risk Onboarders,26,92.4,2349.8,90.37692307692308,5,No,0
CUST-06395,2,High-Spend At-Risk Onboarders,8,58.2,469.25,58.65625,4,No,0
CUST-06396,0,High-Value Long-Term Power Users,41,102.6,4213.35,102.76463414634148,6,Yes,1
CUST-06397,2,High-Spend At-Risk Onboarders,36,91.95,3301.05,91.69583333333334,4,No,0
CUST-06398,0,High-Value Long-Term Power Users,54,65.25,3529.95,65.36944444444444,4,No,0
CUST-06399,0,High-Value Long-Term Power Users,71,106.0,7723.7,108.78450704225352,6,Yes,1
CUST-06400,0,High-Value Long-Term Power Users,55,73.1,4144.9,75.36181818181818,2,No,0
CUST-06401,0,High-Value Long-Term Power Users,72,59.75,4265.0,59.236111111111114,4,No,0
CUST-06402,2,High-Spend At-Risk Onboarders,3,55.1,154.65,51.550000000000004,3,Yes,1
CUST-06403,3,Loyal Low-Spend Long-Termers,54,59.8,3246.45,60.11944444444444,4,No,0
CUST-06404,0,High-Value Long-Term Power Users,72,116.6,8337.45,115.79791666666668,8,No,0
CUST-06405,0,High-Value Long-Term Power Users,52,109.3,5731.4,110.21923076923076,7,No,0
CUST-06406,0,High-Value Long-Term Power Users,60,101.4,6176.6,102.94333333333334,5,No,0
CUST-06407,3,Loyal Low-Spend Long-Termers,39,50.65,1905.4,48.85641025641026,3,No,0
CUST-06408,2,High-Spend At-Risk Onboarders,15,56.15,931.9,62.126666666666665,2,No,0
CUST-06409,0,High-Value Long-Term Power Users,69,106.5,7348.8,106.50434782608696,6,Yes,1
CUST-06410,3,Loyal Low-Spend Long-Termers,43,19.2,776.25,18.052325581395348,1,No,0
CUST-06411,0,High-Value Long-Term Power Users,63,83.0,5243.05,83.22301587301588,7,No,0
CUST-06412,2,High-Spend At-Risk Onboarders,2,70.1,141.65,70.825,1,No,0
CUST-06413,0,High-Value Long-Term Power Users,72,108.3,7679.65,106.66180555555555,7,No,0
CUST-06414,2,High-Spend At-Risk Onboarders,32,91.05,2954.5,92.328125,4,Yes,1
CUST-06415,3,Loyal Low-Spend Long-Termers,40,25.25,1006.9,25.1725,2,No,0
CUST-06416,3,Loyal Low-Spend Long-Termers,58,45.35,2540.1,43.79482758620689,3,No,0
CUST-06417,3,Loyal Low-Spend Long-Termers,67,43.9,3097.2,46.22686567164179,3,No,0
CUST-06418,0,High-Value Long-Term Power Users,51,77.5,3807.35,74.65392156862745,3,Yes,1
CUST-06419,2,High-Spend At-Risk Onboarders,31,79.3,2484.0,80.12903225806451,6,No,0
CUST-06420,0,High-Value Long-Term Power Users,69,84.9,5785.65,83.85,4,No,0
CUST-06421,2,High-Spend At-Risk Onboarders,32,79.25,2619.15,81.8484375,3,No,0
CUST-06422,2,High-Spend At-Risk Onboarders,21,71.05,1524.85,72.61190476190475,5,No,0
CUST-06423,3,Loyal Low-Spend Long-Termers,52,53.75,2790.65,53.666346153846156,3,No,0
CUST-06424,3,Loyal Low-Spend Long-Termers,72,24.25,1784.5,24.78472222222222,2,No,0
CUST-06425,3,Loyal Low-Spend Long-Termers,72,54.2,3937.45,54.68680555555555,4,Yes,1
CUST-06426,3,Loyal Low-Spend Long-Termers,52,44.25,2276.1,43.771153846153844,3,No,0
CUST-06427,3,Loyal Low-Spend Long-Termers,41,50.05,2029.05,49.4890243902439,2,No,0
CUST-06428,3,Loyal Low-Spend Long-Termers,41,20.15,802.35,19.569512195121952,1,No,0
CUST-06429,2,High-Spend At-Risk Onboarders,6,69.25,418.4,69.73333333333333,1,Yes,1
CUST-06430,0,High-Value Long-Term Power Users,67,69.35,4653.25,69.45149253731343,6,No,0
CUST-06431,1,New Low-Spend Basic Customers,16,19.35,275.9,17.24375,1,No,0
CUST-06432,1,New Low-Spend Basic Customers,17,19.15,343.45,20.20294117647059,1,No,0
CUST-06433,2,High-Spend At-Risk Onboarders,35,61.0,2130.45,60.87,4,No,0
CUST-06434,3,Loyal Low-Spend Long-Termers,58,20.5,1191.4,20.54137931034483,1,No,0
CUST-06435,1,New Low-Spend Basic Customers,1,50.5,50.5,50.5,2,Yes,1
CUST-06436,3,Loyal Low-Spend Long-Termers,52,50.2,2554.0,49.11538461538461,4,No,0
CUST-06437,0,High-Value Long-Term Power Users,70,79.6,5589.45,79.84928571428571,6,No,0
CUST-06438,1,New Low-Spend Basic Customers,19,24.9,467.7,24.61578947368421,2,No,0
CUST-06439,2,High-Spend At-Risk Onboarders,1,74.4,74.4,74.4,2,Yes,1
CUST-06440,0,High-Value Long-Term Power Users,35,106.9,3756.45,107.32714285714285,6,No,0
CUST-06441,0,High-Value Long-Term Power Users,32,101.35,3334.9,104.215625,5,No,0
CUST-06442,2,High-Spend At-Risk Onboarders,17,55.35,920.5,54.14705882352941,3,No,0
CUST-06443,3,Loyal Low-Spend Long-Termers,67,50.55,3431.75,51.22014925373134,2,No,0
CUST-06444,1,New Low-Spend Basic Customers,9,19.5,150.35,16.705555555555556,1,No,0
CUST-06445,2,High-Spend At-Risk Onboarders,31,79.45,2587.7,83.47419354838709,6,Yes,1
CUST-06446,2,High-Spend At-Risk Onboarders,4,90.65,367.95,91.9875,4,No,0
CUST-06447,0,High-Value Long-Term Power Users,58,89.85,5125.75,88.375,5,No,0
CUST-06448,0,High-Value Long-Term Power Users,60,79.0,4801.1,80.01833333333335,6,No,0
CUST-06449,0,High-Value Long-Term Power Users,58,104.65,6219.6,107.2344827586207,6,Yes,1
CUST-06450,1,New Low-Spend Basic Customers,1,19.55,19.55,19.55,1,No,0
CUST-06451,1,New Low-Spend Basic Customers,27,19.9,550.1,20.374074074074073,1,No,0
CUST-06452,0,High-Value Long-Term Power Users,66,116.25,7862.25,119.125,8,No,0
CUST-06453,2,High-Spend At-Risk Onboarders,15,87.75,1242.2,82.81333333333333,4,No,0
CUST-06454,0,High-Value Long-Term Power Users,47,100.05,4871.05,103.63936170212766,5,Yes,1
CUST-06455,2,High-Spend At-Risk Onboarders,41,81.3,3190.65,77.82073170731708,3,No,0
CUST-06456,3,Loyal Low-Spend Long-Termers,59,44.3,2666.75,45.19915254237288,2,No,0
CUST-06457,3,Loyal Low-Spend Long-Termers,50,70.35,3533.6,70.672,1,No,0
CUST-06458,1,New Low-Spend Basic Customers,17,44.45,792.15,46.59705882352941,3,No,0
CUST-06459,1,New Low-Spend Basic Customers,6,49.15,295.65,49.275,2,No,0
CUST-06460,3,Loyal Low-Spend Long-Termers,51,29.45,1459.35,28.61470588235294,1,No,0
CUST-06461,0,High-Value Long-Term Power Users,44,100.55,4398.15,99.95795454545454,5,Yes,1
CUST-06462,0,High-Value Long-Term Power Users,49,85.3,4297.95,87.71326530612245,3,No,0
CUST-06463,2,High-Spend At-Risk Onboarders,2,95.65,167.3,83.65,4,Yes,1
CUST-06464,0,High-Value Long-Term Power Users,59,69.1,4096.9,69.43898305084745,5,No,0
CUST-06465,0,High-Value Long-Term Power Users,50,70.35,3454.6,69.092,5,No,0
CUST-06466,3,Loyal Low-Spend Long-Termers,59,20.6,1286.0,21.796610169491526,1,No,0
CUST-06467,2,High-Spend At-Risk Onboarders,18,74.15,1387.0,77.05555555555556,2,No,0
CUST-06468,2,High-Spend At-Risk Onboarders,10,75.05,786.3,78.63,2,No,0
CUST-06469,1,New Low-Spend Basic Customers,14,44.6,641.25,45.80357142857143,1,No,0
CUST-06470,1,New Low-Spend Basic Customers,35,21.45,705.45,20.155714285714286,1,No,0
CUST-06471,1,New Low-Spend Basic Customers,8,43.45,345.5,43.1875,1,No,0
CUST-06472,1,New Low-Spend Basic Customers,18,20.05,345.9,19.216666666666665,1,No,0
CUST-06473,0,High-Value Long-Term Power Users,60,94.15,5811.8,96.86333333333333,5,No,0
CUST-06474,2,High-Spend At-Risk Onboarders,1,94.4,94.4,94.4,4,Yes,1
CUST-06475,1,New Low-Spend Basic Customers,6,19.55,124.45,20.741666666666667,1,No,0
CUST-06476,2,High-Spend At-Risk Onboarders,19,75.9,1375.6,72.39999999999999,6,No,0
CUST-06477,0,High-Value Long-Term Power Users,53,64.15,3491.55,65.87830188679246,5,No,0
CUST-06478,0,High-Value Long-Term Power Users,72,109.55,7920.7,110.00972222222222,7,No,0
CUST-06479,0,High-Value Long-Term Power Users,60,110.8,6640.7,110.67833333333333,7,No,0
CUST-06480,1,New Low-Spend Basic Customers,1,55.0,55.0,55.0,2,Yes,1
CUST-06481,2,High-Spend At-Risk Onboarders,13,53.45,718.1,55.23846153846154,3,No,0
CUST-06482,2,High-Spend At-Risk Onboarders,5,69.95,320.4,64.08,1,No,0
CUST-06483,2,High-Spend At-Risk Onboarders,1,101.45,101.45,101.45,5,Yes,1
CUST-06484,2,High-Spend At-Risk Onboarders,13,97.0,1334.45,102.65,4,No,0
CUST-06485,0,High-Value Long-Term Power Users,37,90.6,3358.65,90.77432432432433,8,No,0
CUST-06486,0,High-Value Long-Term Power Users,64,73.55,4764.0,74.4375,2,No,0
CUST-06487,2,High-Spend At-Risk Onboarders,5,67.95,350.3,70.06,5,Yes,1
CUST-06488,0,High-Value Long-Term Power Users,61,94.35,5703.0,93.49180327868852,5,No,0
CUST-06489,2,High-Spend At-Risk Onboarders,1,69.5,69.5,69.5,1,Yes,1
CUST-06490,1,New Low-Spend Basic Customers,1,18.85,18.85,18.85,1,Yes,1
CUST-06491,1,New Low-Spend Basic Customers,26,19.4,525.55,20.213461538461537,1,No,0
CUST-06492,2,High-Spend At-Risk Onboarders,1,69.2,69.2,69.2,1,Yes,1
CUST-06493,1,New Low-Spend Basic Customers,24,19.75,483.15,20.131249999999998,1,No,0
CUST-06494,2,High-Spend At-Risk Onboarders,17,54.6,934.8,54.98823529411764,4,No,0
CUST-06495,1,New Low-Spend Basic Customers,26,29.8,786.5,30.25,1,No,0
CUST-06496,2,High-Spend At-Risk Onboarders,1,69.65,69.65,69.65,1,Yes,1
CUST-06497,0,High-Value Long-Term Power Users,40,101.85,4086.3,102.1575,5,Yes,1
CUST-06498,0,High-Value Long-Term Power Users,52,103.05,5364.8,103.16923076923078,6,No,0
CUST-06499,2,High-Spend At-Risk Onboarders,1,82.3,82.3,82.3,3,Yes,1
CUST-06500,1,New Low-Spend Basic Customers,1,20.3,20.3,20.3,1,No,0
CUST-06501,1,New Low-Spend Basic Customers,21,35.1,770.4,36.68571428571428,2,No,0
CUST-06502,0,High-Value Long-Term Power Users,67,105.7,6816.95,101.7455223880597,6,No,0
CUST-06503,3,Loyal Low-Spend Long-Termers,44,56.25,2419.55,54.98977272727273,3,No,0
CUST-06504,0,High-Value Long-Term Power Users,70,60.35,4138.7,59.12428571428571,5,No,0
CUST-06505,2,High-Spend At-Risk Onboarders,3,79.25,267.6,89.2,2,Yes,1
CUST-06506,3,Loyal Low-Spend Long-Termers,56,59.8,3457.45,61.740178571428565,4,No,0
CUST-06507,2,High-Spend At-Risk Onboarders,13,84.6,1115.2,85.78461538461539,3,Yes,1
CUST-06508,0,High-Value Long-Term Power Users,58,93.4,5435.6,93.71724137931035,5,Yes,1
CUST-06509,0,High-Value Long-Term Power Users,42,94.2,4186.3,99.67380952380952,4,Yes,1
CUST-06510,1,New Low-Spend Basic Customers,1,25.05,25.05,25.05,0,Yes,1
CUST-06511,0,High-Value Long-Term Power Users,46,99.65,4630.2,100.65652173913043,6,No,0
CUST-06512,3,Loyal Low-Spend Long-Termers,63,50.65,3221.25,51.13095238095238,2,No,0
CUST-06513,2,High-Spend At-Risk Onboarders,11,60.9,688.5,62.59090909090909,4,No,0
CUST-06514,2,High-Spend At-Risk Onboarders,15,59.65,867.1,57.806666666666665,4,No,0
CUST-06515,0,High-Value Long-Term Power Users,72,64.7,4746.05,65.91736111111112,6,No,0
CUST-06516,1,New Low-Spend Basic Customers,29,25.1,712.85,24.58103448275862,0,Yes,1
CUST-06517,1,New Low-Spend Basic Customers,1,48.95,48.95,48.95,2,Yes,1
CUST-06518,2,High-Spend At-Risk Onboarders,6,54.85,355.1,59.18333333333334,2,No,0
CUST-06519,1,New Low-Spend Basic Customers,1,45.3,45.3,45.3,1,Yes,1
CUST-06520,0,High-Value Long-Term Power Users,63,91.35,5764.7,91.5031746031746,4,No,0
CUST-06521,2,High-Spend At-Risk Onboarders,2,85.85,167.3,83.65,3,Yes,1
CUST-06522,1,New Low-Spend Basic Customers,18,25.1,428.45,23.802777777777777,2,No,0
CUST-06523,3,Loyal Low-Spend Long-Termers,43,34.0,1505.35,35.00813953488372,2,No,0
CUST-06524,1,New Low-Spend Basic Customers,15,45.9,693.45,46.230000000000004,4,No,0
CUST-06525,2,High-Spend At-Risk Onboarders,10,95.2,930.4,93.03999999999999,4,Yes,1
CUST-06526,3,Loyal Low-Spend Long-Termers,55,20.5,1177.95,21.417272727272728,1,No,0
CUST-06527,0,High-Value Long-Term Power Users,49,100.6,5069.65,103.46224489795918,5,Yes,1
CUST-06528,2,High-Spend At-Risk Onboarders,6,55.3,324.25,54.041666666666664,3,Yes,1
CUST-06529,3,Loyal Low-Spend Long-Termers,70,20.35,1458.1,20.83,1,No,0
CUST-06530,2,High-Spend At-Risk Onboarders,2,74.85,156.4,78.2,2,Yes,1
CUST-06531,3,Loyal Low-Spend Long-Termers,63,36.1,2298.9,36.490476190476194,2,No,0
CUST-06532,2,High-Spend At-Risk Onboarders,25,65.8,1679.65,67.186,4,No,0
CUST-06533,1,New Low-Spend Basic Customers,18,20.35,369.6,20.533333333333335,1,No,0
CUST-06534,0,High-Value Long-Term Power Users,28,105.8,2998.0,107.07142857142857,6,No,0
CUST-06535,0,High-Value Long-Term Power Users,53,96.75,5206.55,98.23679245283019,5,No,0
CUST-06536,0,High-Value Long-Term Power Users,35,102.35,3626.1,103.60285714285715,5,Yes,1
CUST-06537,1,New Low-Spend Basic Customers,1,24.4,24.4,24.4,0,No,0
CUST-06538,0,High-Value Long-Term Power Users,70,115.65,7968.85,113.84071428571428,8,Yes,1
CUST-06539,2,High-Spend At-Risk Onboarders,2,79.85,152.45,76.225,3,Yes,1
CUST-06540,2,High-Spend At-Risk Onboarders,26,73.05,1959.5,75.36538461538461,5,No,0
CUST-06541,2,High-Spend At-Risk Onboarders,34,64.35,2053.05,60.38382352941177,4,No,0
CUST-06542,1,New Low-Spend Basic Customers,19,20.5,398.55,20.976315789473684,1,No,0
CUST-06543,2,High-Spend At-Risk Onboarders,15,76.0,1130.85,75.39,2,Yes,1
CUST-06544,3,Loyal Low-Spend Long-Termers,62,54.75,3425.35,55.247580645161285,3,No,0
CUST-06545,0,High-Value Long-Term Power Users,42,104.75,4323.45,102.93928571428572,6,Yes,1
CUST-06546,2,High-Spend At-Risk Onboarders,9,74.65,703.55,78.17222222222222,5,Yes,1
CUST-06547,1,New Low-Spend Basic Customers,24,51.15,1275.7,53.15416666666667,2,No,0
CUST-06548,3,Loyal Low-Spend Long-Termers,68,41.95,2965.75,43.6139705882353,3,No,0
CUST-06549,2,High-Spend At-Risk Onboarders,31,54.35,1647.0,53.12903225806452,3,No,0
CUST-06550,1,New Low-Spend Basic Customers,1,56.25,56.25,56.25,2,Yes,1
CUST-06551,2,High-Spend At-Risk Onboarders,21,106.1,2249.95,107.14047619047618,6,Yes,1
CUST-06552,0,High-Value Long-Term Power Users,63,96.0,6109.75,96.98015873015873,4,No,0
CUST-06553,2,High-Spend At-Risk Onboarders,2,79.75,159.4,79.7,2,Yes,1
CUST-06554,0,High-Value Long-Term Power Users,61,61.45,3751.15,61.49426229508197,5,No,0
CUST-06555,2,High-Spend At-Risk Onboarders,1,68.65,68.65,68.65,1,Yes,1
CUST-06556,1,New Low-Spend Basic Customers,18,19.65,411.25,22.84722222222222,1,No,0
CUST-06557,1,New Low-Spend Basic Customers,6,19.0,105.5,17.583333333333332,1,No,0
CUST-06558,0,High-Value Long-Term Power Users,33,100.0,3320.6,100.62424242424242,5,No,0
CUST-06559,1,New Low-Spend Basic Customers,16,20.25,327.45,20.465625,1,Yes,1
CUST-06560,0,High-Value Long-Term Power Users,56,98.7,5669.5,101.24107142857143,5,No,0
CUST-06561,1,New Low-Spend Basic Customers,23,19.8,465.45,20.23695652173913,1,No,0
CUST-06562,2,High-Spend At-Risk Onboarders,9,73.8,704.3,78.25555555555555,2,No,0
CUST-06563,2,High-Spend At-Risk Onboarders,14,100.2,1369.8,97.84285714285714,5,Yes,1
CUST-06564,2,High-Spend At-Risk Onboarders,15,74.9,1107.25,73.81666666666666,2,Yes,1
CUST-06565,1,New Low-Spend Basic Customers,5,20.05,95.55,19.11,1,No,0
CUST-06566,0,High-Value Long-Term Power Users,61,106.2,6375.2,104.51147540983607,6,No,0
CUST-06567,0,High-Value Long-Term Power Users,70,116.55,8152.3,116.46142857142857,8,No,0
CUST-06568,2,High-Spend At-Risk Onboarders,15,99.7,1566.75,104.45,5,No,0
CUST-06569,1,New Low-Spend Basic Customers,8,19.7,130.25,16.28125,1,No,0
CUST-06570,1,New Low-Spend Basic Customers,8,19.5,162.15,20.26875,1,No,0
CUST-06571,1,New Low-Spend Basic Customers,4,29.15,110.05,27.5125,1,No,0
CUST-06572,2,High-Spend At-Risk Onboarders,34,55.0,1885.15,55.44558823529412,3,No,0
CUST-06573,0,High-Value Long-Term Power Users,68,90.8,6302.85,92.68897058823529,8,No,0
CUST-06574,3,Loyal Low-Spend Long-Termers,45,51.0,2264.5,50.32222222222222,4,No,0
CUST-06575,2,High-Spend At-Risk Onboarders,9,90.1,816.8,90.75555555555555,4,No,0
CUST-06576,2,High-Spend At-Risk Onboarders,22,59.05,1253.5,56.97727272727273,4,No,0
CUST-06577,1,New Low-Spend Basic Customers,2,20.3,41.2,20.6,1,No,0
CUST-06578,0,High-Value Long-Term Power Users,70,72.95,5265.55,75.22214285714286,6,No,0
CUST-06579,2,High-Spend At-Risk Onboarders,10,73.55,693.3,69.33,6,No,0
CUST-06580,0,High-Value Long-Term Power Users,72,84.3,5997.1,83.29305555555555,7,No,0
CUST-06581,0,High-Value Long-Term Power Users,49,78.0,3824.2,78.04489795918367,5,No,0
CUST-06582,0,High-Value Long-Term Power Users,54,72.1,3886.05,71.96388888888889,5,No,0
CUST-06583,0,High-Value Long-Term Power Users,71,106.75,7283.25,102.58098591549296,7,No,0
CUST-06584,1,New Low-Spend Basic Customers,22,19.25,412.55,18.75227272727273,1,No,0
CUST-06585,3,Loyal Low-Spend Long-Termers,50,20.55,1070.25,21.405,1,No,0
CUST-06586,3,Loyal Low-Spend Long-Termers,43,20.0,817.95,19.022093023255817,1,No,0
CUST-06587,3,Loyal Low-Spend Long-Termers,45,24.65,1171.3,26.028888888888886,2,No,0
CUST-06588,0,High-Value Long-Term Power Users,64,103.5,6548.65,102.32265625,6,No,0
CUST-06589,1,New Low-Spend Basic Customers,23,23.85,625.65,27.202173913043477,2,No,0
CUST-06590,3,Loyal Low-Spend Long-Termers,68,25.8,1911.5,28.110294117647058,2,No,0
CUST-06591,2,High-Spend At-Risk Onboarders,1,70.85,70.85,70.85,1,Yes,1
CUST-06592,2,High-Spend At-Risk Onboarders,2,69.8,134.7,67.35,1,Yes,1
CUST-06593,2,High-Spend At-Risk Onboarders,26,59.45,1507.0,57.96153846153846,3,No,0
CUST-06594,3,Loyal Low-Spend Long-Termers,55,54.55,2978.3,54.150909090909096,4,Yes,1
CUST-06595,1,New Low-Spend Basic Customers,14,20.05,299.3,21.37857142857143,1,No,0
CUST-06596,0,High-Value Long-Term Power Users,71,82.55,5832.65,82.14999999999999,6,No,0
CUST-06597,0,High-Value Long-Term Power Users,64,81.25,5567.55,86.99296875,7,No,0
CUST-06598,2,High-Spend At-Risk Onboarders,7,70.75,450.8,64.4,4,Yes,1
CUST-06599,0,High-Value Long-Term Power Users,57,74.3,4166.35,73.09385964912282,6,No,0
CUST-06600,2,High-Spend At-Risk Onboarders,13,94.1,1215.6,93.5076923076923,5,Yes,1
CUST-06601,1,New Low-Spend Basic Customers,3,29.7,91.7,30.566666666666666,1,Yes,1
CUST-06602,0,High-Value Long-Term Power Users,72,109.7,7898.45,109.70069444444444,7,No,0
CUST-06603,0,High-Value Long-Term Power Users,40,96.35,3915.4,97.885,5,No,0
CUST-06604,2,High-Spend At-Risk Onboarders,14,66.6,979.5,69.96428571428571,4,No,0
CUST-06605,1,New Low-Spend Basic Customers,2,44.5,90.05,45.025,1,No,0
CUST-06606,0,High-Value Long-Term Power Users,66,110.9,7432.05,112.60681818181818,7,Yes,1
CUST-06607,0,High-Value Long-Term Power Users,38,105.0,4026.4,105.9578947368421,6,Yes,1
CUST-06608,1,New Low-Spend Basic Customers,1,25.3,25.3,25.3,0,Yes,1
CUST-06609,2,High-Spend At-Risk Onboarders,22,55.15,1193.05,54.22954545454545,3,Yes,1
CUST-06610,1,New Low-Spend Basic Customers,1,20.1,20.1,20.1,1,Yes,1
CUST-06611,2,High-Spend At-Risk Onboarders,5,80.1,398.55,79.71000000000001,2,No,0
CUST-06612,2,High-Spend At-Risk Onboarders,29,69.05,1958.45,67.53275862068966,5,No,0
CUST-06613,2,High-Spend At-Risk Onboarders,1,69.9,69.9,69.9,1,Yes,1
CUST-06614,1,New Low-Spend Basic Customers,3,20.4,63.15,21.05,1,No,0
CUST-06615,3,Loyal Low-Spend Long-Termers,71,19.7,1301.1,18.325352112676054,1,No,0
CUST-06616,1,New Low-Spend Basic Customers,9,50.1,484.05,53.78333333333333,2,No,0
CUST-06617,0,High-Value Long-Term Power Users,43,101.4,4528.0,105.30232558139535,5,Yes,1
CUST-06618,0,High-Value Long-Term Power Users,48,83.45,3887.85,80.996875,7,No,0
CUST-06619,2,High-Spend At-Risk Onboarders,26,86.65,2208.75,84.95192307692308,4,No,0
CUST-06620,1,New Low-Spend Basic Customers,9,20.15,238.15,26.461111111111112,1,No,0
CUST-06621,2,High-Spend At-Risk Onboarders,1,80.8,80.8,80.8,2,Yes,1
CUST-06622,3,Loyal Low-Spend Long-Termers,46,19.4,958.15,20.829347826086956,1,No,0
CUST-06623,2,High-Spend At-Risk Onboarders,2,62.05,118.3,59.15,3,Yes,1
CUST-06624,2,High-Spend At-Risk Onboarders,1,76.45,76.45,76.45,2,Yes,1
CUST-06625,0,High-Value Long-Term Power Users,64,60.05,3845.45,60.08515625,5,No,0
CUST-06626,2,High-Spend At-Risk Onboarders,12,91.3,1094.5,91.20833333333333,4,Yes,1
CUST-06627,2,High-Spend At-Risk Onboarders,6,95.75,573.75,95.625,4,Yes,1
CUST-06628,3,Loyal Low-Spend Long-Termers,59,20.35,1267.0,21.47457627118644,1,No,0
CUST-06629,2,High-Spend At-Risk Onboarders,7,94.05,633.45,90.49285714285715,4,No,0
CUST-06630,0,High-Value Long-Term Power Users,72,84.1,6129.65,85.13402777777777,7,No,0
CUST-06631,2,High-Spend At-Risk Onboarders,16,78.75,1218.25,76.140625,2,No,0
CUST-06632,2,High-Spend At-Risk Onboarders,25,55.55,1405.3,56.211999999999996,3,No,0
CUST-06633,2,High-Spend At-Risk Onboarders,34,62.65,2274.9,66.90882352941176,5,Yes,1
CUST-06634,2,High-Spend At-Risk Onboarders,1,74.5,74.5,74.5,2,Yes,1
CUST-06635,2,High-Spend At-Risk Onboarders,10,102.1,1068.85,106.88499999999999,6,Yes,1
CUST-06636,1,New Low-Spend Basic Customers,24,20.1,533.9,22.245833333333334,1,No,0
CUST-06637,2,High-Spend At-Risk Onboarders,10,70.3,676.15,67.615,5,No,0
CUST-06638,3,Loyal Low-Spend Long-Termers,69,53.65,3804.4,55.13623188405797,3,No,0
CUST-06639,3,Loyal Low-Spend Long-Termers,57,20.75,1118.8,19.628070175438594,1,No,0
CUST-06640,0,High-Value Long-Term Power Users,50,103.4,5236.4,104.728,6,No,0
CUST-06641,2,High-Spend At-Risk Onboarders,28,50.8,1386.8,49.528571428571425,4,No,0
CUST-06642,1,New Low-Spend Basic Customers,16,50.15,762.25,47.640625,2,Yes,1
CUST-06643,2,High-Spend At-Risk Onboarders,25,79.0,1902.0,76.08,6,No,0
CUST-06644,2,High-Spend At-Risk Onboarders,3,74.6,239.05,79.68333333333334,2,No,0
CUST-06645,0,High-Value Long-Term Power Users,61,96.5,5673.7,93.01147540983607,4,No,0
CUST-06646,1,New Low-Spend Basic Customers,2,20.1,39.8,19.9,1,No,0
CUST-06647,3,Loyal Low-Spend Long-Termers,51,19.4,997.75,19.563725490196077,1,No,0
CUST-06648,0,High-Value Long-Term Power Users,71,77.55,5574.35,78.51197183098591,5,No,0
CUST-06649,1,New Low-Spend Basic Customers,20,20.05,406.05,20.302500000000002,1,No,0
CUST-06650,1,New Low-Spend Basic Customers,6,19.85,138.85,23.141666666666666,1,No,0
CUST-06651,1,New Low-Spend Basic Customers,6,20.2,123.65,20.608333333333334,1,No,0
CUST-06652,2,High-Spend At-Risk Onboarders,29,67.45,1801.1,62.106896551724134,5,No,0
CUST-06653,1,New Low-Spend Basic Customers,36,18.55,689.0,19.13888888888889,1,No,0
CUST-06654,1,New Low-Spend Basic Customers,28,29.75,790.7,28.239285714285717,1,No,0
CUST-06655,2,High-Spend At-Risk Onboarders,7,86.5,582.5,83.21428571428571,3,Yes,1
CUST-06656,3,Loyal Low-Spend Long-Termers,63,24.2,1618.2,25.685714285714287,2,No,0
CUST-06657,3,Loyal Low-Spend Long-Termers,48,23.55,1173.35,24.444791666666664,2,No,0
CUST-06658,3,Loyal Low-Spend Long-Termers,49,20.45,900.9,18.385714285714286,1,No,0
CUST-06659,2,High-Spend At-Risk Onboarders,27,81.45,2122.05,78.59444444444445,3,Yes,1
CUST-06660,0,High-Value Long-Term Power Users,72,92.3,6719.9,93.33194444444445,8,No,0
CUST-06661,2,High-Spend At-Risk Onboarders,1,69.15,69.15,69.15,1,Yes,1
CUST-06662,3,Loyal Low-Spend Long-Termers,72,53.65,3784.0,52.55555555555556,4,No,0
CUST-06663,3,Loyal Low-Spend Long-Termers,47,39.65,1798.65,38.26914893617022,3,No,0
CUST-06664,1,New Low-Spend Basic Customers,1,54.65,54.65,54.65,2,No,0
CUST-06665,0,High-Value Long-Term Power Users,36,104.8,3886.45,107.95694444444445,6,No,0
CUST-06666,3,Loyal Low-Spend Long-Termers,43,29.3,1224.05,28.46627906976744,1,No,0
CUST-06667,2,High-Spend At-Risk Onboarders,27,83.85,2310.2,85.56296296296296,7,No,0
CUST-06668,2,High-Spend At-Risk Onboarders,9,79.55,723.4,80.37777777777778,2,Yes,1
CUST-06669,0,High-Value Long-Term Power Users,38,103.65,3988.5,104.96052631578948,6,No,0
CUST-06670,0,High-Value Long-Term Power Users,35,99.05,3554.6,101.56,5,No,0
CUST-06671,2,High-Spend At-Risk Onboarders,0,73.35,0.0,73.35,6,No,0
CUST-06672,0,High-Value Long-Term Power Users,59,100.05,6034.85,102.285593220339,5,No,0
CUST-06673,1,New Low-Spend Basic Customers,27,20.35,531.6,19.68888888888889,1,No,0
CUST-06674,1,New Low-Spend Basic Customers,2,43.95,85.1,42.55,1,No,0
CUST-06675,1,New Low-Spend Basic Customers,7,23.5,173.0,24.714285714285715,2,No,0
CUST-06676,2,High-Spend At-Risk Onboarders,36,70.7,2511.95,69.77638888888889,5,No,0
CUST-06677,0,High-Value Long-Term Power Users,41,94.3,3893.6,94.96585365853659,5,No,0
CUST-06678,1,New Low-Spend Basic Customers,13,29.15,357.15,27.47307692307692,1,No,0
CUST-06679,1,New Low-Spend Basic Customers,19,20.85,467.5,24.605263157894736,1,No,0
CUST-06680,3,Loyal Low-Spend Long-Termers,60,37.7,2288.7,38.144999999999996,3,No,0
CUST-06681,0,High-Value Long-Term Power Users,48,95.5,4627.85,96.41354166666667,5,Yes,1
CUST-06682,2,High-Spend At-Risk Onboarders,3,91.05,289.1,96.36666666666667,4,Yes,1
CUST-06683,0,High-Value Long-Term Power Users,69,92.45,6460.55,93.63115942028986,5,No,0
CUST-06684,3,Loyal Low-Spend Long-Termers,43,44.15,1931.3,44.913953488372094,3,No,0
CUST-06685,1,New Low-Spend Basic Customers,11,36.05,402.6,36.6,2,No,0
CUST-06686,3,Loyal Low-Spend Long-Termers,45,50.25,2221.55,49.36777777777778,2,No,0
CUST-06687,0,High-Value Long-Term Power Users,72,109.75,7758.9,107.76249999999999,7,No,0
CUST-06688,2,High-Spend At-Risk Onboarders,2,79.2,172.85,86.425,3,Yes,1
CUST-06689,1,New Low-Spend Basic Customers,12,20.3,224.5,18.708333333333332,1,No,0
CUST-06690,0,High-Value Long-Term Power Users,67,112.35,7388.45,110.27537313432836,7,No,0
CUST-06691,0,High-Value Long-Term Power Users,37,94.3,3460.95,93.53918918918919,5,No,0
CUST-06692,3,Loyal Low-Spend Long-Termers,39,41.15,1700.9,43.61282051282051,3,No,0
CUST-06693,0,High-Value Long-Term Power Users,41,74.65,3090.65,75.38170731707318,6,No,0
CUST-06694,2,High-Spend At-Risk Onboarders,25,48.25,1293.8,51.751999999999995,3,No,0
CUST-06695,2,High-Spend At-Risk Onboarders,8,76.15,645.8,80.725,6,No,0
CUST-06696,0,High-Value Long-Term Power Users,71,71.1,5224.95,73.59084507042253,6,No,0
CUST-06697,2,High-Spend At-Risk Onboarders,5,96.55,500.1,100.02000000000001,5,No,0
CUST-06698,2,High-Spend At-Risk Onboarders,30,79.3,2427.1,80.90333333333334,6,No,0
CUST-06699,0,High-Value Long-Term Power Users,40,89.6,3488.15,87.20375,4,No,0
CUST-06700,3,Loyal Low-Spend Long-Termers,54,20.5,1035.7,19.17962962962963,1,No,0
CUST-06701,0,High-Value Long-Term Power Users,72,106.3,7565.35,105.07430555555555,6,No,0
CUST-06702,2,High-Spend At-Risk Onboarders,28,100.35,2799.0,99.96428571428571,5,No,0
CUST-06703,2,High-Spend At-Risk Onboarders,18,85.6,1601.5,88.97222222222223,3,No,0
CUST-06704,1,New Low-Spend Basic Customers,2,45.25,85.5,42.75,2,Yes,1
CUST-06705,0,High-Value Long-Term Power Users,59,106.15,6256.2,106.03728813559322,6,No,0
CUST-06706,1,New Low-Spend Basic Customers,22,51.1,1232.9,56.040909090909096,2,No,0
CUST-06707,1,New Low-Spend Basic Customers,1,19.9,19.9,19.9,1,No,0
CUST-06708,3,Loyal Low-Spend Long-Termers,72,25.7,1937.4,26.908333333333335,2,No,0
CUST-06709,2,High-Spend At-Risk Onboarders,14,74.3,1096.25,78.30357142857143,2,Yes,1
CUST-06710,0,High-Value Long-Term Power Users,50,99.4,5059.75,101.195,5,No,0
CUST-06711,0,High-Value Long-Term Power Users,48,69.7,3023.65,62.99270833333333,5,No,0
CUST-06712,0,High-Value Long-Term Power Users,49,98.35,4889.2,99.7795918367347,5,No,0
CUST-06713,2,High-Spend At-Risk Onboarders,28,85.45,2289.9,81.78214285714286,3,No,0
CUST-06714,0,High-Value Long-Term Power Users,68,95.9,6503.2,95.63529411764705,5,No,0
CUST-06715,2,High-Spend At-Risk Onboarders,13,100.75,1313.25,101.01923076923077,5,No,0
CUST-06716,2,High-Spend At-Risk Onboarders,11,89.2,990.3,90.02727272727272,4,No,0
CUST-06717,2,High-Spend At-Risk Onboarders,3,74.1,228.0,76.0,2,Yes,1
CUST-06718,0,High-Value Long-Term Power Users,57,100.6,5746.15,100.80964912280702,5,Yes,1
CUST-06719,2,High-Spend At-Risk Onboarders,3,75.0,209.1,69.7,2,Yes,1
CUST-06720,3,Loyal Low-Spend Long-Termers,72,25.75,1864.2,25.891666666666666,2,No,0
CUST-06721,0,High-Value Long-Term Power Users,70,84.1,5979.7,85.42428571428572,7,No,0
CUST-06722,0,High-Value Long-Term Power Users,49,79.3,3902.45,79.64183673469387,6,No,0
CUST-06723,0,High-Value Long-Term Power Users,67,107.05,7142.5,106.6044776119403,6,No,0
CUST-06724,3,Loyal Low-Spend Long-Termers,46,20.05,902.0,19.608695652173914,1,No,0
CUST-06725,0,High-Value Long-Term Power Users,64,70.2,4481.0,70.015625,5,Yes,1
CUST-06726,3,Loyal Low-Spend Long-Termers,37,19.5,805.2,21.762162162162163,1,No,0
CUST-06727,2,High-Spend At-Risk Onboarders,2,70.75,154.85,77.425,1,Yes,1
CUST-06728,1,New Low-Spend Basic Customers,13,45.3,528.45,40.650000000000006,2,No,0
CUST-06729,0,High-Value Long-Term Power Users,72,115.15,8349.7,115.96805555555557,8,No,0
CUST-06730,0,High-Value Long-Term Power Users,68,72.95,4953.25,72.84191176470588,5,No,0
CUST-06731,1,New Low-Spend Basic Customers,15,19.65,332.65,22.176666666666666,1,No,0
CUST-06732,1,New Low-Spend Basic Customers,24,19.55,470.2,19.591666666666665,1,No,0
CUST-06733,2,High-Spend At-Risk Onboarders,24,89.55,2259.35,94.13958333333333,4,No,0
CUST-06734,1,New Low-Spend Basic Customers,27,50.35,1411.35,52.27222222222222,2,No,0
CUST-06735,1,New Low-Spend Basic Customers,12,50.25,593.75,49.479166666666664,2,Yes,1
CUST-06736,0,High-Value Long-Term Power Users,71,87.25,6328.7,89.13661971830986,7,No,0
CUST-06737,3,Loyal Low-Spend Long-Termers,67,20.8,1411.9,21.07313432835821,1,No,0
CUST-06738,0,High-Value Long-Term Power Users,63,109.25,6841.4,108.59365079365078,7,No,0
CUST-06739,1,New Low-Spend Basic Customers,1,20.35,20.35,20.35,1,No,0
CUST-06740,2,High-Spend At-Risk Onboarders,4,55.9,238.5,59.625,2,No,0
CUST-06741,2,High-Spend At-Risk Onboarders,40,79.2,3233.85,80.84625,3,Yes,1
CUST-06742,2,High-Spend At-Risk Onboarders,12,96.0,1062.1,88.50833333333333,4,Yes,1
CUST-06743,0,High-Value Long-Term Power Users,52,79.2,4016.3,77.23653846153846,6,No,0
CUST-06744,1,New Low-Spend Basic Customers,10,24.0,226.55,22.655,2,No,0
CUST-06745,0,High-Value Long-Term Power Users,68,101.35,7110.75,104.56985294117646,6,No,0
CUST-06746,0,High-Value Long-Term Power Users,54,100.1,5440.9,100.7574074074074,5,Yes,1
CUST-06747,2,High-Spend At-Risk Onboarders,4,56.5,235.1,58.775,3,Yes,1
CUST-06748,3,Loyal Low-Spend Long-Termers,52,35.45,1958.95,37.67211538461539,2,No,0
CUST-06749,2,High-Spend At-Risk Onboarders,1,85.0,85.0,85.0,3,Yes,1
CUST-06750,0,High-Value Long-Term Power Users,70,79.4,5528.9,78.9842857142857,7,No,0
CUST-06751,3,Loyal Low-Spend Long-Termers,43,35.2,1463.7,34.03953488372093,2,No,0
CUST-06752,3,Loyal Low-Spend Long-Termers,52,19.65,1025.05,19.7125,1,No,0
CUST-06753,2,High-Spend At-Risk Onboarders,12,49.85,552.1,46.00833333333333,4,No,0
CUST-06754,0,High-Value Long-Term Power Users,56,68.75,3815.4,68.13214285714285,5,No,0
CUST-06755,2,High-Spend At-Risk Onboarders,0,61.9,0.0,61.9,5,No,0
CUST-06756,2,High-Spend At-Risk Onboarders,42,79.9,3313.4,78.89047619047619,3,No,0
CUST-06757,2,High-Spend At-Risk Onboarders,22,89.75,1938.9,88.13181818181819,3,No,0
CUST-06758,0,High-Value Long-Term Power Users,51,59.3,3014.65,59.11078431372549,5,Yes,1
CUST-06759,1,New Low-Spend Basic Customers,27,19.4,460.25,17.046296296296298,1,No,0
CUST-06760,0,High-Value Long-Term Power Users,51,93.65,4839.15,94.88529411764705,5,No,0
CUST-06761,1,New Low-Spend Basic Customers,4,49.4,184.4,46.1,2,Yes,1
CUST-06762,1,New Low-Spend Basic Customers,1,19.9,19.9,19.9,1,No,0
CUST-06763,3,Loyal Low-Spend Long-Termers,35,55.0,2010.55,57.44428571428571,2,Yes,1
CUST-06764,0,High-Value Long-Term Power Users,71,72.9,5139.65,72.38943661971831,6,No,0
CUST-06765,2,High-Spend At-Risk Onboarders,1,69.2,69.2,69.2,1,Yes,1
CUST-06766,3,Loyal Low-Spend Long-Termers,69,25.6,1673.4,24.252173913043478,2,No,0
CUST-06767,1,New Low-Spend Basic Customers,14,19.75,309.35,22.09642857142857,1,No,0
CUST-06768,3,Loyal Low-Spend Long-Termers,57,55.7,3171.6,55.642105263157895,3,No,0
CUST-06769,0,High-Value Long-Term Power Users,72,117.5,8670.1,120.41805555555555,8,No,0
CUST-06770,3,Loyal Low-Spend Long-Termers,48,19.85,916.0,19.083333333333332,1,No,0
CUST-06771,2,High-Spend At-Risk Onboarders,4,78.9,299.75,74.9375,2,No,0
CUST-06772,1,New Low-Spend Basic Customers,31,20.65,702.05,22.646774193548385,1,No,0
CUST-06773,2,High-Spend At-Risk Onboarders,38,62.3,2354.8,61.968421052631584,4,Yes,1
CUST-06774,0,High-Value Long-Term Power Users,37,92.5,3473.4,93.87567567567568,4,Yes,1
CUST-06775,1,New Low-Spend Basic Customers,1,19.65,19.65,19.65,1,No,0
CUST-06776,0,High-Value Long-Term Power Users,57,79.75,4438.2,77.86315789473684,6,No,0
CUST-06777,0,High-Value Long-Term Power Users,62,79.95,4819.75,77.73790322580645,6,No,0
CUST-06778,1,New Low-Spend Basic Customers,3,29.9,92.25,30.75,1,No,0
CUST-06779,3,Loyal Low-Spend Long-Termers,72,19.75,1567.0,21.76388888888889,1,No,0
CUST-06780,3,Loyal Low-Spend Long-Termers,29,45.0,1242.45,42.84310344827586,4,No,0
CUST-06781,1,New Low-Spend Basic Customers,13,44.8,559.2,43.01538461538462,1,No,0
CUST-06782,2,High-Spend At-Risk Onboarders,3,69.65,220.1,73.36666666666666,1,Yes,1
CUST-06783,1,New Low-Spend Basic Customers,11,51.1,531.15,48.28636363636363,2,No,0
CUST-06784,2,High-Spend At-Risk Onboarders,21,53.15,1183.2,56.34285714285714,5,No,0
CUST-06785,1,New Low-Spend Basic Customers,19,24.7,465.85,24.51842105263158,2,No,0
CUST-06786,0,High-Value Long-Term Power Users,61,111.6,6876.05,112.72213114754099,7,Yes,1
CUST-06787,1,New Low-Spend Basic Customers,11,48.55,501.0,45.54545454545455,2,Yes,1
CUST-06788,0,High-Value Long-Term Power Users,35,109.95,3782.4,108.06857142857143,7,No,0
CUST-06789,1,New Low-Spend Basic Customers,25,20.8,460.2,18.408,1,No,0
CUST-06790,1,New Low-Spend Basic Customers,1,20.2,20.2,20.2,1,Yes,1
CUST-06791,3,Loyal Low-Spend Long-Termers,67,25.6,1790.35,26.721641791044775,2,No,0
CUST-06792,1,New Low-Spend Basic Customers,19,39.65,733.35,38.597368421052636,2,Yes,1
CUST-06793,3,Loyal Low-Spend Long-Termers,56,24.9,1334.0,23.821428571428573,2,Yes,1
CUST-06794,0,High-Value Long-Term Power Users,72,108.4,7767.25,107.87847222222223,7,No,0
CUST-06795,3,Loyal Low-Spend Long-Termers,43,19.55,876.15,20.375581395348835,1,No,0
CUST-06796,0,High-Value Long-Term Power Users,55,85.1,4600.95,83.65363636363637,4,No,0
CUST-06797,2,High-Spend At-Risk Onboarders,2,56.7,113.55,56.775,3,Yes,1
CUST-06798,2,High-Spend At-Risk Onboarders,27,69.05,1793.25,66.41666666666667,1,No,0
CUST-06799,2,High-Spend At-Risk Onboarders,13,70.15,886.7,68.20769230769231,1,No,0
CUST-06800,0,High-Value Long-Term Power Users,70,111.15,7737.55,110.53642857142857,7,No,0
CUST-06801,2,High-Spend At-Risk Onboarders,14,105.95,1348.9,96.35000000000001,6,Yes,1
CUST-06802,2,High-Spend At-Risk Onboarders,19,89.35,1686.85,88.78157894736842,4,No,0
CUST-06803,2,High-Spend At-Risk Onboarders,20,89.1,1879.25,93.9625,4,No,0
CUST-06804,0,High-Value Long-Term Power Users,43,91.25,4013.8,93.34418604651164,5,No,0
CUST-06805,2,High-Spend At-Risk Onboarders,5,90.35,434.5,86.9,4,No,0
CUST-06806,0,High-Value Long-Term Power Users,70,105.55,7195.35,102.79071428571429,6,No,0
CUST-06807,3,Loyal Low-Spend Long-Termers,40,19.1,780.1,19.5025,1,No,0
CUST-06808,1,New Low-Spend Basic Customers,6,20.4,107.6,17.933333333333334,1,No,0
CUST-06809,0,High-Value Long-Term Power Users,39,100.45,3801.7,97.47948717948718,5,No,0
CUST-06810,2,High-Spend At-Risk Onboarders,4,74.95,308.7,77.175,2,Yes,1
CUST-06811,1,New Low-Spend Basic Customers,15,29.7,438.25,29.216666666666665,1,Yes,1
CUST-06812,1,New Low-Spend Basic Customers,1,50.35,50.35,50.35,3,Yes,1
CUST-06813,0,High-Value Long-Term Power Users,45,85.7,3778.1,83.95777777777778,4,No,0
CUST-06814,3,Loyal Low-Spend Long-Termers,64,47.85,3147.5,49.1796875,4,Yes,1
CUST-06815,0,High-Value Long-Term Power Users,57,94.0,5438.95,95.42017543859649,5,No,0
CUST-06816,0,High-Value Long-Term Power Users,72,69.85,5102.35,70.86597222222223,6,No,0
CUST-06817,2,High-Spend At-Risk Onboarders,1,70.3,70.3,70.3,1,Yes,1
CUST-06818,3,Loyal Low-Spend Long-Termers,72,25.85,1872.2,26.00277777777778,2,No,0
CUST-06819,2,High-Spend At-Risk Onboarders,3,71.1,213.35,71.11666666666666,5,No,0
CUST-06820,0,High-Value Long-Term Power Users,55,98.8,5617.75,102.14090909090909,5,Yes,1
CUST-06821,0,High-Value Long-Term Power Users,59,93.35,5386.5,91.29661016949153,5,No,0
CUST-06822,2,High-Spend At-Risk Onboarders,18,99.85,1776.95,98.71944444444445,5,Yes,1
CUST-06823,2,High-Spend At-Risk Onboarders,32,80.3,2483.05,77.5953125,2,Yes,1
CUST-06824,1,New Low-Spend Basic Customers,4,50.55,235.65,58.9125,2,No,0
CUST-06825,0,High-Value Long-Term Power Users,66,80.45,5224.35,79.15681818181818,3,Yes,1
CUST-06826,2,High-Spend At-Risk Onboarders,27,81.3,2272.8,84.17777777777779,3,No,0
CUST-06827,1,New Low-Spend Basic Customers,4,20.7,83.75,20.9375,1,No,0
CUST-06828,0,High-Value Long-Term Power Users,60,79.05,4663.4,77.72333333333333,6,No,0
CUST-06829,1,New Low-Spend Basic Customers,8,19.05,201.7,25.2125,1,No,0
CUST-06830,1,New Low-Spend Basic Customers,8,19.6,125.0,15.625,1,No,0
CUST-06831,1,New Low-Spend Basic Customers,35,20.2,684.4,19.554285714285715,1,No,0
CUST-06832,2,High-Spend At-Risk Onboarders,7,86.8,620.35,88.62142857142858,3,Yes,1
CUST-06833,3,Loyal Low-Spend Long-Termers,53,20.9,1146.05,21.623584905660376,1,No,0
CUST-06834,2,High-Spend At-Risk Onboarders,18,103.6,1806.35,100.35277777777777,6,No,0
CUST-06835,1,New Low-Spend Basic Customers,15,38.8,603.0,40.2,2,No,0
CUST-06836,0,High-Value Long-Term Power Users,67,88.4,5798.3,86.54179104477612,4,No,0
CUST-06837,2,High-Spend At-Risk Onboarders,6,84.2,519.15,86.52499999999999,3,Yes,1
CUST-06838,2,High-Spend At-Risk Onboarders,6,79.7,497.6,82.93333333333334,2,No,0
CUST-06839,2,High-Spend At-Risk Onboarders,13,99.0,1301.7,100.13076923076923,5,Yes,1
CUST-06840,2,High-Spend At-Risk Onboarders,11,100.75,1129.75,102.70454545454545,5,Yes,1
CUST-06841,1,New Low-Spend Basic Customers,1,19.3,19.3,19.3,1,No,0
CUST-06842,2,High-Spend At-Risk Onboarders,5,55.75,266.95,53.39,3,No,0
CUST-06843,1,New Low-Spend Basic Customers,13,19.95,257.0,19.76923076923077,1,No,0
CUST-06844,2,High-Spend At-Risk Onboarders,9,91.75,865.8,96.19999999999999,5,Yes,1
CUST-06845,2,High-Spend At-Risk Onboarders,29,89.65,2623.65,90.47068965517242,4,No,0
CUST-06846,1,New Low-Spend Basic Customers,1,45.85,45.85,45.85,1,No,0
CUST-06847,2,High-Spend At-Risk Onboarders,1,79.55,79.55,79.55,3,Yes,1
CUST-06848,2,High-Spend At-Risk Onboarders,18,55.95,1082.8,60.15555555555555,2,No,0
CUST-06849,2,High-Spend At-Risk Onboarders,2,69.0,147.8,73.9,4,No,0
CUST-06850,2,High-Spend At-Risk Onboarders,30,83.55,2570.2,85.67333333333333,4,No,0
CUST-06851,0,High-Value Long-Term Power Users,66,65.7,4378.9,66.3469696969697,5,No,0
CUST-06852,0,High-Value Long-Term Power Users,38,94.9,3616.25,95.16447368421052,5,No,0
CUST-06853,2,High-Spend At-Risk Onboarders,44,61.9,2924.05,66.45568181818182,4,No,0
CUST-06854,0,High-Value Long-Term Power Users,54,111.1,6014.85,111.38611111111112,7,Yes,1
CUST-06855,1,New Low-Spend Basic Customers,2,20.0,32.7,16.35,1,No,0
CUST-06856,2,High-Spend At-Risk Onboarders,42,67.7,2882.25,68.625,5,No,0
CUST-06857,3,Loyal Low-Spend Long-Termers,58,25.15,1509.9,26.032758620689656,2,No,0
CUST-06858,0,High-Value Long-Term Power Users,58,92.85,5305.05,91.46637931034483,4,No,0
CUST-06859,2,High-Spend At-Risk Onboarders,25,89.1,2368.4,94.736,4,Yes,1
CUST-06860,0,High-Value Long-Term Power Users,71,111.3,7985.9,112.47746478873239,8,No,0
CUST-06861,0,High-Value Long-Term Power Users,37,101.9,3545.35,95.82027027027027,6,Yes,1
CUST-06862,2,High-Spend At-Risk Onboarders,14,91.65,1301.0,92.92857142857143,4,Yes,1
CUST-06863,2,High-Spend At-Risk Onboarders,4,88.85,372.45,93.1125,4,Yes,1
CUST-06864,2,High-Spend At-Risk Onboarders,48,60.6,2985.25,62.192708333333336,4,No,0
CUST-06865,1,New Low-Spend Basic Customers,3,25.3,77.75,25.916666666666668,0,Yes,1
CUST-06866,2,High-Spend At-Risk Onboarders,8,65.5,564.35,70.54375,4,No,0
CUST-06867,2,High-Spend At-Risk Onboarders,1,95.45,95.45,95.45,4,Yes,1
CUST-06868,3,Loyal Low-Spend Long-Termers,67,19.95,1311.75,19.578358208955223,1,No,0
CUST-06869,2,High-Spend At-Risk Onboarders,13,91.1,1135.7,87.36153846153846,3,Yes,1
CUST-06870,3,Loyal Low-Spend Long-Termers,45,54.15,2319.8,51.55111111111111,3,Yes,1
CUST-06871,2,High-Spend At-Risk Onboarders,49,74.6,3720.35,75.92551020408163,2,No,0
CUST-06872,0,High-Value Long-Term Power Users,52,94.6,5025.8,96.65,5,No,0
CUST-06873,0,High-Value Long-Term Power Users,63,81.15,5224.5,82.92857142857143,3,No,0
CUST-06874,0,High-Value Long-Term Power Users,68,89.05,6185.8,90.96764705882353,8,No,0
CUST-06875,3,Loyal Low-Spend Long-Termers,31,49.2,1498.55,48.34032258064516,2,No,0
CUST-06876,3,Loyal Low-Spend Long-Termers,64,19.45,1208.6,18.884375,1,No,0
CUST-06877,0,High-Value Long-Term Power Users,62,104.3,6613.65,106.67177419354839,6,No,0
CUST-06878,2,High-Spend At-Risk Onboarders,1,69.7,69.7,69.7,1,Yes,1
CUST-06879,2,High-Spend At-Risk Onboarders,6,89.5,573.3,95.55,3,Yes,1
CUST-06880,2,High-Spend At-Risk Onboarders,21,86.05,1818.9,86.61428571428571,3,No,0
CUST-06881,3,Loyal Low-Spend Long-Termers,72,25.2,1787.35,24.824305555555554,2,No,0
CUST-06882,3,Loyal Low-Spend Long-Termers,32,35.15,1051.05,32.8453125,2,No,0
CUST-06883,0,High-Value Long-Term Power Users,71,99.65,7181.25,101.1443661971831,6,No,0
CUST-06884,0,High-Value Long-Term Power Users,34,105.35,3688.6,108.48823529411764,6,No,0
CUST-06885,1,New Low-Spend Basic Customers,3,35.15,99.75,33.25,1,Yes,1
CUST-06886,2,High-Spend At-Risk Onboarders,12,73.75,871.4,72.61666666666666,2,Yes,1
CUST-06887,2,High-Spend At-Risk Onboarders,8,101.35,780.5,97.5625,5,Yes,1
CUST-06888,3,Loyal Low-Spend Long-Termers,35,24.3,821.6,23.474285714285713,2,No,0
CUST-06889,2,High-Spend At-Risk Onboarders,3,80.7,239.45,79.81666666666666,2,No,0
CUST-06890,2,High-Spend At-Risk Onboarders,3,89.85,244.45,81.48333333333333,4,No,0
CUST-06891,3,Loyal Low-Spend Long-Termers,53,61.1,3357.9,63.35660377358491,3,No,0
CUST-06892,1,New Low-Spend Basic Customers,4,29.05,129.6,32.4,1,No,0
CUST-06893,0,High-Value Long-Term Power Users,48,99.7,4977.2,103.69166666666666,5,No,0
CUST-06894,2,High-Spend At-Risk Onboarders,6,55.9,365.35,60.89166666666667,3,Yes,1
CUST-06895,2,High-Spend At-Risk Onboarders,3,105.9,334.65,111.55,6,Yes,1
CUST-06896,3,Loyal Low-Spend Long-Termers,54,46.0,2424.05,44.88981481481482,3,No,0
CUST-06897,1,New Low-Spend Basic Customers,1,43.95,43.95,43.95,1,Yes,1
CUST-06898,0,High-Value Long-Term Power Users,62,80.4,4981.15,80.34112903225805,6,No,0
CUST-06899,2,High-Spend At-Risk Onboarders,22,100.05,2090.25,95.01136363636364,5,No,0
CUST-06900,1,New Low-Spend Basic Customers,1,45.1,45.1,45.1,1,Yes,1
CUST-06901,0,High-Value Long-Term Power Users,51,94.0,4905.75,96.19117647058823,4,No,0
CUST-06902,2,High-Spend At-Risk Onboarders,30,68.95,2038.7,67.95666666666666,5,No,0
CUST-06903,0,High-Value Long-Term Power Users,56,68.45,4014.0,71.67857142857143,6,No,0
CUST-06904,2,High-Spend At-Risk Onboarders,35,69.0,2441.7,69.76285714285714,5,No,0
CUST-06905,3,Loyal Low-Spend Long-Termers,64,43.85,2751.0,42.984375,3,No,0
CUST-06906,3,Loyal Low-Spend Long-Termers,30,44.5,1307.8,43.593333333333334,2,No,0
CUST-06907,1,New Low-Spend Basic Customers,25,18.7,383.65,15.345999999999998,1,No,0
CUST-06908,2,High-Spend At-Risk Onboarders,41,70.25,2868.05,69.95243902439024,1,Yes,1
CUST-06909,1,New Low-Spend Basic Customers,9,55.35,449.75,49.97222222222222,2,Yes,1
CUST-06910,2,High-Spend At-Risk Onboarders,1,53.55,53.55,53.55,3,No,0
CUST-06911,0,High-Value Long-Term Power Users,70,114.6,7882.5,112.60714285714286,8,No,0
CUST-06912,3,Loyal Low-Spend Long-Termers,57,20.1,1087.7,19.082456140350878,1,No,0
CUST-06913,2,High-Spend At-Risk Onboarders,9,85.5,791.7,87.96666666666667,3,No,0
CUST-06914,0,High-Value Long-Term Power Users,69,108.75,7493.05,108.59492753623189,7,No,0
CUST-06915,0,High-Value Long-Term Power Users,43,103.0,4414.3,102.65813953488373,6,Yes,1
CUST-06916,0,High-Value Long-Term Power Users,72,97.85,6841.3,95.01805555555556,5,No,0
CUST-06917,3,Loyal Low-Spend Long-Termers,44,19.55,819.95,18.635227272727274,1,No,0
CUST-06918,0,High-Value Long-Term Power Users,72,84.05,6052.25,84.05902777777777,4,No,0
CUST-06919,0,High-Value Long-Term Power Users,33,103.75,3361.05,101.85000000000001,6,Yes,1
CUST-06920,0,High-Value Long-Term Power Users,54,89.4,4869.5,90.17592592592592,4,No,0
CUST-06921,1,New Low-Spend Basic Customers,27,19.7,509.3,18.862962962962964,1,No,0
CUST-06922,0,High-Value Long-Term Power Users,54,79.85,4308.25,79.7824074074074,3,No,0
CUST-06923,2,High-Spend At-Risk Onboarders,3,74.45,221.1,73.7,2,No,0
CUST-06924,0,High-Value Long-Term Power Users,53,74.1,3833.95,72.33867924528302,6,No,0
CUST-06925,2,High-Spend At-Risk Onboarders,1,69.35,69.35,69.35,1,Yes,1
CUST-06926,1,New Low-Spend Basic Customers,15,18.8,294.95,19.663333333333334,1,No,0
CUST-06927,0,High-Value Long-Term Power Users,56,73.85,4092.85,73.08660714285715,2,Yes,1
CUST-06928,2,High-Spend At-Risk Onboarders,5,64.4,316.9,63.379999999999995,5,No,0
CUST-06929,3,Loyal Low-Spend Long-Termers,48,55.8,2651.2,55.23333333333333,3,No,0
CUST-06930,1,New Low-Spend Basic Customers,25,20.05,471.7,18.868,1,No,0
CUST-06931,2,High-Spend At-Risk Onboarders,3,75.15,216.75,72.25,2,Yes,1
CUST-06932,0,High-Value Long-Term Power Users,58,99.15,5720.95,98.63706896551724,5,No,0
CUST-06933,1,New Low-Spend Basic Customers,10,56.75,503.25,50.325,2,No,0
CUST-06934,2,High-Spend At-Risk Onboarders,1,69.6,69.6,69.6,1,Yes,1
CUST-06935,0,High-Value Long-Term Power Users,71,104.15,7365.3,103.73661971830987,6,No,0
CUST-06936,0,High-Value Long-Term Power Users,65,110.8,7245.9,111.47538461538461,7,No,0
CUST-06937,2,High-Spend At-Risk Onboarders,5,80.15,385.0,77.0,3,Yes,1
CUST-06938,1,New Low-Spend Basic Customers,28,35.75,961.4,34.33571428571428,2,No,0
CUST-06939,0,High-Value Long-Term Power Users,67,69.9,4615.9,68.89402985074626,5,No,0
CUST-06940,2,High-Spend At-Risk Onboarders,35,89.2,3251.3,92.89428571428572,4,No,0
CUST-06941,0,High-Value Long-Term Power Users,72,55.65,3880.05,53.889583333333334,5,No,0
CUST-06942,3,Loyal Low-Spend Long-Termers,61,50.7,3088.75,50.635245901639344,4,No,0
CUST-06943,3,Loyal Low-Spend Long-Termers,68,20.0,1396.0,20.529411764705884,1,No,0
CUST-06944,1,New Low-Spend Basic Customers,1,30.5,30.5,30.5,1,Yes,1
CUST-06945,1,New Low-Spend Basic Customers,3,19.1,53.05,17.683333333333334,1,No,0
CUST-06946,0,High-Value Long-Term Power Users,70,98.3,6859.5,97.99285714285715,5,Yes,1
CUST-06947,3,Loyal Low-Spend Long-Termers,48,45.55,2108.35,43.92395833333333,3,No,0
CUST-06948,0,High-Value Long-Term Power Users,68,101.05,6770.5,99.56617647058823,5,No,0
CUST-06949,0,High-Value Long-Term Power Users,47,103.7,4730.6,100.65106382978725,6,No,0
CUST-06950,3,Loyal Low-Spend Long-Termers,32,36.25,1151.05,35.9703125,2,No,0
CUST-06951,1,New Low-Spend Basic Customers,5,49.4,232.55,46.510000000000005,2,No,0
CUST-06952,3,Loyal Low-Spend Long-Termers,49,19.9,1022.6,20.869387755102043,1,No,0
CUST-06953,0,High-Value Long-Term Power Users,48,107.4,5121.3,106.69375000000001,6,Yes,1
CUST-06954,2,High-Spend At-Risk Onboarders,13,82.0,1127.2,86.70769230769231,3,Yes,1
CUST-06955,1,New Low-Spend Basic Customers,15,19.8,309.4,20.626666666666665,1,No,0
CUST-06956,1,New Low-Spend Basic Customers,12,45.05,523.1,43.59166666666667,1,No,0
CUST-06957,0,High-Value Long-Term Power Users,67,64.55,4250.1,63.43432835820896,5,No,0
CUST-06958,2,High-Spend At-Risk Onboarders,9,86.25,770.5,85.61111111111111,3,No,0
CUST-06959,1,New Low-Spend Basic Customers,13,19.75,246.7,18.976923076923075,1,No,0
CUST-06960,2,High-Spend At-Risk Onboarders,38,89.1,3342.0,87.94736842105263,3,No,0
CUST-06961,0,High-Value Long-Term Power Users,42,95.55,3930.6,93.58571428571429,5,No,0
CUST-06962,2,High-Spend At-Risk Onboarders,24,75.4,1747.85,72.82708333333333,2,Yes,1
CUST-06963,2,High-Spend At-Risk Onboarders,27,101.25,2754.45,102.01666666666667,5,Yes,1
CUST-06964,2,High-Spend At-Risk Onboarders,9,102.6,897.75,99.75,6,No,0
CUST-06965,3,Loyal Low-Spend Long-Termers,49,56.3,2780.6,56.7469387755102,4,No,0
CUST-06966,0,High-Value Long-Term Power Users,61,94.2,5895.45,96.6467213114754,6,No,0
CUST-06967,3,Loyal Low-Spend Long-Termers,50,43.05,2208.05,44.161,3,No,0
CUST-06968,2,High-Spend At-Risk Onboarders,25,89.5,2196.15,87.846,4,Yes,1
CUST-06969,2,High-Spend At-Risk Onboarders,22,74.4,1692.6,76.93636363636364,2,Yes,1
CUST-06970,1,New Low-Spend Basic Customers,1,20.5,20.5,20.5,1,Yes,1
CUST-06971,2,High-Spend At-Risk Onboarders,4,74.35,265.35,66.3375,2,Yes,1
CUST-06972,2,High-Spend At-Risk Onboarders,18,99.75,1836.25,102.01388888888889,5,Yes,1
CUST-06973,0,High-Value Long-Term Power Users,56,111.95,6418.9,114.62321428571428,7,Yes,1
CUST-06974,0,High-Value Long-Term Power Users,53,94.0,4871.45,91.91415094339622,5,No,0
CUST-06975,0,High-Value Long-Term Power Users,51,98.85,4947.55,97.0107843137255,5,No,0
CUST-06976,2,High-Spend At-Risk Onboarders,24,64.35,1558.65,64.94375000000001,5,No,0
CUST-06977,0,High-Value Long-Term Power Users,62,72.0,4284.2,69.1,5,No,0
CUST-06978,1,New Low-Spend Basic Customers,24,49.7,1218.25,50.760416666666664,2,No,0
CUST-06979,0,High-Value Long-Term Power Users,70,80.7,5617.95,80.25642857142857,7,No,0
CUST-06980,1,New Low-Spend Basic Customers,1,24.2,24.2,24.2,0,No,0
CUST-06981,1,New Low-Spend Basic Customers,16,39.0,679.85,42.490625,2,Yes,1
CUST-06982,2,High-Spend At-Risk Onboarders,8,65.45,554.45,69.30625,4,No,0
CUST-06983,0,High-Value Long-Term Power Users,72,74.35,5237.4,72.74166666666666,6,No,0
CUST-06984,2,High-Spend At-Risk Onboarders,23,83.2,2032.3,88.36086956521739,4,No,0
CUST-06985,1,New Low-Spend Basic Customers,31,25.0,789.2,25.458064516129035,0,No,0
CUST-06986,3,Loyal Low-Spend Long-Termers,37,40.2,1525.35,41.225675675675674,3,No,0
CUST-06987,2,High-Spend At-Risk Onboarders,30,94.1,2804.45,93.48166666666665,5,Yes,1
CUST-06988,0,High-Value Long-Term Power Users,35,108.35,3726.15,106.46142857142857,7,No,0
CUST-06989,2,High-Spend At-Risk Onboarders,23,69.5,1652.1,71.83043478260869,5,No,0
CUST-06990,2,High-Spend At-Risk Onboarders,20,76.0,1588.75,79.4375,5,No,0
CUST-06991,2,High-Spend At-Risk Onboarders,36,93.6,3366.05,93.5013888888889,4,No,0
CUST-06992,2,High-Spend At-Risk Onboarders,8,95.65,778.1,97.2625,4,Yes,1
CUST-06993,0,High-Value Long-Term Power Users,71,100.55,7113.75,100.19366197183099,5,No,0
CUST-06994,0,High-Value Long-Term Power Users,50,88.05,4367.35,87.34700000000001,4,Yes,1
CUST-06995,3,Loyal Low-Spend Long-Termers,43,24.45,993.15,23.096511627906978,2,No,0
CUST-06996,0,High-Value Long-Term Power Users,57,89.55,5012.35,87.93596491228071,8,No,0
CUST-06997,2,High-Spend At-Risk Onboarders,41,66.5,2728.6,66.55121951219512,4,Yes,1
CUST-06998,2,High-Spend At-Risk Onboarders,27,76.1,2093.4,77.53333333333333,2,No,0
CUST-06999,2,High-Spend At-Risk Onboarders,13,80.5,1011.8,77.83076923076922,2,No,0
CUST-07000,1,New Low-Spend Basic Customers,3,35.45,106.85,35.61666666666667,2,Yes,1
CUST-07001,3,Loyal Low-Spend Long-Termers,67,20.55,1343.4,20.050746268656717,1,No,0
CUST-07002,1,New Low-Spend Basic Customers,3,49.9,130.1,43.36666666666667,2,Yes,1
CUST-07003,0,High-Value Long-Term Power Users,64,105.4,6794.75,106.16796875,6,No,0
CUST-07004,1,New Low-Spend Basic Customers,26,35.75,1022.5,39.32692307692308,2,No,0
CUST-07005,0,High-Value Long-Term Power Users,38,95.1,3691.2,97.13684210526316,5,No,0
CUST-07006,1,New Low-Spend Basic Customers,23,19.3,486.2,21.139130434782608,1,No,0
CUST-07007,0,High-Value Long-Term Power Users,40,104.5,4036.85,100.92125,6,Yes,1
CUST-07008,0,High-Value Long-Term Power Users,72,63.1,4685.55,65.07708333333333,6,No,0
CUST-07009,2,High-Spend At-Risk Onboarders,3,75.05,256.25,85.41666666666667,2,Yes,1
CUST-07010,2,High-Spend At-Risk Onboarders,23,81.0,1917.1,83.35217391304347,3,Yes,1
CUST-07011,2,High-Spend At-Risk Onboarders,1,74.45,74.45,74.45,2,Yes,1
CUST-07012,2,High-Spend At-Risk Onboarders,4,60.4,272.15,68.0375,4,Yes,1
CUST-07013,0,High-Value Long-Term Power Users,62,84.95,5150.55,83.0733870967742,7,No,0
CUST-07014,0,High-Value Long-Term Power Users,40,93.4,3756.4,93.91,5,No,0
CUST-07015,0,High-Value Long-Term Power Users,41,89.2,3645.75,88.92073170731707,4,No,0
CUST-07016,2,High-Spend At-Risk Onboarders,34,85.2,2874.45,84.54264705882352,3,No,0
CUST-07017,1,New Low-Spend Basic Customers,1,49.95,49.95,49.95,2,No,0
CUST-07018,3,Loyal Low-Spend Long-Termers,51,20.65,1020.75,20.014705882352942,1,No,0
CUST-07019,2,High-Spend At-Risk Onboarders,1,70.65,70.65,70.65,1,Yes,1
CUST-07020,3,Loyal Low-Spend Long-Termers,39,20.15,826.0,21.17948717948718,1,No,0
CUST-07021,1,New Low-Spend Basic Customers,12,19.2,239.0,19.916666666666668,1,No,0
CUST-07022,2,High-Spend At-Risk Onboarders,12,59.8,727.8,60.65,3,Yes,1
CUST-07023,0,High-Value Long-Term Power Users,72,104.95,7544.3,104.78194444444445,6,No,0
CUST-07024,0,High-Value Long-Term Power Users,63,103.5,6479.4,102.84761904761905,6,No,0
CUST-07025,0,High-Value Long-Term Power Users,44,84.8,3626.35,82.41704545454546,4,No,0
CUST-07026,2,High-Spend At-Risk Onboarders,18,95.05,1679.4,93.30000000000001,5,No,0
CUST-07027,1,New Low-Spend Basic Customers,9,44.2,403.35,44.81666666666667,1,Yes,1
CUST-07028,2,High-Spend At-Risk Onboarders,13,73.35,931.55,71.6576923076923,5,No,0
CUST-07029,0,High-Value Long-Term Power Users,68,64.1,4326.25,63.62132352941177,4,No,0
CUST-07030,1,New Low-Spend Basic Customers,6,44.4,263.05,43.84166666666667,2,No,0
CUST-07031,1,New Low-Spend Basic Customers,2,20.05,39.25,19.625,1,No,0
CUST-07032,3,Loyal Low-Spend Long-Termers,55,60.0,3316.1,60.29272727272727,4,No,0
CUST-07033,2,High-Spend At-Risk Onboarders,1,75.75,75.75,75.75,2,Yes,1
CUST-07034,2,High-Spend At-Risk Onboarders,38,69.5,2625.25,69.08552631578948,1,No,0
CUST-07035,0,High-Value Long-Term Power Users,67,102.95,6886.25,102.77985074626865,6,Yes,1
CUST-07036,2,High-Spend At-Risk Onboarders,19,78.7,1495.1,78.68947368421053,2,No,0
CUST-07037,2,High-Spend At-Risk Onboarders,12,60.65,743.3,61.94166666666666,5,No,0
CUST-07038,3,Loyal Low-Spend Long-Termers,72,21.15,1419.4,19.71388888888889,1,No,0
CUST-07039,2,High-Spend At-Risk Onboarders,24,84.8,1990.5,82.9375,7,No,0
CUST-07040,0,High-Value Long-Term Power Users,72,103.2,7362.9,102.26249999999999,6,No,0
CUST-07041,1,New Low-Spend Basic Customers,11,29.6,346.45,31.495454545454546,1,No,0
CUST-07042,2,High-Spend At-Risk Onboarders,4,74.4,306.6,76.65,2,Yes,1
CUST-07043,0,High-Value Long-Term Power Users,66,105.65,6844.5,103.70454545454545,6,No,0
